CMPD_CHEMBLID,pred_exp,smiles
CHEMBL596271,3.582189,Cn1c(CN2CCN(CC2)c3ccc(Cl)cc3)nc4ccccc14
CHEMBL1951080,-1.1296463,COc1cc(OC)c(cc1NC(=O)CSCC(=O)O)S(=O)(=O)N2C(C)CCc3ccccc23
CHEMBL1771,3.6034508,COC(=O)[C@@H](N1CCc2sccc2C1)c3ccccc3Cl
CHEMBL234951,3.3361933,OC[C@H](O)CN1C(=O)C(Cc2ccccc12)NC(=O)c3cc4cc(Cl)sc4[nH]3
CHEMBL565079,2.951581,Cc1cccc(C[C@H](NC(=O)c2cc(nn2C)C(C)(C)C)C(=O)NCC#N)c1
CHEMBL317462,3.2522235,OC1(CN2CCC1CC2)C#Cc3ccc(cc3)c4ccccc4
CHEMBL1951182,-0.35746765,COc1cc(OC)c(cc1NC(=O)CCC(=O)O)S(=O)(=O)NCc2ccccc2N3CCCCC3
CHEMBL2030960,0.13760495,CNc1cccc(CCOc2ccc(C[C@H](NC(=O)c3c(Cl)cccc3Cl)C(=O)O)cc2C)n1
CHEMBL13097,3.526681,COc1ccc(cc1)C2=COc3cc(OC)cc(OC)c3C2=O
CHEMBL1527751,2.323984,Oc1ncnc2scc(c3ccsc3)c12
CHEMBL1940306,2.0904865,CS(=O)(=O)c1ccc(Oc2ccc(cc2)C#C[C@]3(O)CN4CCC3CC4)cc1
CHEMBL578201,2.7210186,C[C@H](Nc1nc(Nc2cc(C)[nH]n2)c(C)nc1C#N)c3ccc(F)cn3
CHEMBL276218,-0.20347762,O=C1CCCCCN1
CHEMBL2153181,2.0247753,CCCSc1ncccc1C(=O)N2CCCC2c3ccncc3
CHEMBL1916276,1.6141951,CC1CCCCC1NC(=O)c2cnn(c2NS(=O)(=O)c3ccc(C)cc3)c4ccccc4
CHEMBL93884,3.3062596,Nc1ccc(cc1)c2nc3ccc(O)cc3s2
CHEMBL2171986,1.735554,COc1ccc(cc1)N2CCN(CC2)C(=O)[C@@H]3CCCC[C@H]3C(=O)NCC#N
CHEMBL190044,4.0236807,CCC(COC(=O)c1cc(OC)c(OC)c(OC)c1)(N(C)C)c2ccccc2
CHEMBL469790,3.1294107,COc1cc(ccc1N2CC[C@@H](O)C2)N3N=Nc4cc(sc4C3=O)c5ccc(Cl)cc5
CHEMBL2165055,0.539212,CO[C@H]1CN(CCN2C(=O)C=Cc3ccc(cc23)C#N)CC[C@H]1NCc4ccc5OCC(=O)Nc5n4
CHEMBL322479,2.770816,CC(C)(CCCCCOCCc1ccccc1)NCCc2ccc(O)c3nc(O)sc23
CHEMBL2036736,2.469923,Clc1ccc(cc1)C(=O)Nc2oc(nn2)C(=O)Nc3ccc(cc3)N4CCOCC4
CHEMBL2179291,3.2171295,COc1ccc(Oc2cccc(CN3CCCC(C3)N4C=C(C)C(=O)NC4=O)c2)cc1
CHEMBL2158823,2.0222545,OC(=O)c1cccc(c1)N2CCC(CN3CCC(CC3)Oc4ccc(Cl)c(Cl)c4)CC2
CHEMBL641,0.9818014,CNCC[C@@H](Oc1ccccc1C)c2ccccc2
CHEMBL1289785,3.4524727,Clc1ccc(N2CCN(CC2)C(=O)CCCc3ccncc3)c(Cl)c1
CHEMBL1381135,1.6359358,COc1cnc(nc1N(C)C)c2ccccn2
CHEMBL528217,3.4965787,C(CCCCNc1cc(nc2ccccc12)c3ccccc3)CCCNc4cc(nc5ccccc45)c6ccccc6
CHEMBL2177621,0.7924063,CSc1c(cnn1c2ccc(cc2)C(=O)O)C(=O)NC3C4CC5CC(CC3C5)C4
CHEMBL475386,1.2363808,CNC1=Nc2ncccc2C(=NC1c3cccs3)c4occn4
CHEMBL2325699,2.869851,CS(=O)(=O)C1(CC1)c2cc(nc(n2)c3cccc4[nH]ccc34)N5CC6CCC(C5)O6
CHEMBL2010845,3.2167716,CN([C@@H]1CCN(Cc2ccc(cc2)C(F)(F)F)C[C@@H]1F)C(=O)Cc3ccc(cc3)n4cnnn4
CHEMBL103,3.5063536,CC(=O)[C@H]1CC[C@H]2[C@@H]3CCC4=CC(=O)CC[C@]4(C)[C@H]3CC[C@]12C
CHEMBL2208428,2.5389786,CS(=O)(=O)c1ccccc1C(=O)NC[C@@H](O)CN2CCC(CC2)Oc3ccc(Cl)c(Cl)c3
CHEMBL1796293,2.6071622,O=C(NCc1ccncc1)c2ccc(Oc3ccccc3C#N)cc2
CHEMBL1557436,3.4190807,CN(C)c1ccnc2sc(C(=O)NCc3ccccc3)c(N)c12
CHEMBL2031236,2.1042793,CN1CCN(CC1)c2ccc3N=CN(C(=O)c3c2)c4cc(NC(=O)c5cscn5)ccc4C
CHEMBL2087849,4.0149827,Cn1cncc1c2c3C(=O)N(CC4CC4)C(=O)N(CC5CC5)c3nn2Cc6ccnc7ccc(Cl)cc67
CHEMBL1235773,2.694554,COc1ccc2ncc(C#N)c(CCN3CCC(CC3)NCc4cc5SCOc5cn4)c2c1
CHEMBL339051,2.6225219,CNC(=O)C1(CCN(CC[C@H](CN(C)C(=O)c2c(OC)c(cc3ccccc23)C#N)c4ccc(Cl)c(Cl)c4)CC1)N5CCCCC5=O
CHEMBL168899,1.325653,OB1N(C(=O)Nc2ccccc12)c3ccccc3
CHEMBL517,-0.2924173,CC(C)N(CCC(C(=O)N)(c1ccccc1)c2ccccn2)C(C)C
CHEMBL578288,3.078093,NC(=NC#N)c1sc(Nc2ccccc2)nc1N
CHEMBL1778648,0.20477128,CCS(=O)(=O)c1ccc(c(C)c1)c2cc(ccc2O[C@H](C)C(=O)O)C(F)(F)F
CHEMBL1778635,0.018742085,OC(=O)COc1ccc(cc1c2cc(ccc2F)C#N)C(F)(F)F
CHEMBL1234354,2.263237,COc1ccc(cn1)C2=Cc3c(C)nc(N)nc3N([C@@H]4CC[C@H](CC4)OCCO)C2=O
CHEMBL1550278,3.4383836,CC(Nc1ncnc2ccccc12)c3ccccc3
CHEMBL1096,1.0922295,CC(C)c1ccc2Oc3nc(N)c(cc3C(=O)c2c1)C(=O)O
CHEMBL1807822,2.1710343,O[C@@H](CNCCCOCCOCCc1cccc2ccccc12)c3ccc(O)c4NC(=O)Sc34
CHEMBL1310086,3.045619,COc1ccccc1Cn2c(C)nc3ccccc23
CHEMBL373364,2.5943263,OC(=O)c1ccc(NC(=O)c2cc(OCc3ccccc3F)cc(OCc4ccccc4F)c2)nc1
CHEMBL484901,-0.99723625,NC(Cc1c[nH]c2ccccc12)C(=O)O
CHEMBL1233652,2.437219,OC(=O)CCC[C@H]1[C@@H](Cc2ccccc12)NC(=O)c3cc4cc(F)ccc4[nH]3
CHEMBL2059196,-0.78530455,CCNC(=O)c1cc2c(c(cnc2[nH]1)c3cncc(c3)C(=O)O)n4ccc(n4)C(F)(F)F
CHEMBL1934414,1.9180816,C[C@H](NC(=O)c1c(C)nn(C2CCCC2)c1NS(=O)(=O)c3ccc(C)cc3)C(C)(C)C
CHEMBL1415894,3.6807704,N(c1ccccc1)c2cc(Nc3ccccc3)[nH]n2
CHEMBL2335875,3.0034978,COCCNC(=O)c1cccc(Nc2ncc3cc(ccc3n2)c4ccncc4)c1
CHEMBL1916269,0.3379196,CCC(CC)NC(=O)c1cnn(C)c1NS(=O)(=O)c2ccc(C)cc2
CHEMBL1224139,1.9327662,NC(=O)c1cc(F)cc(O[C@H]2C[C@H]3CC[C@@H](C2)N3Cc4ccccc4)c1
CHEMBL1082812,2.0051746,O=C1NC(=NC(=C1C#N)c2ccccc2)SCCc3ccccc3
CHEMBL12980,1.4307673,OC(C(=O)OC1CN2CCC1CC2)(c3ccccc3)c4ccccc4
CHEMBL1412343,2.9478872,Cc1ccccc1NC(=O)CCS(=O)(=O)c2ccc(Br)s2
CHEMBL453862,2.8870335,CC(C)n1c(C)ncc1c2nc(Nc3ccc(cc3)C(=O)N(C)C)ncc2F
CHEMBL296572,3.69531,COc1cccc(c1)c2c[nH]c(n2)c3ccccc3
CHEMBL239513,2.9832187,O=C(COc1ccccc1)c2ccccc2
CHEMBL479445,1.95636,COc1cc2ncc(C(=O)N)c(Nc3ccc(F)cc3F)c2cc1NCCN(C)C
CHEMBL2152917,3.474976,CO[C@@H]1CC[C@@]2(CC1)Cc3ccc(OCC(C)C)cc3C24N=C(C)C(=N4)N
CHEMBL299672,2.9043255,COc1cc2ncnc(Nc3ccc(F)c(Cl)c3)c2cc1OCCCN4CCCC4
CHEMBL1682820,3.3593655,O=C1CCOc2cc(COc3ccccc3)ccc12
CHEMBL247367,2.8884604,Clc1cccc2cn[nH]c12
CHEMBL2010834,2.955127,CNC(=O)c1ccc(CC(=O)N(C)C2CCN(Cc3ccc(cc3)C(F)(F)F)CC2)cc1
CHEMBL1945293,-0.32449722,COCCNCc1ccc(CCNC[C@H](O)c2ccc(O)c3NC(=O)Sc23)cc1
CHEMBL1652588,3.3757792,Cn1cncc1c2c3C(=O)N(CC#C)C(=O)N(CC4CC4)c3nn2Cc5ccnc6ccc(Cl)cc56
CHEMBL190812,2.9108012,C[C@H](NC(=O)c1cccnc1Oc2ccccc2)c3ccccc3
CHEMBL235392,2.1174116,Clc1ccc(CN2CC3CNCC(C2)O3)cc1C(=O)NCC45CC6CC(CC(C6)C4)C5
CHEMBL62193,0.30979884,COc1cc(NS(=O)(=O)c2ccc(N)cc2)nc(OC)n1
CHEMBL1784338,1.5981956,Cc1cc(CCC2CCN(CC2)S(=O)(=O)CC3(CCOCC3)N(O)C=O)c(C)cn1
CHEMBL1650698,2.651477,C[C@H](Nc1ncc(F)c(Nc2cc([nH]n2)C3CC3)n1)c4ncc(F)cn4
CHEMBL2062583,2.5098891,CC(=O)Nc1ccc2c(c1)c(cn2CCCO)c3cc(NC4CC4)n5ncc(C#N)c5n3
CHEMBL4,-0.25732398,CC1COc2c(N3CCN(C)CC3)c(F)cc4C(=O)C(=CN1c24)C(=O)O
CHEMBL2158534,2.2769163,CC1(CC1)c2nc(ncc2C(=O)N[C@@H]3C4CC5CC3C[C@@](O)(C5)C4)N6CCOCC6
CHEMBL492234,2.7074752,COC(=O)c1ccc(C)c(NS(=O)(=O)c2ccc3N(C)SC(=O)c3c2)c1
CHEMBL131921,3.5110378,COc1ccc(cc1)C2=COc3cc(O)cc(O)c3C2=O
CHEMBL21731,1.109065,CNCCCC12CCC(c3ccccc13)c4ccccc24
CHEMBL346528,0.8761704,Oc1cc(nc2ccnn12)c3ccccc3
CHEMBL133501,2.3419065,Fc1cc(cc(F)c1C2=CCN(CC2)C=O)N3C[C@H](COc4ccon4)OC3=O
CHEMBL2087854,3.588585,CC(C#C)N1C(=O)N(CC2CC2)c3nn(Cc4ccnc5ccc(Cl)cc45)c(c3C1=O)c6cncn6C
CHEMBL1689126,0.44729733,C[C@H]1CN(Cc2cc(Cl)ccc2OCC(=O)O)CCN1C(=O)Cc3ccccc3
CHEMBL1650728,2.7634356,COc1cc(Nc2nc(N[C@@H](C)c3ncc(F)cn3)ncc2Br)n[nH]1
CHEMBL2178942,1.31446,Cc1nc(C)c(nc1C(=O)N)c2ccc([C@@H]3CC[C@@H](CC(=O)O)CC3)c(F)c2
CHEMBL1800528,2.4591422,COc1ccnc(CCc2nc3c(C)ccnc3[nH]2)c1
CHEMBL143305,3.6138377,Cc1cc(CCCOc2c(Cl)cc(cc2Cl)C3=NCCO3)on1
CHEMBL2326481,1.4132757,CN(C)C(=O)c1ccc(CN2CCc3cc4nc(N)sc4cc3CC2)cc1
CHEMBL15245,1.7849687,COC(=O)[C@H]1[C@@H](O)CC[C@H]2CN3CCc4c([nH]c5ccccc45)[C@@H]3C[C@H]12
CHEMBL1852688,2.7169662,CCN1CCN(CC1)c2ccc(Nc3cc(ncn3)N(C)C(=O)Nc4c(Cl)c(OC)cc(OC)c4Cl)cc2
CHEMBL2171169,1.782985,CC(C)N(CCCNC(=O)Nc1ccc(cc1)C(C)(C)C)C[C@H]2O[C@H]([C@H](O)[C@@H]2O)n3cnc4c(N)ncnc34
CHEMBL2216830,2.424868,CCN(CC)CCCCNc1ncc2CN(C(=O)N(Cc3cccc(NC(=O)C=C)c3)c2n1)c4c(Cl)c(OC)cc(OC)c4Cl
CHEMBL381098,4.4017887,CCSc1c(Cc2ccccc2C(F)(F)F)sc3N(CC(C)C)C(=O)N(C)C(=O)c13
CHEMBL284275,0.59607136,COc1ccc(Cc2c(N)n[nH]c2N)cc1
CHEMBL2177167,2.8020308,CCN(CCN(C)C)S(=O)(=O)c1ccc(cc1)c2cnc(N)c(n2)C(=O)Nc3cccnc3
CHEMBL2331746,1.5764798,CC1=CN([C@H]2CCCN(C2)S(=O)(=O)c3ccc(O)c(Oc4ccccc4)c3)C(=O)NC1=O
CHEMBL1712280,3.736333,C1Oc2ccccc2C3=NN(CC13)c4ccccc4
CHEMBL1790041,-0.9840996,CNC(=C[N+](=O)[O-])NCCSCc1oc(CN(C)C)cc1
CHEMBL1184060,1.7667012,CC(C)CC(N1NC(=O)c2nc3cc(Cl)ccc3c(O)c2C1=O)c4ccncc4
CHEMBL1502799,2.112976,FC(F)c1nc2ccccc2[nH]1
CHEMBL2208436,2.2882848,O[C@@H](CNC1CCN(Cc2ccc(Cl)c(Cl)c2)CC1)COc3cccc(c3)C#N
CHEMBL480445,2.2733517,COc1cc2ncc(C(=O)N)c(Nc3ccc(F)cc3F)c2cc1N4CCN(C)CC4
CHEMBL1392670,3.667214,Oc1ccccc1OC(=O)c2cccc3ccccc23
CHEMBL1455477,3.3405983,COc1ccccc1CNc2cc(C)ccn2
CHEMBL1939414,2.68317,Nc1nc(Nc2cccc(Br)c2)c3nc[nH]c3n1
CHEMBL1617016,3.2255406,Nc1c2CCN(c3ccccc3)c2nc4ccc(Br)cc14
CHEMBL2207600,0.24459791,COc1cc(OC)c(cc1NC(=O)CCC(=O)O)S(=O)(=O)N(c2ccc(C)cc2)c3ccc(C)cc3
CHEMBL244213,2.8694782,OC(C(=O)c1ccc(F)cc1)c2ccc(F)cc2
CHEMBL404957,1.2296808,CC(C)C[C@H](N)c1oc(nn1)S(=O)(=O)Cc2ccc(F)cc2
CHEMBL520252,3.440548,CC(C)COc1cccc(c1)C(=O)Nc2ccc(C)c(c2)C(=O)Nc3cccnc3
CHEMBL190747,3.533591,COc1ccc(OC)c(CNC(=O)c2cccnc2Oc3ccccc3)c1
CHEMBL1079175,2.1952138,NC1(CCC1)c2ccc(cc2)c3nc4C=CN5C(=O)NN=C5c4cc3c6ccccc6
CHEMBL1499868,4.1835604,CC(C(Cc1nc2ccccc2[nH]1)c3nc4ccccc4[nH]3)c5ccccc5
CHEMBL1824042,1.521252,Clc1ccc2OCC(=O)N(CCN3CCC(CC3)NCc4ccc5OCC(=O)Nc5n4)c2c1
CHEMBL2158827,2.016086,OC(=O)Cc1ccc(cc1)N2CCC(CN3CCC(CC3)Oc4ccc(Cl)c(Cl)c4)CC2
CHEMBL520925,3.1931062,COc1cc2ncc(C(=O)N)c(Nc3cccc(Cl)c3F)c2cc1OC
CHEMBL181502,3.4036694,CN(C1CCN(CCC(c2ccccc2)c3ccccc3)CC1)C(=O)C4CCC4
CHEMBL1962631,-0.5951283,NC(=N)NC(=O)c1nc(Cl)c(NCc2ccccn2)nc1N
CHEMBL470915,3.2169976,Nc1c(NC2CC3CCC2C3)nc(nc1N4CCOCC4)C#N
CHEMBL1163803,3.9697044,CCN(C1CCN(CCC(c2ccccc2)c3ccccc3)CC1)C(=O)NCc4c(F)cccc4F
CHEMBL598194,2.8134274,NC1(CCN(CC1)c2ncnc3[nH]ccc23)C(=O)NCc4ccc(Cl)cc4
CHEMBL42,2.5236144,CN1CCN(CC1)C2=Nc3cc(Cl)ccc3Nc4ccccc24
CHEMBL2178954,1.03575,Cc1ncc(nc1C(=O)N)c2ccc(cc2)[C@@H]3CC[C@@H](CC(=O)O)CC3
CHEMBL373250,2.6088824,Cn1ncnc1COc2nn3c(nnc3cc2C(C)(C)C)c4cc(F)ccc4F
CHEMBL1169388,1.9054905,CNCC[C@H](Oc1ccc(cc1)C(F)(F)F)c2ccccc2
CHEMBL2171046,2.1955068,Cc1ccc(cc1)S(=O)(=O)NC(=O)N2CCC(CC2)N3CCC(CC3)Oc4ccc(Cl)cc4Cl
CHEMBL144960,3.3448153,O=C1C=COc2cc(OCc3ccccc3)ccc12
CHEMBL271023,0.9109981,[O-][S+](c1ccccc1)c2ccc3nnnn3n2
CHEMBL90531,3.3108768,[O-][N+](=O)c1ccc2OC(CN(c2c1)c3cccc[n+]3[O-])(C(F)F)C(F)F
CHEMBL645,0.22163129,CC(C)NCC(O)COc1ccc(COCCOC(C)C)cc1
CHEMBL2178950,0.29767835,Cc1ncc(nc1c2ccc(cc2)[C@@H]3CC[C@H](CC3)C(=O)O)C(=O)N
CHEMBL2178393,2.2304,Nc1nnc(CCSCCc2nnc(NC(=O)Cc3ccccc3)s2)s1
CHEMBL1809049,3.9969811,COc1cc(OC2CCN(CC2)C(=O)C)ccc1Nc3ncc(Cl)c(n3)c4cnc5ccccn45
CHEMBL1373079,3.1367044,COc1ccc(cc1)C2=CC(=O)c3ccccc3N2
CHEMBL74380,1.257912,COC1\C=C\OC2(C)Oc3c(C)c(O)c4C(=O)C(=CC(=O)c4c3C2=O)NC(=O)\C(=C/C=C/C(C)C(O)C(C)C(O)C(C)C(OC(=O)C)C1C)\C
CHEMBL257600,3.8285794,CN1C(=O)N(CC2CC2)c3nn(Cc4ccnc5ccc(Cl)cc45)c(c6cc(cn6C)C#N)c3C1=O
CHEMBL1362558,1.3958299,CN1SC(=NC1=O)NC(=O)c2cccc(Cl)c2
CHEMBL2059861,2.8284144,Cc1ccc(cc1NC(=O)c2ccc(OCc3ccccn3)cc2)c4nccn4C
CHEMBL235191,0.7093979,CC(=O)Nc1ccc(cc1)C(=O)Nc2ccccc2N
CHEMBL197536,1.6423087,Oc1ccc2C(=O)C=C(Oc2c1)N3CCOCC3
CHEMBL1086580,3.3200445,Oc1nc(nc2CCSCc12)c3ccc(cc3)C(F)(F)F
CHEMBL1290331,2.69342,Clc1ccc(N2CCN(CC2)C(=O)COCc3cscn3)c(Cl)c1
CHEMBL203370,1.5278101,Oc1ccc(cc1)N2C=Nc3cc(O)ccc3C2=O
CHEMBL1945035,1.7650628,O[C@@H](CNCCc1ccccc1CNCCc2ccccc2F)c3ccc(O)c4NC(=O)Sc34
CHEMBL551360,2.776926,OCC(CO)N1C=Cc2c(NC(=O)CC34CC5CC(CC(C5)C3)C4)cccc2C1=O
CHEMBL1783284,3.6261458,COc1ccc(c(OC)n1)c2c(F)ccc3c(N)c(nnc23)C(=O)NC4CC4
CHEMBL1909734,1.0541232,Clc1ccccc1c2cnn[nH]2
CHEMBL1481866,1.6298476,NC(=O)c1ccc(Oc2cccc3cccnc23)c(c1)[N+](=O)[O-]
CHEMBL1831079,1.5848639,NC(=O)Nc1cc(sc1C(=O)N)c2cccc(O)c2
CHEMBL437,-0.123639345,Nc1ccc(cc1)S(=O)(=O)Nc2nccs2
CHEMBL272105,2.6859362,COC(=O)C1=Nc2c(N[C@H](C)CO)nc(SCc3cccc(F)c3F)nc2NC1=O
CHEMBL1940108,3.2454238,COc1cccc(NC(=O)Cn2cc(Oc3ncnc4cc(OC)c(OC)cc34)cn2)c1
CHEMBL370252,0.35474396,CC1CCc2cc(F)cc3C(=O)C(=CN1c23)C(=O)O
CHEMBL205245,1.8504214,CC(C)CN1C(=O)N(C)C(=O)c2c1sc(Cn3c(C)nc(Cl)c3Cl)c2C(=O)N4CC[C@@H](O)C4
CHEMBL2070946,1.3797437,O=C(NC1(CC1)C#N)[C@@H]2CCCC[C@H]2C(=O)N3CCN(CC3)c4ncc(C#N)s4
CHEMBL443320,-0.3707223,Cc1ccc(NC(=N)N)cc1C
CHEMBL1779497,1.4636433,Clc1ccc(cc1C(=O)NCC2CCCCC2)N3N=CC(=O)NC3=O
CHEMBL1332736,1.303138,O=C(Oc1ccccc1)N2CCOCC2
CHEMBL2070948,1.3106494,CC(C)(C#N)c1cnc(s1)N2CCN(CC2)C(=O)[C@@H]3CCCC[C@H]3C(=O)NC4(CC4)C#N
CHEMBL1732699,3.2067614,FC(F)(F)c1nnc2ccc(nn12)N3CCCCC3
CHEMBL1917433,0.27347803,Cc1c(Sc2ccc(Cl)cc2)c3c(NS(=O)(=O)C)cccc3n1CC(=O)O
CHEMBL2141746,1.4550202,CCCNC(=O)CSc1ccc(cn1)S(=O)(=O)N2CCCC2
CHEMBL256576,3.178021,C[C@@H](Oc1cccc2ncnc(Nc3ccc4c(cnn4Cc5ccccn5)c3)c12)C(=O)N6CCOCC6
CHEMBL87388,3.3540215,COc1ccc(Cn2cc3N(CC(C)C)C(=O)N(C)C(=O)c3c2)cc1
CHEMBL150606,3.2137494,COc1cc2c(Nc3ccc(Cl)cc3F)ncnc2cc1OCCn4cncn4
CHEMBL8809,1.2459769,CCN1CCC[C@H]1CNC(=O)c2c(O)c(Cl)cc(Cl)c2OC
CHEMBL1233655,0.71192753,CC(=O)Nc1nc(C)c(s1)c2cnc(F)c(NS(=O)(=O)c3sc(C)nc3C)c2
CHEMBL384962,1.7796118,Cc1ccc2c(c1)c(c(C)n2CC(=O)O)c3ccnc4ccc(cc34)C(F)(F)F
CHEMBL1542764,1.9509577,CSc1ncccc1C(=O)Nc2nccs2
CHEMBL2181927,2.2641976,CCOc1ncc(C)c2NC(=C([C@@H](c3ccc(cc3OC)C#N)c12)C(=O)N)C
CHEMBL2334590,2.5778384,Cc1nc2ccc(Cl)cn2c1c3ccnc(N)n3
CHEMBL1480987,3.6320786,CC1CC(CC(C)(C)C1)OC(=O)C(O)c2ccccc2
CHEMBL2335898,3.006884,C[C@@H](NC(=O)C1CCCCN1C)c2ccc(Nc3ncc4cc(ccc4n3)c5ccncc5)cc2
CHEMBL401193,4.210843,CN(C)C(=O)CN1CCN(CCc2c([nH]c3sc(cc23)C(C)(C)C(=O)N4C5CCC4CC5)c6cc(C)cc(C)c6)CC1
CHEMBL1950851,1.6990471,CN[C@@H](C)C(=O)N[C@H](C(=O)N[C@H]1CCCN(CCc2ccc(F)cc2)C1)C(C)(C)C
CHEMBL2035030,1.9663974,NC1(CCC1)c2ccc(cc2)c3ncc4ccncc4c3c5ccccc5
CHEMBL111955,1.3033662,CC(C)C(NC(=O)CN1C(=O)C(=CC=C1c2ccccc2)NS(=O)(=O)C)C(=O)C(F)(F)F
CHEMBL316388,1.5146608,C[C@@H]1CN([C@@H](C)CN1C(=O)c2ccc(cc2)C#N)C(=O)[C@@](C)(O)C(F)(F)F
CHEMBL248380,2.4407375,CCOc1ccccc1c2ccc(cc2)c3nc4ccc(F)cc4c(N[C@H](C)C(=O)O)c3C#N
CHEMBL235581,1.8638842,Clc1ccc(CC2CCNCC2)cc1C(=O)NCC34CC5CC(CC(C5)C3)C4
CHEMBL1682940,3.1712334,CC[C@H](NC(=O)c1c(c(nc2ccccc12)c3ccccc3)S(=O)(=O)C)c4ccccc4
CHEMBL1471868,3.5037248,Fc1ccc(NC(=O)c2cccnc2Oc3ccccc3)cc1
CHEMBL1076211,1.7177421,CC(CN1CCCCC1)C(=O)c2ccc(C)cc2
CHEMBL1951022,3.005813,CC(C)OC(=O)N1CCC(CC1)Oc2ncnc(Nc3ccc(nc3C)S(=O)(=O)C)c2C
CHEMBL1987793,3.0061533,Cc1ccccc1c2c(C(=O)O)n(CCCOc3cccc4ccccc34)c5ccccc25
CHEMBL1947155,2.358856,C[C@@H](NCc1ccccc1c2ccc(CCNC[C@H](O)c3ccc(O)c4NC(=O)Sc34)cc2)c5ccccc5
CHEMBL1939418,2.704543,Nc1nc(Nc2ccc(F)c(Cl)c2)c3nc[nH]c3n1
CHEMBL398295,3.7063131,CCCSc1nc(N[C@@H]2C[C@H]2c3ccccc3)c4nnn([C@@H]5C[C@H](O)[C@@H](O)[C@H]5O)c4n1
CHEMBL174107,-0.7585616,CSc1ccc(cc1)N2C(=NC(=NC2(C)C)N)N
CHEMBL2089280,1.5512748,C[C@@H]1N[S@@](=O)(=NC1=O)c2cccc(c2)c3ccc(C)cc3
CHEMBL139347,2.222674,Nc1nc(N)nc(n1)c2cccc(c2)C(F)(F)F
CHEMBL1623,4.0207405,Cc1cccc(CN2CCN(CC2)C(c3ccccc3)c4ccc(Cl)cc4)c1
CHEMBL2171034,2.103828,Fc1ccc(cc1)S(=O)(=O)NC(=O)N2CCC(CC2)N3CCC(CC3)Oc4ccc(Cl)c(Cl)c4
CHEMBL1689115,0.4353087,OC(=O)COc1ccc(Cl)cc1CN2CCCN(CC2)S(=O)(=O)Cc3ccccc3
CHEMBL1628691,3.532229,Clc1cccc(c1Cl)n2nnnc2NCc3ccccc3Oc4ccccn4
CHEMBL1515447,2.4905167,CN1CCCN(CC1)C(c2ccccc2)c3ccc(Cl)cc3
CHEMBL559968,1.9805955,Clc1ccccc1CCNC(=O)c2cc(ccc2Cl)N3N=CC(=O)NC3=O
CHEMBL1180299,0.7000792,Clc1ccc2C(=O)C3=C(Nc2c1)C(=O)NN(Cc4ccccn4)C3=O
CHEMBL2335897,2.26955,C[C@@H](NC(=O)[C@H]1CCCCN1)c2ccc(Nc3ncc4cc(ccc4n3)c5ccncc5)cc2
CHEMBL204476,1.9387882,CC(C)CN1C(=O)N(C)C(=O)c2c1sc(Cc3cccc4ncccc34)c2C(=O)N5CC[C@@H](O)C5
CHEMBL2164680,3.3303869,C[C@H](NC(=O)[C@@H]1CCCC[C@H]1C(=O)N2CCc3[nH]c4ccc(F)cc4c3C2)C#N
CHEMBL109396,1.4287301,CC(C)C(NC(=O)CN1C(=O)C(=CC=C1c2ccccc2)NS(=O)(=O)N)C(=O)C(F)(F)F
CHEMBL551765,2.3540688,OC(=O)C1CCN(CC1)c2ncccc2c3ccc(Cl)c(c3)C(=O)NCC4CCCCCC4
CHEMBL14690,1.2070339,Clc1ccc(CNC(=N)SCCCc2c[nH]cn2)cc1
CHEMBL2089276,1.9045948,Cc1ccc(cc1)c2cccc(c2)c3nn[nH]n3
CHEMBL1917461,0.6485852,Cc1ccc2c(n1)c(Sc3ccc(Cl)cc3)c(C)n2CC(=O)O
CHEMBL366080,2.007907,CN(C1CCN(C)CC1)c2nccc(Nc3cc(NC(=O)c4ccnc(c4)N5CCOCC5)ccc3C)n2
CHEMBL306262,3.0137198,CCCCCC[C@H]1OC(=O)CNC(=O)[C@H](NC(=O)[C@H](CO)NC(=O)[C@@H](NC(=O)[C@H](CC(C)C)N(C)C(=O)[C@@H]1C)[C@H](C)CC)[C@H](C)O
CHEMBL1950724,0.7593261,CN[C@@H](C)C(=O)N[C@@H](C1CCCCC1)C(=O)N[C@H]2CCN(C2)C(=O)c3ccccc3
CHEMBL2059864,3.1163082,Cc1cnc([nH]1)c2ccc(C)c(NC(=O)c3ccc(OCc4ccccn4)cc3)c2
CHEMBL1165028,3.1434488,O=C(NCCSCc1ccccc1)c2ccccc2
CHEMBL2158836,2.4615705,OC(=O)[C@@H](Cc1ccccc1)N2CCC(CN3CCC(CC3)Oc4ccc(Cl)c(Cl)c4)CC2
CHEMBL205807,2.2375724,CC(C)CN1C(=O)N(C)C(=O)c2c1sc(Cc3c[nH]c4ccccc34)c2C(=O)N5CC[C@@H](O)C5
CHEMBL576068,1.9635758,C[C@H](Nc1cnc(C)c(Nc2cc(C)[nH]n2)n1)c3ccc(F)cn3
CHEMBL142715,3.9577656,C(CN1CCCCC1)C2CCc3cc(OCc4ccc(cc4)c5ccccc5)ccc3C2
CHEMBL409493,2.1303957,Nc1ccccc1NC(=O)c2ccc(cc2)C3CCN(Cc4ccc(cc4)C(=O)NC5CC5)CC3
CHEMBL1945297,2.610135,CC(Cc1cccc(CNCCc2c(Cl)cccc2Cl)c1)NC[C@H](O)c3ccc(O)c4NC(=O)Sc34
CHEMBL2321991,0.97566473,OCC[C@@]1(CCCNC1)c2ccc(Cl)c(Cl)c2
CHEMBL2164670,3.4967108,COc1ccccc1C(NC(=O)[C@@H]2CCCC[C@H]2C(=O)N3CCN(Cc4ccc(F)cc4)CC3)C#N
CHEMBL182150,3.431341,CN(C)c1nc(N[C@@H]2CC[C@@H](CC2)NC(=O)c3ccc(F)c(F)c3)nc4ccccc14
CHEMBL1788268,1.9179246,CCCNC[C@@H](O)COc1ccccc1C(=O)CCc2ccccc2
CHEMBL1180288,1.0992227,Oc1c2C(=O)N(NC(=O)c2nc3cc(Cl)ccc13)C(C4CC4)c5ccncc5
CHEMBL2158792,2.4406793,Cc1cc(OC2CCN(CC3CCN(CC3)[C@@](C)(Cc4ccc(F)cc4)C(=O)O)CC2)ccc1Cl
CHEMBL490512,3.5720181,O=C(CCc1ccccc1)c2ccccc2
CHEMBL813,-1.1080346,CCCCc1ncc(\C=C(/Cc2cccs2)\C(=O)O)n1Cc3ccc(cc3)C(=O)O
CHEMBL2158835,2.553072,OC(=O)[C@H](Cc1ccccc1)N2CCC(CN3CCC(CC3)Oc4ccc(Cl)c(Cl)c4)CC2
CHEMBL75880,2.793262,C(C(C1CCCCC1)C2CCCCC2)C3CCCCN3
CHEMBL1762545,3.576067,COc1cc(Nc2nccc(n2)N(C)c3cc(CO)ccc3C)cc(c1)N4CCOCC4
CHEMBL1975242,1.586584,O=C(Nc1nc2C(=O)NC=Nc2s1)c3ccccc3
CHEMBL1682948,3.397112,CC[C@H](NC(=O)c1c([S+](C)[O-])c(nc2ccccc12)c3ccc(F)cc3)c4ccccc4
CHEMBL2331753,2.6864522,CC1=CN([C@H]2CCCN(C2)S(=O)(=O)c3ccc(O)c(Oc4cccc(c4)C(F)(F)F)c3)C(=O)NC1=O
CHEMBL74355,1.9965845,COc1cccc([C@H](O)C2CCN(CCc3ccc(F)cc3)CC2)c1OC
CHEMBL250540,2.3990815,COc1ccc2nc(N[C@H]3CCC[C@@H](C3)NCc4ccsc4)ccc2c1
CHEMBL1559730,3.0544035,CN1CCN(CC1)c2ncnc3c2sc4nc(C)cc(C)c34
CHEMBL2086650,3.5140817,CC(C)(C)OC(=O)N1CCN(CC1)c2ncc(OCc3ccc(cc3)S(=O)(=O)C)cn2
CHEMBL237616,0.8494166,O=C(COc1ccccc1)N2CCOCC2
CHEMBL1607641,1.2248862,Cc1nnsc1C(=O)Nc2ccccc2
CHEMBL1201373,1.3806169,CC[C@H](C)C(=O)O[C@H]1C[C@@H](C)C=C2C=C[C@H](C)[C@H](CC[C@@H](O)C[C@@H](O)CC(=O)O)[C@@H]12
CHEMBL2179669,-0.18223858,CC1=CN([C@H]2CCCN(Cc3ccc(C(=O)O)c(Oc4cccc(c4)C(F)(F)F)c3)C2)C(=O)NC1=O
CHEMBL1479463,2.6404386,COc1cc(O)cc2OC=C(C(=O)c12)c3ccc(O)cc3
CHEMBL976,2.3384652,O=C(C1CCCCC1)N2CC3N(CCc4ccccc34)C(=O)C2
CHEMBL1213085,3.4182978,Cc1ccccc1N2C(=Nc3cccc(C)c3C2=O)Cn4nc(c5ccc(O)c(F)c5)c6c(N)ncnc46
CHEMBL2152076,3.0411384,Nc1cc(nc2ccc(Nc3cc(nc(N)n3)c4cccc(Cl)c4)cc12)c5ccc(F)cc5
CHEMBL1467,-0.16914368,O=C1NC=Nc2[nH]ncc12
CHEMBL1934423,1.0156076,C[C@H](NC(=O)c1c(C)nn(C2CCOC2)c1NS(=O)(=O)c3ccc(C)cc3)C(C)(C)C
CHEMBL119385,2.9575698,Fc1ccc(SC2=NN3C=NC(=O)C(=C3C=C2)c4c(Cl)cccc4Cl)c(F)c1
CHEMBL1917421,2.9832428,CC(C(=O)O)n1c(C)c(Sc2ccc(Cl)cc2)c3cc(Cl)ccc13
CHEMBL207028,2.6336222,NC(=O)c1sc(cc1N)c2ccccc2
CHEMBL212777,1.5220883,Cc1ccc2c(c1)c(c(C)n2CC(=O)O)c3ccnc4cc(Cl)ccc34
CHEMBL1916532,1.8146186,COc1ccc2ncc(F)c(CCN3CCC(CC3)NCc4cc5OCCOc5cn4)c2n1
CHEMBL2041980,2.4810655,CS(=O)(=O)c1ccc(cc1)c2cnc(N)c(c2)c3ccc(nc3)C(F)(F)F
CHEMBL1682825,3.0849378,O=C1CCOc2nc(CCc3ccccc3)ccc12
CHEMBL1371,2.4017303,Clc1ccc2OC(=O)Nc2c1
CHEMBL322122,0.16985679,CC(C)C(=O)NCCNCC(O)COc1ccc(O)cc1
CHEMBL2035018,2.8766425,NC1(CCC1)c2ccc(cc2)c3nn4cccc4cc3c5ccccc5
CHEMBL1689110,0.8199316,OC(=O)COc1ccc(cc1CN2CCN(CC2)S(=O)(=O)c3ccccc3)C(F)(F)F
CHEMBL1770471,3.6631827,CSCCC(NC(=O)c1sccc1Cl)c2nc3ccccc3[nH]2
CHEMBL1738840,2.028677,COc1ccnc(CCc2nc3cccnc3[nH]2)c1
CHEMBL379787,2.8197436,[O-][N+](=O)c1cccc(c1)C(=O)Nc2nc3ccccc3n2CCN4CCOCC4
CHEMBL447426,2.3979461,CC(C)[C@@H](CO)NS(=O)(=O)c1ccc(Cl)s1
CHEMBL418822,2.3148687,CC(C)C(NC(=O)CN1C(=O)C(=CC=C1c2cccnc2)NC(=O)OCc3ccccc3)C(=O)C(F)(F)F
CHEMBL97,2.2209692,COc1ccc2nccc([C@H](O)C3CC4CCN3CC4C=C)c2c1
CHEMBL1789941,2.901372,N#CC[C@H](C1CCCC1)n2cc(cn2)c3ncnc4[nH]ccc34
CHEMBL294209,1.4590367,Clc1ccc(Cl)c(c1)S(=O)(=O)Nc2nccs2
CHEMBL2147033,3.3612158,O=C1COC2(CCN(CC2)S(=O)(=O)c3ccc(cc3)c4ccc5cnccc5c4)CN1C6CC6
CHEMBL2062561,3.2290423,COc1ccc(cc1)c2cc(Nc3ccn(C)n3)n4ncc(C#N)c4n2
CHEMBL1359777,3.4281566,Cc1cc(C(=O)CN2C=C(C=CC2=O)C(F)(F)F)c(C)n1Cc3ccccc3
CHEMBL47361,3.902615,Oc1ccc2nc(sc2c1)c3ccccc3
CHEMBL168552,1.5414033,NS(=O)(=O)c1nc2ccccc2s1
CHEMBL1778642,-0.3576138,CS(=O)(=O)c1ccc(c(Cl)c1)c2cc(Cl)ccc2OCC(=O)O
CHEMBL249789,4.1633964,OC[C@H]1C[C@H]([C@H](O)[C@@H]1O)n2nnc3c(N[C@@H]4C[C@H]4c5ccc(F)c(F)c5)nc(SCCC(F)(F)F)nc23
CHEMBL59956,2.143902,NC(=O)c1ccccc1OCc2ccccc2
CHEMBL2142704,0.54905915,CC1CC(=O)Nc2ccccc2N1
CHEMBL1068,1.2305236,NC(=O)N1c2ccccc2CC(=O)c3ccccc13
CHEMBL250961,3.7813988,Cc1ccc(F)cc1S(=O)(=O)N[C@@H]2CCN(Cc3ccc(cc3)c4ccccc4)C2
CHEMBL1300982,3.343104,COc1ccc(cc1OC)C2=COc3cc(O)cc(O)c3C2=O
CHEMBL1917436,1.1083229,CC(=O)Nc1ccc2c(c1)c(Sc3ccc(Cl)cc3)c(C)n2CC(=O)O
CHEMBL1682822,3.3560562,O=C1CCOc2nc(ccc12)C#CC3CCCC3
CHEMBL654,2.649447,CN1CCN2C(C1)c3ccccc3Cc4cccnc24
CHEMBL499028,0.68207467,COc1ccccc1c2nnc(N)[nH]2
CHEMBL2171993,1.7544384,COc1ccc(cc1OC)N2CCN(CC2)C(=O)[C@@H]3CCCC[C@H]3C(=O)NC4(CC4)C#N
CHEMBL198114,2.0766394,CCN(C1CCN(CCC(c2ccccc2)c3ccc(NS(=O)(=O)C)cc3)CC1)C(=O)Cc4ccc(cc4)S(=O)(=O)C
CHEMBL1807823,0.42385757,O[C@@H](CNCCSCCCNCCc1ccccc1)c2ccc(O)c3NC(=O)Sc23
CHEMBL2057372,1.2129235,CC(C)(C)NS(=O)(=O)c1cncc(c1)c2ccc3nc(NC(=O)NCC(=O)N4CCOCC4)nn3c2
CHEMBL1682957,3.7003798,CC[C@H](NC(=O)c1c([S+]([O-])C(C)C)c(nc2ccccc12)c3ccccc3)c4ccccc4
CHEMBL1951076,2.294423,COc1cc(OC)c(cc1NC(=O)COC(=O)C)S(=O)(=O)N2C(C)CCc3ccccc23
CHEMBL575448,3.846695,C[C@]1(CCCN1c2nc(Nc3cc([nH]n3)C4CC4)c5cccn5n2)C(=O)Nc6ccc(F)nc6
CHEMBL1886726,1.8630366,CC1CN(C(=O)c2ccccc2)c3ccccc3NC1=O
CHEMBL474432,1.2584081,COc1cc2ncn(c3cc(OCc4ccccc4C(F)(F)F)c(s3)C(=O)O)c2cc1OC
CHEMBL1807871,1.921442,O[C@@H](CNCCCSCCNCCc1cccc(Cl)c1Cl)c2ccc(O)c3NC(=O)Sc23
CHEMBL2078873,1.2727752,NC(=O)Nc1cc(sc1C(=O)N[C@H]2CCCNC2)c3cccc(F)c3F
CHEMBL335744,3.1074467,CC(C)C(=O)Nc1nc(cc2ccccc12)c3ccccn3
CHEMBL585,1.4513526,Nc1nc(N)c2nc(c(N)nc2n1)c3ccccc3
CHEMBL74582,3.0812633,C[C@@](O)(C(=O)Nc1ccc(cc1Cl)S(=O)(=O)NCC=C)C(F)(F)F
CHEMBL1783119,3.374765,COc1ccc(cc1)C(=O)NCc2cn(nn2)c3cc(C)nc4ccc(OC)cc34
CHEMBL322271,2.237218,Oc1ccc(CCNCCCS(=O)(=O)NCCOCCc2cccc(Cl)c2)c3sc(O)nc13
CHEMBL660,-0.9058671,NC12CC3CC(CC(C3)C1)C2
CHEMBL2325726,1.6682477,CNC(=O)c1cc(c2nc(cc(n2)C3(CC3)S(=O)(=O)C)N4CCOCC4)c5cc[nH]c5c1
CHEMBL358816,0.9687562,O=C1Nc2ccccc2C(=O)C=C1
CHEMBL216981,2.0790277,CC[C@@H](NC1=C(Nc2cccc(C(=O)N(C)C)c2O)C(=O)C1=O)c3oc(C)cc3
CHEMBL2346972,2.7519555,Fc1ccc(CN2CCN(CC2)C3=Nn4c(CC3)nnc4C(F)(F)F)cc1
CHEMBL2036739,3.5380254,Clc1ccc(cc1)C2(CCCC2)C(=O)Nc3oc(nn3)C(=O)Nc4ccc(cc4)N5CCOCC5
CHEMBL44722,3.7473772,CC[C@H](NC(=O)c1c(CN(C)C)c(nc2ccccc12)c3ccccc3)c4ccccc4
CHEMBL1939749,2.2867053,CCOC(=O)Nc1cccc(c1)[C@H](N2CCN(Cc3nc[nH]c3C)CC2)c4ccc(cc4)C(=O)N(C)CC
CHEMBL175296,2.545454,Nc1nc(cs1)c2ccccc2
CHEMBL1800526,3.0003605,COc1ccnc(CCc2nc3cc(Br)cnc3[nH]2)c1
CHEMBL741,1.5594428,Nc1nnc(c(N)n1)c2cccc(Cl)c2Cl
CHEMBL1770477,4.155751,CCOc1ccc2oc(C(=O)NC(CCSC)c3nc4ncccc4[nH]3)c(C)c2c1
CHEMBL1604571,-0.26750302,CCOC(=O)C(CCc1ccccc1)NC2CCc3ccccc3N(CC(=O)O)C2=O
CHEMBL426161,2.5125175,COc1ccc(Cl)c(Nc2ncnc3cc(OCC4CCN(C)CC4)c(OC)cc23)c1
CHEMBL2325714,1.3944879,CS(=O)(=O)C1(CC1)c2cc(nc(n2)c3cccc(N)c3)N4CCOCC4
CHEMBL2177165,3.0371556,Nc1ncc(nc1C(=O)Nc2cccnc2)c3ccc(cc3)S(=O)(=O)N4CCOCC4
CHEMBL2325735,2.2676287,CS(=O)(=O)NCC(NC(=O)C1(N)CCN(CC1)c2ncnc3[nH]ccc23)c4ccc(Cl)cc4
CHEMBL2036576,2.648917,CN1CCN(CC1)c2ccc(NC(=O)c3oc(Nc4ccccc4F)nn3)cn2
CHEMBL1682965,3.3644845,CC[C@H](NC(=O)c1c([S+](C)[O-])c(nc2cc(Br)ccc12)c3ccccc3)c4ccccc4
CHEMBL1809229,3.6619096,COc1cc(ccc1Nc2ncc(Cl)c(n2)c3cnc4c(F)cc(F)cn34)N5CCN(CC5)C(=O)C
CHEMBL387125,2.7406414,CON(C)C(=O)c1c(Cn2c(C)nc(Cl)c2Cl)sc3N(CC(C)C)C(=O)N(C)C(=O)c13
CHEMBL2325983,3.415708,NC1(CCN(CC1)c2ncnc3[nH]ccc23)C(=O)NC(C4CC4)c5ccc(Cl)cc5
CHEMBL2208429,3.9742427,O[C@H](CNC(=O)c1n[nH]c2ccccc12)CN3CCC(CC3)Oc4ccc(Cl)c(Cl)c4
CHEMBL387545,3.0561562,COc1cc(N2CCN(C)CC2)c3nc(cc(N(C)C)c3c1)C(=O)Nc4ccc(cc4)N5CCOCC5
CHEMBL2023350,3.417123,CN1CCC(CC1)n2cc(c(C)n2)c3cnc(N)c(c3)c4oc5ccccc5n4
CHEMBL1889452,1.9838272,CC1N(C(=O)c2ccccc2)c3ccccc3NC1=O
CHEMBL2216859,3.6716914,CC(C)N1CCN(Cc2oc(nc2)c3cc(cc4[nH]ncc34)c5cccc6[nH]ccc56)CC1
CHEMBL273449,2.5982919,CC(C)C(NC(=O)CN1C(=O)C(=CN=C1c2ccccc2)NC(=O)OCC(F)(F)F)C(=O)C(F)(F)F
CHEMBL509,1.4769447,Cc1ccc(Cl)c(Nc2ccccc2C(=O)O)c1Cl
CHEMBL2164745,0.9157065,COc1ccc2N=CC(=O)N(CCN3CC[C@@H](NCc4cc5OCCOc5cn4)[C@@H](O)C3)c2c1
CHEMBL2023802,3.3514864,CCOc1cc2nccc(Oc3cnc(CC(=O)Nc4n[nH]c(CC)c4C)c(OC)c3)c2cc1OC
CHEMBL567161,3.1835995,CCNc1nc(Nc2ccccc2)nc(n1)C#N
CHEMBL1682824,3.0778608,O=C1CCOc2nc(\C=C\c3ccccc3)ccc12
CHEMBL184659,2.8152413,COc1cc2ncnc(Nc3cc(NC(=O)c4ccnc(c4)N5CCOCC5)ccc3C)c2cc1OCCN6CCCC6
CHEMBL1684,2.0203362,NS(=O)(=O)c1cc2c(NC(Cc3ccccc3)NS2(=O)=O)cc1C(F)(F)F
CHEMBL193646,0.5138546,C(CNCc1ccccc1)NCc2ccccc2
CHEMBL153036,1.7405612,CNCC[C@@H](Oc1ccc(cc1)C(F)(F)F)c2ccccc2
CHEMBL390674,3.6314952,Cc1cc(Oc2ccc3OCOc3c2)nc(Oc4ccc(cc4)n5ccnc5)n1
CHEMBL2029359,2.065837,CS(=O)(=O)Cc1cc(nc(n1)c2cnc3[nH]ccc3c2)N4CCOCC4
CHEMBL50161,2.7822556,COC(=O)CCCC(=O)Nc1ccc2C(=O)C(=O)c3ccccc3c2c1
CHEMBL2086691,3.5018034,C[C@@H]1CN(CCN1c2ncc(OCc3ccncc3C#N)cn2)c4noc(n4)C5CC5
CHEMBL1703518,3.9691732,CCN(CC)S(=O)(=O)c1ccc(cc1)c2oc(SCC(=O)N3CCc4ccccc34)nn2
CHEMBL1084762,2.3578334,OC(=O)C[C@H]1[C@@H](Cc2ccccc12)NC(=O)c3cc4sc(Cl)c(Cl)c4[nH]3
CHEMBL1290746,2.5729327,Cc1ccc(cc1NC(=O)c2cnn(c2N)c3ccccc3F)C(=O)Nc4ccon4
CHEMBL225363,2.4127617,CN1CCN(CC1)c2cc(F)cc3C(=O)C=C(Nc23)C(=O)Nc4ccc(cc4)N5CCOCC5
CHEMBL193757,0.7982664,CC(C)Oc1cc(OCCc2cccnc2)cc(c1)C(=O)Nc3ccc(cn3)C(=O)O
CHEMBL1382733,1.6161526,Cn1c(nc2ccccc12)c3ccc(O)nc3
CHEMBL1190521,1.8015926,CCOC(=O)C1(CCCN(CC2CC2)C1)c3cccc(O)c3
CHEMBL210887,2.7244387,OCCCn1c(NC(=O)c2cccc(c2)[N+](=O)[O-])nc3ccccc13
CHEMBL1916264,1.5575447,CCC(CC)NC(=O)c1cnn(c1NS(=O)(=O)c2ccc(C)cc2)c3ccccc3Cl
CHEMBL226856,1.4409853,Clc1ccc2C(=O)C3=C(Nc2c1)C(=O)NN(Cc4ccsc4)C3=O
CHEMBL2361579,3.0957656,Cc1cc2cc(C)c3nnc(SCC(=O)N4CCN(CC4)C(=O)c5occc5)n3c2cc1C
CHEMBL1308863,3.3090816,Cc1cc(NC(=O)Nc2ccc(Cl)cc2)n(C)n1
CHEMBL1762157,3.4720683,CC1(C)N(Cc2ccnc(c2)N3CCOCC3)C(=O)N(C1=O)c4ccc(SC(F)(F)F)cc4
CHEMBL100675,2.2454276,CN(C)CC(O)COc1ccc(Nc2cc(Nc3cc(C)ccc3Cl)ncn2)cc1
CHEMBL2207286,2.9397042,CN(C)S(=O)(=O)c1ccc2C(=CNC(=O)c2c1)C(=O)NC[C@@H](O)CN3CCC(CC3)Oc4ccc(Cl)c(Cl)c4
CHEMBL428777,3.489825,C[C@@H](Oc1cccc2ncnc(Nc3ccc(OCc4ccccn4)c(Cl)c3)c12)C(=O)N(C)C
CHEMBL644,2.779598,CC(CN(C)C)CN1c2ccccc2CCc3ccccc13
CHEMBL1608462,3.620223,CC(C)n1ncc2c(cc(nc12)C3CC3)C(=O)NCc4c(C)cc(C)nc4O
CHEMBL2207659,3.085424,Cc1cc(Cl)ccc1OC2CCN(C[C@H](O)CNC(=O)c3c[nH]nc3C(F)(F)F)CC2
CHEMBL2107729,3.1168535,Clc1ccc(NS(=O)(=O)c2ccc(Cl)s2)c(c1)C(=O)Nc3ccc(cc3)S(=O)(=O)N4CCOCC4
CHEMBL101119,2.4662933,CN(C)CC(O)COc1ccc(Nc2cc(ncn2)N(CC#N)c3cc(Cl)ccc3Cl)cc1
CHEMBL22242,0.5504079,CCN1CCC[C@H]1CNC(=O)c2c(OC)ccc(Br)c2OC
CHEMBL2336320,2.7585137,COc1ccc(cc1C(=O)N)c2ccc3c(nc(nc3n2)N4CCOC[C@@H]4C)N5CCOC[C@@H]5C
CHEMBL239767,3.070356,Oc1cc(ccc1NC(=O)Nc2ccccc2Br)[N+](=O)[O-]
CHEMBL2171036,2.0002558,COc1ccc(cc1)S(=O)(=O)NC(=O)N2CCC(CC2)N3CCC(CC3)Oc4ccc(Cl)c(Cl)c4
CHEMBL250132,3.3995752,C[C@H](CN(C)C(=O)CO)Oc1cccc2ncnc(Nc3ccc(OCc4ccccn4)c(Cl)c3)c12
CHEMBL235579,2.297461,Clc1ccc(O[C@H]2CCCNC2)cc1C(=O)NCC34CC5CC(CC(C5)C3)C4
CHEMBL514384,2.979848,COCCS(=O)(=O)N1CCN(CC1)c2ccc(Nc3nccc(n3)c4cnc(C)n4C(C)C)cc2
CHEMBL294878,3.0256703,Oc1ccc(cc1)C2=CC(=O)c3ccc(O)cc3O2
CHEMBL686,1.1024992,Cc1cccc(Nc2ccccc2C(=O)O)c1C
CHEMBL167226,2.2011743,CCCc1c(O)c(ccc1OCc2ccc(C(=O)O)c(Br)c2)C(=O)C
CHEMBL550438,3.3473558,CC1CCC(CC(=O)Nc2cccc3ncccc23)CC1
CHEMBL301265,1.5767162,CCCN[C@H]1CCc2nc(N)sc2C1
CHEMBL1807855,-0.24892974,Nc1nc(OCc2nccs2)nc3c1ncn3[C@@H]4O[C@H](CF)[C@@H](O)[C@H]4O
CHEMBL1232461,2.6192455,CCNC(=O)C[C@@H]1N=C(c2ccc(Cl)cc2)c3cc(OC)ccc3n4c(C)nnc14
CHEMBL403812,1.3222494,Nc1ccccc1NC(=O)c2ccc(cc2)c3ncc(CN4CCC4)cc3F
CHEMBL521809,2.3745399,O=C(N1CCN(CC1)c2ncccn2)c3cccc(CC4=NNC(=O)c5ccccc45)c3
CHEMBL1807870,1.3170817,O[C@@H](CNCCCSCCNCCc1ccccc1Cl)c2ccc(O)c3NC(=O)Sc23
CHEMBL481563,3.4734197,Cc1ccc(NC(=O)c2cccc(c2)C(F)(F)F)cc1NC(=O)c3ccc4ncccc4c3
CHEMBL1592130,4.2189674,c1ccc(cc1)c2nnc(s2)c3ccccc3
CHEMBL173706,-0.24574399,CC(C)(C)NCC(O)COc1nsnc1N2CCOCC2
CHEMBL1916086,1.3160946,Cc1ccc(cc1)S(=O)(=O)Nc2c(cnn2c3ccccc3)C(=O)NCc4ccccc4
CHEMBL2036748,1.9514995,CN1CCCC(CN2CCN(CC2)C(=O)Nc3ccc(Cl)c(Cl)c3)C1
CHEMBL1800660,2.4014754,CCCCN(CCNC[C@H](O)c1ccc(O)c2NC(=O)Sc12)C(=O)CCOCCc3ccccc3
CHEMBL2171049,1.720594,Cc1ccc(cc1)S(=O)(=O)NC(=O)N2CCC(CC2)N3CCC(CC3)Oc4ccc(Cl)cc4
CHEMBL2333941,1.3911427,C[C@]1(CCSC(=N1)N)c2cc(c(F)cc2F)c3cncnc3
CHEMBL2151323,2.6245637,CC(C)Oc1cc(n[nH]1)n2cnc3cnc(N[C@@H](C)c4ncc(F)cn4)nc23
CHEMBL2325014,2.040246,Nc1[nH]ncc1c2cc(Cl)ccc2Oc3cc(F)c(cc3Cl)S(=O)(=O)Nc4cscn4
CHEMBL1073,0.50753486,Cc1cnc(cn1)C(=O)NCCc2ccc(cc2)S(=O)(=O)NC(=O)NC3CCCCC3
CHEMBL280713,1.9168639,OC(=O)c1ccccc1Cn2nnc(n2)c3cccc(OCc4ccc5ccccc5n4)c3
CHEMBL1721498,2.5903459,Clc1ccc(cc1)C(=O)C2CCN(CC2)C(=O)C3CC3
CHEMBL1945292,-0.36995363,COCCNCc1cccc(CCNC[C@H](O)c2ccc(O)c3NC(=O)Sc23)c1
CHEMBL520742,2.7247357,COc1cc2ncc(C(=O)N)c(Nc3ccc(F)cc3)c2cc1OC
CHEMBL1430654,3.3115149,O=C(Nc1cccc(NC(=O)c2ccccc2)n1)c3ccccc3
CHEMBL1738761,0.72971225,NCC[C@@H](Oc1cc(Cl)ccc1C#N)c2ccccc2
CHEMBL2023801,3.117028,CCc1[nH]nc(NC(=O)Cc2ncc(Oc3ccnc4cc(OC)c(OC)cc34)cc2OC)c1C
CHEMBL100945,2.9487238,CN(C)CC(O)COc1ccc(Nc2cc(ncn2)N(CC#C)c3cc(Cl)ccc3Cl)cc1
CHEMBL99408,0.9133276,Nc1ccc2ncccc2c1
CHEMBL1950722,1.5569254,CN[C@@H](C)C(=O)N[C@@H](C1CCCCC1)C(=O)N[C@H]2CCN(CCc3ccccc3)C2
CHEMBL1917462,1.0766301,Cc1c(Sc2ccc(Cl)cc2)c3c(Cl)nccc3n1CC(=O)O
CHEMBL1824031,1.7154272,Brc1ccc2OCC(=O)N(CCN3CCC(CC3)NCc4ccc5OCC(=O)Nc5n4)c2c1
CHEMBL258175,1.8344598,CC(C)N1CCN(Cc2cnc(c(Cl)c2)c3ccc(cc3)C(=O)Nc4ccccc4N)CC1
CHEMBL474484,1.6650803,CC(C)CNc1nc(nc(N2CCNCC2)c1N)C#N
CHEMBL260091,2.3664627,C[C@@H](O)[C@H](NC(=O)c1ccc(cc1)C#Cc2ccc(CN3CCOCC3)cc2)C(=O)NO
CHEMBL2208432,3.5932453,O[C@H](CNC(=O)N1C(=O)Nc2ccccc12)CN3CCC(CC3)Oc4ccc(Cl)c(Cl)c4
CHEMBL1917455,1.6149068,Cc1c(Oc2ccc(Cl)cc2)c3cc(ccc3n1CC(=O)O)C(F)(F)F
CHEMBL481611,2.9952826,CC(C)(F)C[C@H](N[C@@H](c1ccc(cc1)c2ccc(cc2)S(=O)(=O)C)C(F)(F)F)C(=O)NC3(CC3)C#N
CHEMBL11,2.3783383,CN(C)CCCN1c2ccccc2CCc3ccccc13
CHEMBL1682836,3.1807268,CN1CCOc2cc(COC3CCCCC3)cnc12
CHEMBL14516,1.864822,CC(C)C(NC(=O)CN1C(=O)C(=CC=C1c2ccccc2)NC(=O)CN3CCOCC3)C(=O)C(F)(F)F
CHEMBL6966,3.126838,COc1ccc(CCN(C)CCCC(C#N)(C(C)C)c2ccc(OC)c(OC)c2)cc1OC
CHEMBL575492,3.4633071,COc1ccccc1Nc2cc(Oc3cc(C)c(C)nc3c4ccccn4)ccn2
CHEMBL2031563,0.4095719,Fc1cc(C(=O)Nc2cccc(c2)c3nnn[nH]3)c4nc[nH]c4c1
CHEMBL621,2.84803,Clc1cccc(c1)N2CCN(CCCN3N=C4C=CC=CN4C3=O)CC2
CHEMBL208487,2.9185102,CC(C)CN1C(=O)N(C)C(=O)c2c1sc(Cc3ccccc3C(F)(F)F)c2C(=O)N4CC[C@@H](O)C4
CHEMBL1956334,2.884164,CC(=O)c1ncccc1NC(=O)[C@@H]2CC[C@H](CC2)N3C(=O)[C@@H]4[C@@H]5CC[C@@H](C5)[C@@H]4C3=O
CHEMBL115022,2.3733082,CC(=O)Nc1ccc2nc(cc(O)c2c1)c3cccc(F)c3
CHEMBL400883,2.7731051,COc1ccc2nc(N[C@H]3CCC[C@@H](C3)NCc4ccsc4)cc(C)c2c1
CHEMBL1809198,3.6092598,COc1cc(ccc1Nc2ncc(Cl)c(n2)c3cnc4c(F)cccn34)N5CCN(CC5)C(=O)C
CHEMBL546,0.43784368,CC(C)NCC(O)COc1ccccc1OCC=C
CHEMBL1914480,1.0358361,COc1ccc2N=CC(=O)N(CCN3CCC(CC3)NCc4cc5OCCOc5cn4)c2n1
CHEMBL1346348,2.900653,O=C(N1CCCCC1)c2scc3CCCCc23
CHEMBL452530,1.9466686,NC(=O)Nc1sc(cc1C(=O)N)c2ccc(OCCN3CCCCC3)cc2
CHEMBL10975,2.2776031,CC(C)C(NC(=O)CN1C(=O)C(=CN=C1c2cccs2)NC(=O)OCc3ccccc3)C(=O)C(F)(F)F
CHEMBL2070947,1.6975244,CS(=O)(=O)c1ccc2nc(sc2c1)N3CCN(CC3)C(=O)[C@@H]4CCCC[C@H]4C(=O)NC5(CC5)C#N
CHEMBL588,0.9858335,Oc1ccc(cc1)C2CNCCc3c(Cl)c(O)c(O)cc23
CHEMBL445162,3.1190434,CS(=O)(=O)c1cccc(Nc2nccc(Nc3c(Cl)ccc4OCOc34)n2)c1
CHEMBL1824038,0.059262514,CCS(=O)(=O)c1ccc2OCC(=O)N(CCN3CCC(CC3)NCc4ccc5OCC(=O)Nc5n4)c2c1
CHEMBL1783259,3.7671409,COc1ccc(OC)c(c1)c2cccc3c(N)c(nnc23)C(=O)NC(C)C
CHEMBL488881,3.8047314,O=C1C=C(Oc2c1cccc2c3cccc(c3)c4ccsc4)N5CCOCC5
CHEMBL1491421,1.7712691,CC(C)(C)c1cc2nc3C(=O)N(Cc4ccccc4)Cc3c(O)n2n1
CHEMBL1164652,3.4374297,CC(C)n1c(C)ncc1c2ccnc(Nc3ccccc3)n2
CHEMBL440335,4.182609,[O-]c1c2c(nn1c3ccc(Cl)cc3)c4ccccc4c[n+]2Cc5ccccc5
CHEMBL2164668,3.0902812,O=C(NC1(CC1)C#N)[C@@H]2CCCC[C@H]2C(=O)N3CCc4oc5ccccc5c4C3
CHEMBL259850,3.0193474,COc1ccc(CNC(=O)Nc2ncc(s2)[N+](=O)[O-])cc1
CHEMBL241609,2.2847188,Oc1cc(O)c2C(=O)C(=COc2c1)c3ccc(O)c(O)c3
CHEMBL2152918,3.4494433,CO[C@@H]1CC[C@@]2(CC1)Cc3ccc(cc3C24N=C(C)C(=N4)N)c5cncc(Br)c5
CHEMBL1945294,0.3612616,O[C@@H](CNCCc1cccc(CN2CCCC2)c1)c3ccc(O)c4NC(=O)Sc34
CHEMBL1258188,3.582752,COc1ccc(cc1)C2=C(C)c3ccc(OC)cc3OC2=O
CHEMBL479847,2.8144941,COc1cc2ncc(C(=O)N)c(Nc3ccc(F)cc3F)c2cc1OC
CHEMBL2086675,3.544233,CC(C)(C)OC(=O)N1CCN(CC1)c2ncc(OCc3ccncc3)cn2
CHEMBL2349324,4.0406265,CC(C)C[C@H](CO)Nc1nc(SCc2ccccc2F)nc3nc(N)sc13
CHEMBL383760,3.4236941,CNC(=O)[C@H]1CCCN1Cc2cc3c(Nc4cccc(Cl)c4F)ncnc3cc2OC
CHEMBL1934268,0.87357676,CCn1nc(C)c(C(=O)N[C@@H](C)C(C)(C)C)c1NS(=O)(=O)c2ccc(C)cc2
CHEMBL158766,1.3782543,Cc1ccc(O)c(O)c1
CHEMBL837,1.3122623,CCc1c2CN3C(=O)C4=C(C=C3c2nc5ccc(O)cc15)[C@@](O)(CC)C(=O)OC4
CHEMBL2110732,3.4324512,COc1cc2ncnc(Nc3ccc(F)c(Cl)c3)c2cc1NC(=O)\C=C\CN4CCCCC4
CHEMBL2325601,2.1862798,Nc1n[nH]cc1c2cc(ccc2Oc3cc(F)c(cc3Cl)S(=O)(=O)Nc4cscn4)C(F)(F)F
CHEMBL1209658,2.867595,Fc1ccc(cc1C#N)S(=O)(=O)NCC(N2CCCCCC2)c3ccccc3
CHEMBL2062571,2.642808,CC(=O)Nc1ccc2ccn(c3cc(NC4COC4)n5ncc(C#N)c5n3)c2c1
CHEMBL2153435,2.6167552,CCNC(=O)C[C@H]1N=C(c2ccc(Cl)cc2)c3cc(OC)ccc3n4c(C)nnc14
CHEMBL1209739,3.0665483,COc1ccc(cc1)S(=O)(=O)NCC(N2CCCCCC2)c3ccccc3
CHEMBL1364,-0.29085422,Cc1ncc(CO)c(CO)c1O
CHEMBL453053,1.3418353,NC(=O)Nc1sc(cc1C(=O)N)c2ccc(CNC3CCCC3)cc2
CHEMBL2059000,0.65966034,CCCSc1nc2ccc(NC(=O)CCC(=O)O)cc2s1
CHEMBL421604,1.7274048,CS(=O)(=O)Nc1ccc(CCOCCCS(=O)(=O)CCNCCc2ccc(O)c3nc(O)sc23)cc1
CHEMBL2171042,2.2588377,Cc1cccc(c1)S(=O)(=O)NC(=O)N2CCC(CC2)N3CCC(CC3)Oc4ccc(Cl)c(Cl)c4
CHEMBL2172001,1.9233576,C[C@@H]1CN(CCN1C(=O)[C@@H]2CCCC[C@H]2C(=O)NC3(CC3)C#N)c4ccc5c(C)nnc(C)c5c4
CHEMBL2062566,2.7847805,CC(=O)Nc1ccc2CCN(c3cc(NC4CC4)n5ncc(C#N)c5n3)c2c1
CHEMBL107920,3.6318645,Fc1cc(F)cc(c1)c2cc(on2)N(CCCN3CCCCCC3)Cc4ccc5OCOc5c4
CHEMBL1831130,1.9047077,COc1ccc2nc(C)cc(N3CC(CNC(=O)C4CC4)OC3=O)c2c1
CHEMBL230641,4.1135283,CC(C)c1ccccc1Nc2nc(SCc3cccs3)n[nH]2
CHEMBL98406,2.285062,Nc1nc2ccc(F)cc2s1
CHEMBL376813,2.652347,COc1cc(N2CC[C@H](C2)N(C)C)c3NC(=CC(=O)c3c1)C(=O)Nc4ccc(cc4)N5CCOCC5
CHEMBL26894,0.21469665,Oc1ccc(cc1)S(=O)(=O)Nc2nccs2
CHEMBL329672,3.5663347,Clc1cccc(Nc2ncnc3ccccc23)c1
CHEMBL1946026,2.6192675,O=C(N1CCCC1)c2ccc(cc2)C(=C3CCN(Cc4cscn4)CC3)c5cccc6cccnc56
CHEMBL1288221,2.4278588,NC(=O)c1cnc(N[C@H]2CCCNC2)c3cc(sc13)c4ccc(F)c(Cl)c4
CHEMBL1574150,3.2150402,O=C(NC1CCCC1)C(N(Cc2occc2)C(=O)c3ccc([nH]3)c4ccccc4)c5ccncc5
CHEMBL272282,1.4851284,CN1C(=N)N(CC(=O)c2ccc(Cl)cc2)c3ccccc13
CHEMBL128613,2.8305013,CN1CCN(CC1)C(=O)c2cc3cc(Br)ccc3[nH]2
CHEMBL251202,2.946659,COc1cccc(c1)C(=O)N2CCC(CC2)N3C(=O)Nc4ccccc34
CHEMBL1430943,3.3037581,CCCS(=O)(=O)N1CCCC(C1)C(=O)N2CCC(Cc3ccccc3)CC2
CHEMBL605785,3.1683626,COC1(CCOCC1)c2ccc(NC(=O)C3=CC(=O)c4cc(F)cc(c4O3)c5c(C)nn(C)c5C)cn2
CHEMBL128514,3.7194867,CNC(=O)c1ccc(CCC(COc2ccc(cc2)c3cccc(c3)[N+](=O)[O-])N4C(=O)CSC4=O)cc1
CHEMBL440464,0.3167429,CN1CCCC1c2cccnc2
CHEMBL104298,2.0910113,Oc1nc2cc(Cl)cc(Cl)c2c(O)c1c3ccccc3
CHEMBL6399,0.7570565,CN(C)c1cccc2c(cccc12)S(=O)(=O)Nc3cnccn3
CHEMBL271939,2.3806705,Oc1ccc(cc1)C2CC(=O)c3ccc(O)cc3O2
CHEMBL303714,0.44415987,NCc1nc2ccccc2[nH]1
CHEMBL1559397,-0.5983465,OC(=O)c1cc(nc2ccc(F)cc12)c3ccncc3
CHEMBL1834385,1.8634361,Nc1nccc(n1)c2ccccc2
CHEMBL2326693,2.592671,OCCN1CC=CC[C@@H](C1)c2ccc(Cl)c(Cl)c2
CHEMBL1762537,3.751578,CN(c1ccnc(Nc2cc(cc(c2)N3CCOCC3)N4CCCCC4)n1)c5cc(CO)ccc5C
CHEMBL1730860,2.5580473,Oc1ccc(cc1)c2cnc3ccccc3n2
CHEMBL2164688,3.0277052,COc1ccc2[nH]c3CCN(Cc3c2c1)C(=O)[C@@H]4CCCC[C@H]4C(=O)NC5(CC5)C#N
CHEMBL318021,2.5346591,CC(CCc1cccc(OCc2ccc3ccccc3n2)c1)CC(=O)O
CHEMBL2164377,3.7989225,FC(F)(F)Oc1ccc(CNC(=O)C2N(CC3CC(F)(F)C3)C(=O)c4ccccc24)cc1
CHEMBL208330,3.2866507,CC(C)CN1C(=O)N(C)C(=O)c2c1sc(Cc3ccccc3C(F)(F)F)c2C(=O)N(C)C
CHEMBL1950864,1.5954492,CN[C@@H](C)C(=O)N[C@@H](C1CCCCC1)C(=O)N[C@H]2C[C@@H]3CC[C@H]2N(CCc4ccccc4)C3
CHEMBL2164689,3.6798966,FC(F)(F)c1ccc2[nH]c3CCN(Cc3c2c1)C(=O)[C@@H]4CCCC[C@H]4C(=O)NC5(CC5)C#N
CHEMBL279053,3.310161,CCCc1c(OCCCSc2ccc(CC(=O)O)cc2Cl)ccc3c(CC)noc13
CHEMBL898,0.09273386,OC(=O)c1cc(ccc1O)c2ccc(F)cc2F
CHEMBL1824832,3.2176056,CCOc1ccc(Oc2ccc(cc2)S(=O)(=O)NC(=O)c3cccc(c3)c4ccc(Cl)c(Cl)c4)cc1
CHEMBL66953,1.871563,OC1=CC=Cc2cc(O)c(O)c(O)c2C1=O
CHEMBL2331752,2.58575,CC1=CN([C@H]2CCCN(C2)S(=O)(=O)c3ccc(O)c(Oc4cc(F)cc(Cl)c4)c3)C(=O)NC1=O
CHEMBL1807826,1.4764258,O[C@@H](CNCCSCCCNCCc1cccc(c1)C(F)(F)F)c2ccc(O)c3NC(=O)Sc23
CHEMBL1917419,2.2965126,Cc1c(Sc2ccc(Cl)cc2)c3cc(Cl)ccc3n1CC(=O)O
CHEMBL2059869,2.8701856,Cc1ccc(cc1NC(=O)c2ccc(OCc3ccccn3)cc2)c4cn(C)c(C)n4
CHEMBL180184,3.7866647,CCN(C1CCN(CCC(c2ccccc2)c3ccccc3)CC1)C(=O)NCc4ccccc4
CHEMBL1201203,1.5510006,CN1[C@@H]2CC[C@H]1C[C@H](C2)OC(c3ccccc3)c4ccccc4
CHEMBL1947153,2.1001322,O[C@@H](CNCCc1cccc(CN2CCC(CC2)c3ccccc3)c1)c4ccc(O)c5NC(=O)Sc45
CHEMBL388473,1.8069962,Oc1cccc(c1)N2C(=O)c3ccc(O)cc3C2=O
CHEMBL2104196,1.5509619,NS(=O)(=O)c1ccc(NCc2ccccc2)cc1
CHEMBL2312933,2.665688,CCCN(c1cccnc1)P(=O)(c2ccccc2)c3ccccc3
CHEMBL480601,3.6706238,CC1(C)[C@@H]2CC[C@@]1(CS(=O)(=O)NC3CCN(CC3)c4ccc(cn4)C(F)(F)F)C(=O)C2
CHEMBL652,3.2061796,FC(F)(F)COc1ccc(OCC(F)(F)F)c(c1)C(=O)NCC2CCCCN2
CHEMBL2326689,2.4582613,CN1CC=CCC(C1)c2oc3ccccc3c2
CHEMBL370826,2.6001065,CCN(C1CCN(CCC(c2ccc(NC(=O)C)cc2)c3cccc(F)c3)CC1)C(=O)Cc4ccc(cc4)S(=O)(=O)C
CHEMBL2062570,3.0853968,CC(=O)Nc1ccc2ccn(c3cc(Nc4ccn(C)n4)n5ncc(C#N)c5n3)c2c1
CHEMBL28636,2.9258523,COc1ccc(cc1F)c2cc(nn2c3ccc(cc3)S(=O)(=O)N)C(F)F
CHEMBL2104625,0.93610954,O=C(Nc1nnn[nH]1)C2=CC(=C3C=CC=CN3C2=O)Oc4ccccc4
CHEMBL15706,2.8328717,COc1cccc2c(O)cc(nc12)c3ccccc3
CHEMBL1835918,2.9740586,Cc1onc(n1)c2ccc(OCC3CN(C3)c4ccc(C)nn4)cc2
CHEMBL1456596,1.3622426,C(N(Cc1ccccc1)c2nn[nH]n2)c3ccccc3
CHEMBL358325,2.4868114,CN1CCN(CC1)c2nc(CCOc3ccc(C[C@H](Nc4ccccc4C(=O)c5ccccc5)C(=O)O)cc3)c(C)s2
CHEMBL465305,2.2957933,CC(=O)c1ccc(nc1)N2CCN(CC2)S(=O)(=O)C[C@]34CC[C@H](CC3=O)C4(C)C
CHEMBL1957840,3.2968597,Clc1cccc(CN2C=CN3C(=O)C=C(N=C23)N4CCOCC4)c1Cl
CHEMBL2335905,2.9284759,C[C@@H](NC1=CC(=O)NCC1)c2ccc(Nc3ncc4cc(ccc4n3)c5ccncc5)cc2
CHEMBL1689136,1.4880849,C[C@H]1CN(Cc2cc(Cl)ccc2CCC(=O)O)CCN1C(=O)Cc3ccccc3
CHEMBL2048864,1.0377879,Clc1cccc(\C=C\2/SC(=O)NC2=O)c1N3CCNCC3
CHEMBL314034,3.8627071,CSc1nc(nn1Cc2ccccc2)c3ccccc3
CHEMBL417727,2.0906727,Nc1ccc2c3ccccc3C(=O)C(=O)c2c1
CHEMBL409494,1.9776076,Nc1ccccc1NC(=O)c2ccc(cc2)C3CCN(CCC(=O)Nc4ccccc4F)CC3
CHEMBL514690,2.986502,CC(C)n1c(C)ncc1c2ccnc(Nc3ccc(cc3)N4CCOCC4)n2
CHEMBL1762541,2.9562504,CN(c1ccnc(Nc2cc(CN3CCOCC3)cc(c2)N4CCOCC4)n1)c5cc(CO)ccc5C
CHEMBL365903,2.4403722,NC(=O)c1cc(O)cc2nc(oc12)c3ccc(O)cc3
CHEMBL472455,3.272352,COc1ccc(N(C(C(=O)NC2CCCC2)c3ccccc3F)C(=O)c4occc4)c(OC)c1
CHEMBL2107366,3.0845675,C[C@H](C1=CNC(=S)N1)c2cccc(C)c2C
CHEMBL1682961,3.3752053,CC[C@H](NC(=O)c1c([S+](C)[O-])c(nc2cc(F)ccc12)c3ccccc3)c4ccccc4
CHEMBL1957374,3.0823414,CCc1ccccc1c2ccc(cc2)c3nc4ccncc4c(O)c3C#N
CHEMBL1164033,3.1061,CN(C)CCOc1cc(NS(=O)(=O)c2c(Cl)cc(cc2Cl)C(F)(F)F)ccc1Cl
CHEMBL1915315,2.7236984,Oc1ccc(cc1)C2=Cc3ccc(O)cc3OC2=O
CHEMBL2087421,0.11950064,COc1cc(C)c(c(C)c1)S(=O)(=O)N(C)CCOCC(=O)N2CCN(CC2)C3CCN(C)CC3
CHEMBL1508448,-0.058263063,CC(C)(C)c1cc(O)n2nc(N)nc2n1
CHEMBL14323,3.3949656,COc1ccc(cc1)c2cc(O)c3cc(Cl)ccc3n2
CHEMBL456381,3.7369864,Oc1ccc(cc1)c2csc(n2)c3ccc(O)cc3
CHEMBL2147569,3.4967277,C[C@]12Cc3cnn(c3C=C1CC[C@@]2(O)CCc4ccc(F)cc4C(=O)N)c5ccc(F)cc5
CHEMBL1809223,3.663056,COc1cc(ccc1Nc2ncc(Cl)c(n2)c3cnc4cc(ccn34)N5CCCC5)N6CCN(CC6)C(=O)C
CHEMBL2325719,2.4471538,Cc1ccc2[nH]ccc2c1c3nc(cc(n3)C4(CC4)S(=O)(=O)C)N5CCOCC5
CHEMBL129982,3.319705,Nc1ccc(Cl)c(c1)C(=O)NCC23CC4CC(CC(C4)C2)C3
CHEMBL562310,3.134986,O=C(Nc1cccc2cccnc12)c3ccc(cc3)N4C(=O)[C@@H]5[C@H]6C[C@H](C=C6)[C@@H]5C4=O
CHEMBL1233689,1.1136451,CCCCSc1nc(N)c2ncn([C@@H]3O[C@H](CO)[C@@H](O)[C@H]3O)c2n1
CHEMBL191974,3.575594,Oc1ccc(cc1)c2ccc3cc(O)ccc3c2
CHEMBL2062555,2.2140014,Nc1cc(nc2c(cnn12)C#N)c3cccs3
CHEMBL1829409,1.7226334,CCC(N(CCCN)C(=O)c1ccc(OC)cc1)C2=Nc3ccsc3C(=O)N2Cc4ccccc4
CHEMBL313206,0.8888633,Cc1cc(N)c2cc(NC(=O)CCCCC(=O)Nc3ccc4nc(C)cc(N)c4c3)ccc2n1
CHEMBL421583,2.3351178,CN(C)CC(O)COc1ccc(Nc2cc(ncn2)N(CC#N)c3ccc(C)cc3Br)cc1
CHEMBL1903477,1.1853061,NC(=O)C1=CN(Cc2ccc(F)c(F)c2)C(=O)C=C1
CHEMBL2068881,3.6843216,COc1ccc(c(C)n1)c2cccc3c(N)c4C(=O)N(Cc4nc23)C5CCC5
CHEMBL564607,2.1577973,OC(=O)c1ccc(cc1)c2ccc(Cl)c(c2)C(=O)NCC34CC5CC(CC(C5)C3)C4
CHEMBL201307,2.657567,COc1cc2c(Nc3ncc(CC(=O)Nc4cccc(F)c4)s3)ncnc2cc1OCCCN5CCC(CO)CC5
CHEMBL1689134,0.75379264,C[C@H]1CN(Cc2cc(Cl)ccc2OC(C)(C)C(=O)O)CCN1S(=O)(=O)c3ccccc3
CHEMBL2153184,2.453621,CCCSc1nc(NC[C@@H]2CC[C@H](CC2)C(=O)O)ccc1C(=O)NC3CCCCC3
CHEMBL1957850,2.7370312,Cc1ccccc1CN2C=CN3C(=O)C=C(N=C23)N4CCOCC4
CHEMBL464552,2.7557802,CNC(=O)c1c(F)cccc1Nc2nc(Nc3cc4N(CCc4cc3OC)C(=O)CN(C)C)nc5[nH]ccc25
CHEMBL1940315,2.1247892,O[C@]1(CN2CCC1CC2)C#Cc3ccc(Oc4ccc(cc4)C(=O)NC5CCCS(=O)(=O)C5)cc3
CHEMBL129529,1.7591963,CCCCN(CCCC)CCCOC(=O)c1ccc(N)cc1
CHEMBL2158819,1.8216052,OC(=O)C(N1CCC(CN2CCC(CC2)Oc3ccc(Cl)c(Cl)c3)CC1)c4ccccc4
CHEMBL2321994,0.30796647,OCC[C@]1(CCCNC1)c2oc3ccccc3c2
CHEMBL439871,3.1309996,CC(C)CN1C(=O)N(C)C(=O)c2c1sc(Cc3ccccc3C(F)(F)F)c2C(=O)N4CC(C)(O)C4
CHEMBL467028,3.0808892,Oc1ccc2OC(=O)C(=Cc2c1)c3ccccc3
CHEMBL2010838,2.199311,CN(C1CCN(Cc2ccc(cn2)C(F)(F)F)CC1)C(=O)Cc3ccc(cc3)n4cnnn4
CHEMBL1449167,0.9204582,Nc1n[nH]c(Nc2ccccc2)n1
CHEMBL1201,3.2981215,CN(C)S(=O)(=O)c1ccc2Sc3ccccc3\C(=C\CCN4CCN(C)CC4)\c2c1
CHEMBL1762539,2.823024,CN(c1ccnc(Nc2cc(cc(c2)N3CCN(C)CC3)N4CCOCC4)n1)c5cc(CO)ccc5C
CHEMBL99689,1.6855187,CN(C)CC(O)COc1ccc(Nc2nccc(Nc3ccccc3C#N)n2)cc1
CHEMBL86754,2.0955517,Oc1c(I)cc(I)c2cccnc12
CHEMBL226781,2.4043076,Clc1ccc2C(=O)C3=C(Nc2c1)C(=O)NN(CC#Cc4ccccc4)C3=O
CHEMBL1944692,1.3396522,O[C@@H](CNCCc1ccc(CNCCc2ccccc2F)cc1)c3ccc(O)c4NC(=O)Sc34
CHEMBL809,3.129148,CN[C@H]1CC[C@@H](c2ccc(Cl)c(Cl)c2)c3ccccc13
CHEMBL2086676,3.6894667,Cc1cc(COc2cnc(nc2)N3CCN(CC3)C(=O)OC(C)(C)C)ccn1
CHEMBL2153304,2.5124018,CCCN(C)c1nc(ccc1C(=O)NC2CCCCC2)N3CCC[C@@H](CC(=O)O)C3
CHEMBL288524,0.222116,NC12CCC(CC1)(CC2)c3ccccc3
CHEMBL311862,2.6803975,COc1cc(ccc1Cn2ccc3ccc(NC(=O)OC4CCCC4)cc23)c5nn[nH]n5
CHEMBL549344,1.8286337,CCc1nc2c(N)nc3ccccc3c2n1CCCCNS(=O)(=O)C
CHEMBL426851,1.6545957,CNc1nc2ccccc2n1Cc3sc4N(CC(C)C)C(=O)N(C)C(=O)c4c3C(=O)N5CC[C@@H](O)C5
CHEMBL365472,3.4742792,CC(C)Oc1ccc(cc1)C(=O)Nc2cc(NC(=O)c3cccc(c3)N(C)C)ccc2C
CHEMBL20,-0.7623141,CC(=O)Nc1nnc(s1)S(=O)(=O)N
CHEMBL1689124,1.092463,CCC[C@H]1CN(Cc2cc(Cl)ccc2OCC(=O)O)CCN1S(=O)(=O)c3ccccc3
CHEMBL182878,3.1827893,CN(C1CCN(CCC(c2ccccc2)c3ccccc3)CC1)C(=O)Cc4ccc(NC(=O)C)cc4
CHEMBL1079772,2.7482505,Nc1ncnc2sc(nc12)c3c(ncn3C[C@H]4CCCO4)c5ccccc5
CHEMBL11428,2.517437,CC(C)C(NC(=O)CN1C(=O)C(=CN=C1C2CCCCC2)NC(=O)OCc3ccccc3)C(=O)C(F)(F)F
CHEMBL2035028,2.0633564,NC1(CCC1)c2ccc(cc2)c3ncc4ncccc4c3c5ccccc5
CHEMBL2062572,2.4445622,CC(=O)Nc1ccc2ccn(c3cc(NCCCCO)n4ncc(C#N)c4n3)c2c1
CHEMBL408194,3.646697,COC1=CC(=N/C/1=C\c2[nH]c(C)cc2C)c3cc4ccccc4[nH]3
CHEMBL254359,0.86156654,Nc1ccccc1NC(=O)c2ccc(cc2)N3CCOCC3
CHEMBL1789148,0.5226773,CCC(CCNC)Oc1cc(Cl)ccc1C#N
CHEMBL1477550,3.6486025,O=C(Nc1ccccc1)c2oc3ccccc3c2
CHEMBL371888,3.5173275,COc1cc2ncnc(Nc3ccc(OCc4ccccn4)c(C)c3)c2cc1OC
CHEMBL2335893,2.7648559,COCCC(=O)N[C@H](C)c1ccc(Nc2ncc3cc(ccc3n2)c4ccncc4)cc1
CHEMBL11144,1.9210868,CC(C)C(NC(=O)CN1C(=O)C(=CN=C1c2ccc(F)cc2)NC(=O)OCc3ccncc3)C(=O)C(F)(F)F
CHEMBL216769,1.9145634,COc1cc2c(Nc3cc(CC(=O)Nc4cccc(F)c4)[nH]n3)ncnc2cc1OCCCN5CCC(CO)CC5
CHEMBL213854,0.9652482,Cc1ccc2c(c1)c(c(C)n2CC(=O)O)c3ccnc4c(F)cccc34
CHEMBL1950725,0.9622408,CN[C@@H](C)C(=O)N[C@@H](C1CCCCC1)C(=O)N[C@H]2CCN(C2)C(=O)Cc3ccccc3
CHEMBL1916280,0.87037146,CCC(C)NC(=O)c1c(C)nn(c1NS(=O)(=O)c2ccc(C)cc2)c3ccccc3
CHEMBL2171014,2.036312,CN(C)c1ccc(cc1)S(=O)(=O)NC(=O)N2CCC(CC2)N3CCC(CC3)Oc4ccc(Cl)c(C)c4Cl
CHEMBL213029,1.7076855,COc1ccc2c(c1)c(CC(=O)O)c(C)n2c3ccnc4cc(Cl)ccc34
CHEMBL422329,0.62998664,NC(=N)Nc1cc(Cl)nc(n1)c2ccccc2
CHEMBL2036594,3.1912427,COc1cccc(Nc2oc(nn2)C(=O)Nc3ccc(nc3)N4CCOCC4)c1
CHEMBL214376,3.0126057,CC(C)Oc1cc(OCCCN2CCCC2)cc3ncnc(Nc4c(Cl)ccc5OCOc45)c13
CHEMBL2110360,3.5121927,CCN(CC)CCOc1ccc(cc1OC)N(C)C(=O)c2ccc(cc2)c3ccc(cc3)C(F)(F)F
CHEMBL1934270,1.7234725,C[C@H](NC(=O)c1c(C)nn(c1NS(=O)(=O)c2ccc(C)cc2)C(C)(C)C)C(C)(C)C
CHEMBL378730,1.5228177,Cc1ccc2c(c1)c(c(C)n2CC(=O)O)c3ccnc4c(Cl)cccc34
CHEMBL1545465,2.237489,COc1ccc(cc1)C(=O)C2CCN(CC2)C(=O)c3occc3
CHEMBL411799,3.4378257,COc1cc(Nc2ncnc3cccc(O[C@H](C)C(=O)N4CCOCC4)c23)ccc1Oc5ccc(C)nc5
CHEMBL1870384,3.4311104,COc1ccc(C=NN=Cc2ccc(OC)c(OC)c2)cc1OC
CHEMBL2208437,1.2437868,CS(=O)(=O)c1ccccc1C(=O)NCC(O)CNC2CCN(Cc3ccc(Cl)c(Cl)c3)CC2
CHEMBL2010843,2.837057,CN(C1CCN(Cc2nc3CCCCc3s2)CC1)C(=O)Cc4ccc(cc4)n5cnnn5
CHEMBL1689133,1.4372056,C[C@H](Oc1ccc(Cl)cc1CN2CCN([C@@H](C)C2)C(=O)Cc3ccc(Cl)cc3)C(=O)O
CHEMBL263655,1.1027402,CN1SC(=NC1=O)NCc2ccccc2
CHEMBL244936,3.2463732,CC(C)N1CCC[C@H](CN2C(=Nc3ccc(cc3C2=O)c4ccc(Cl)cc4)C)C1
CHEMBL2164687,3.5022948,Clc1ccc2[nH]c3CCN(Cc3c2c1)C(=O)[C@@H]4CCCC[C@H]4C(=O)NC5(CC5)C#N
CHEMBL1945044,0.9381827,COc1cccc(CNCc2cccc(CCNC[C@H](O)c3ccc(O)c4NC(=O)Sc34)c2)c1
CHEMBL57531,2.1951094,Nc1ncc2cc(c(N)nc2n1)c3c(Br)cccc3Br
CHEMBL2158832,1.361881,OC(=O)c1cccc(CN2CCC(CN3CCC(CC3)Oc4ccc(Cl)c(Cl)c4)CC2)c1
CHEMBL1212983,3.6496835,Cc1cc(C)c2c(N)c(sc2n1)C(=O)NCc3ccccc3
CHEMBL2086659,3.595611,C[C@H]1CN(CCN1c2ncc(OCc3ccc(cc3)S(=O)(=O)C)cn2)C(=O)OC(C)(C)C
CHEMBL2087844,3.3843536,CN1C(=O)N(CC2CC2)c3nn(Cc4ccnc5ccc(Cl)cc45)c(c3C1=O)c6ncnn6C
CHEMBL1329237,3.5269098,CCN(CC)c1ccc(cc1)c2nn3c(nnc3s2)c4[nH]nc5CCCc45
CHEMBL1972934,1.6856875,Nc1ncnc2sccc12
CHEMBL140642,2.4573464,CC(O)(C(=O)Nc1ccc2c(c1)c3ccccc3S2(=O)=O)C(F)(F)F
CHEMBL914,0.6008645,CC(C)(C(=O)O)c1ccc(cc1)C(O)CCCN2CCC(CC2)C(O)(c3ccccc3)c4ccccc4
CHEMBL1631472,1.7310792,Nc1c(nnc2c(c(F)ccc12)c3ncccn3)C(=O)NC4CC4
CHEMBL389348,-0.3500042,NC(=N)NCCC[C@H](NC(=O)COCC(c1ccccc1)c2ccccc2)C(=O)O
CHEMBL132293,1.9247975,OC[C@H](O)C(=O)N1CCC(=CC1)c2ccc(cc2F)N3C[C@H](COc4ccon4)OC3=O
CHEMBL2178949,1.2327628,Cc1nc(C)c(nc1C(=O)N)c2ccc3c(CC[C@@]34CC[C@@H](CC4)C(=O)O)c2
CHEMBL416,2.3276975,COc1c2OC(=O)C=Cc2cc3ccoc13
CHEMBL1818341,2.0360188,CC(C)CNCc1ccc(cc1)c2ccccc2S(=O)(=O)N3CCCC3
CHEMBL1289114,2.8434331,Fc1cc(Cl)ccc1N2CCN(CC2)C(=O)COCc3ccncc3
CHEMBL1626156,2.9992409,OCCNCc1cc(Br)ccc1OCc2ccc(Cl)cc2
CHEMBL193240,3.65764,FC(F)Oc1ccc(cc1OCC2CC2)C(=O)Nc3c(Cl)cncc3Cl
CHEMBL151592,1.4743872,Cc1cccc(C(=O)N)c1NC(=O)c2ccccc2
CHEMBL1288960,-0.27345753,Cc1nnc(N)s1
CHEMBL2207657,3.091377,Cc1cc(Cl)ccc1OC2CCN(C[C@H](O)CNC(=O)C3=CNC(=O)c4c(F)cccc34)CC2
CHEMBL62746,1.0593096,NC(=N)c1ccc(cc1)C(=O)N2CCN(CC2)S(=O)(=O)c3ccc4cc(Br)ccc4c3
CHEMBL1180267,0.5977385,CC(N1NC(=O)c2nc3cc(Cl)ccc3c(O)c2C1=O)c4ccccn4
CHEMBL243978,3.4465418,C1Oc2ccc(Oc3ccnc(Oc4ccc(cc4)n5ccnc5)n3)cc2O1
CHEMBL550904,3.5211704,CC(C)Oc1cc(Oc2ccc(cc2)S(=O)(=O)C)cc(c1)C(=O)Nc3nccs3
CHEMBL1952147,2.480735,NS(=O)(=O)c1ccc(CCNc2ccc3nnc(c4ccccc4)n3n2)cc1
CHEMBL33,-0.4889331,C[C@H]1COc2c(N3CCN(C)CC3)c(F)cc4C(=O)C(=CN1c24)C(=O)O
CHEMBL595,2.8748894,CCc1ccc(CCOc2ccc(CC3SC(=O)NC3=O)cc2)nc1
CHEMBL516441,3.6781697,CC[C@H](NC(=O)c1c(N)c(nc2ccccc12)c3cccc(F)c3)c4ccccc4
CHEMBL480618,2.2698963,COc1cc2c(Nc3ccc(F)cc3F)c(cnc2cc1N4CCN(C)CC4)C(=O)N
CHEMBL1940296,2.2881224,CNC(=O)c1ccc(Oc2ccc(cc2)C#C[C@]3(O)CN4CCC3CC4)cc1
CHEMBL446519,1.3278344,Nc1c(NC2CCOC2)nc(nc1N3CCOCC3)C#N
CHEMBL237888,1.9939854,CN1C(=O)C=C(CCc2ccccc2)N=C1N
CHEMBL521851,3.5283988,CS(=O)(=O)N1CCN(Cc2cc3nc(nc(N4CCOCC4)c3s2)c5cccc6[nH]ncc56)CC1
CHEMBL473967,1.8799614,CC1(C)Oc2ncnc(N)c2N=C1c3ccc(cc3)[C@@H]4CC[C@@H](CC(=O)O)CC4
CHEMBL2171037,1.763215,CN(C)c1ccc(cc1)S(=O)(=O)NC(=O)N2CCC(CC2)N3CCC(CC3)Oc4ccc(Cl)c(Cl)c4
CHEMBL2335887,3.0863318,COCCC(=O)Nc1ccc(Nc2ncc3cc(ccc3n2)c4ccncc4)cc1
CHEMBL2158782,2.522889,Cc1cc(OC2CCN(CC3CCN(CC3)[C@@H](Cc4ccc(F)cc4)C(=O)O)CC2)ccc1Cl
CHEMBL235851,3.3585463,COc1cc2ncnc(Nc3ccc(Cl)c(O)c3)c2cc1OC
CHEMBL2325736,2.1874712,CS(=O)(=O)NCCC(NC(=O)C1(N)CCN(CC1)c2ncnc3[nH]ccc23)c4ccc(Cl)cc4
CHEMBL1684984,1.1103388,CS(=O)(=O)N1CCc2c1nc(nc2c3cnc(N)nc3)N4CCOCC4
CHEMBL414017,2.6547167,Nc1nc(N)c2cc(NCc3ccc(Cl)c(Cl)c3)ccc2n1
CHEMBL1917430,0.61838675,Cc1c(Sc2ccc(Cl)cc2)c3ccc(cc3n1CC(=O)O)S(=O)(=O)C
CHEMBL1783285,3.1326942,COc1cc(c(OC)nn1)c2c(F)ccc3c(N)c(nnc23)C(=O)NC4CC4
CHEMBL481400,2.213558,CN1CCN(CC1)c2ccc3ncc(C(=O)N)c(Nc4ccc(F)cc4F)c3c2
CHEMBL519422,2.555919,CCn1c(C)ncc1c2ccnc(Nc3ccc(cc3)C(=O)NC)n2
CHEMBL445102,2.6114109,OC1(CCN(Cc2c[nH]c3ccccc23)CC1)c4ccc(Cl)cc4
CHEMBL2088094,3.562059,CCCc1cc(Nc2nc(NCc3onc(C)c3)ncc2Br)n[nH]1
CHEMBL256322,1.498708,CCNCc1cnc(s1)c2ccc(cc2)C(=O)Nc3ccccc3N
CHEMBL2164677,2.897408,Fc1ccc2[nH]c3CCN(Cc3c2c1)C(=O)[C@@H]4CCCC[C@H]4C(=O)NCC#N
CHEMBL1209430,3.4818869,Clc1cc(Cl)cc(CS(=O)(=O)NCC(N2CCCCCC2)c3ccccc3)c1
CHEMBL2171990,0.48641944,CS(=O)(=O)c1ccc(cc1)N2CCN(CC2)C(=O)[C@@H]3CCCC[C@H]3C(=O)NCC#N
CHEMBL2346967,2.9865139,FC(F)(F)c1nnc2ccc(nn12)N3CCN(Cc4ccc(cc4)C#N)CC3
CHEMBL1502,2.1441212,COc1ccnc(C[S+]([O-])c2nc3cc(OC(F)F)ccc3[nH]2)c1OC
CHEMBL586702,3.136919,FC(F)c1nc2ccccc2n1c3nc(nc(n3)N4CCOCC4)N5CCOCC5
CHEMBL1950842,1.3626643,CN[C@@H](C)C(=O)N[C@H](C(=O)N[C@H]1CCCN(CCc2ccccc2)C1)C(C)(C)C
CHEMBL1345229,2.288721,CC1CCN(CC1)C(=O)c2scc3OCCOc23
CHEMBL448483,3.0082338,C[C@H](NC1=NC(=O)C(C)(S1)C(F)(F)F)c2ccccc2F
CHEMBL1538897,3.255484,COc1ccc(Cl)cc1NC(=O)CCS(=O)(=O)c2ccc(Br)cc2
CHEMBL2335881,2.0798984,COCCNCc1ccc(Nc2ncc3cc(ccc3n2)c4ccncc4)cc1
CHEMBL1302214,0.9236685,Nc1ccc(cc1)S(=O)(=O)N2CCCC2
CHEMBL480818,3.658495,CC[C@H](NC(=O)c1c(N)c(nc2ccccc12)c3ccccc3)c4ccccc4
CHEMBL2171991,1.8929698,O=C(NC1(CC1)C#N)[C@@H]2CCCC[C@H]2C(=O)N3CCN(CC3)c4ccccc4
CHEMBL219445,3.7913265,COc1cc2ncnc(N3CC[C@H](C3)Oc4cnc5ccccc5n4)c2cc1OC
CHEMBL2070940,2.119904,CCc1csc(n1)N2CCN(CC2)C(=O)[C@@H]3CCCC[C@H]3C(=O)NC4(CC4)C#N
CHEMBL1562923,2.2700918,Cc1ccc(cc1)n2c(C)cc(C(=O)NS(=O)(=O)c3ccc(C)cc3)c2C
CHEMBL1683934,1.8828948,O[C@@H](CNCCCCCCCCCN1CCC(CC1)OC(=O)Nc2ccccc2c3ccccc3)c4ccc(O)c5NC(=O)C=Cc45
CHEMBL2011924,3.050146,CNc1c(Cl)cnc2[nH]c(nc12)c3ccc(OCCN4CCOCC4)cc3
CHEMBL2088121,-0.5643654,COc1c(N2CCO[C@@H](CN(C)C)C2)c(F)cc3C(=O)C(=CN(C4CC4)c13)C(=O)O
CHEMBL1870155,3.3607044,O=C(NC1CCCCC1)c2cccnc2Sc3ccccc3
CHEMBL135,3.3957517,C[C@]12CC[C@H]3[C@@H](CCc4cc(O)ccc34)[C@@H]1CC[C@@H]2O
CHEMBL1405,3.6205978,C[C@]12CC[C@H]3[C@@H](CCc4cc(O)ccc34)[C@@H]1CCC2=O
CHEMBL1778653,2.7801309,CCS(=O)(=O)c1ccc(c(C)c1)c2cc(ccc2OCC(=O)N)C(F)(F)F
CHEMBL396043,4.061595,C[C@H](CO)Nc1nc(SCc2cccc(F)c2F)nc3nc(NC4CC4)sc13
CHEMBL331019,3.197163,O=C(CSc1ccncc1)Nc2ccc(cc2)C(=O)c3ccccc3
CHEMBL203854,3.5127006,Oc1cc(O)c2C(=O)C(=COc2c1)c3ccc(cc3)[N+](=O)[O-]
CHEMBL380673,3.7182004,CC(C)CN1C(=O)N(C)C(=O)c2c1sc(Cc3ccccc3C(F)(F)F)c2C(=O)N4CCC4
CHEMBL2107486,1.9169546,C[C@@H](O)[C@@H]1[C@H]2[C@@H](C)C(=C(N2C1=O)C(=O)OCOC(=O)C(C)(C)C)SC3CN(C3)C4=NCCS4
CHEMBL2087625,4.1509724,CN1C(=O)N(CC2CC2)c3nn(Cc4ccnc5ccc(Cl)cc45)c(c6cc(oc6C)C#N)c3C1=O
CHEMBL216749,2.4069521,COc1cc2c(NC(=O)Nc3c(Cl)cccc3Cl)ncnc2cc1OCC4CCN(C)CC4
CHEMBL1917450,-0.9321461,Cc1c(c2c(NS(=O)(=O)C)cccc2n1CC(=O)O)S(=O)(=O)c3ccc(Cl)cc3
CHEMBL2151319,2.8378816,C[C@H](Nc1ccc2ncn(c3cc([nH]n3)C4CC4)c2n1)c5ncc(F)cn5
CHEMBL1778633,-0.14296746,CN(c1ccc(c(C)c1)c2cc(ccc2OCC(=O)O)C(F)(F)F)S(=O)(=O)C
CHEMBL33899,2.725504,CC\C(=C(/c1ccccc1)\c2ccc(\C=C\C(=O)O)cc2)\c3ccccc3
CHEMBL1950860,2.4095786,CN[C@@H](C)C(=O)N[C@H](C(=O)N[C@H]1CCCN(CCc2ccc(cc2)C(F)(F)F)C1)C(C)(C)C
CHEMBL101,0.5074961,CCCCC1C(=O)N(N(C1=O)c2ccccc2)c3ccccc3
CHEMBL1312533,3.346168,CC(=O)NC1CC2CCCC(C1)N2C(=O)Nc3ccc(Cl)c(c3)C(F)(F)F
CHEMBL1951032,2.753095,COc1c(Nc2ccc(nc2C)S(=O)(=O)C)ncnc1OC3CCN(CC3)C(=O)OC(C)C
CHEMBL1077458,2.848534,CC(=O)Nc1ccc(cc1)c2ccnc(Nc3ccc(cc3)N4CCOCC4)n2
CHEMBL2314198,2.7230814,OC(=O)c1[nH]c2ccccc2c1CCCOc3cccc4ccccc34
CHEMBL1689128,1.2883463,C[C@H]1CN(Cc2cc(Cl)ccc2OCC(=O)O)CCN1C(=O)Cc3ccc(Cl)cc3
CHEMBL1720347,0.82006466,Cc1nc2nc(nn2c(O)c1Cc3ccccc3)c4cccnc4
CHEMBL1650732,1.9470552,C[C@H](Nc1nc(Nc2cc(C)[nH]n2)cc(n1)N3CCOCC3)c4ncc(F)cn4
CHEMBL213294,2.9884105,COc1ccc(NC(=O)CSc2nnc(C)n2c3ccc(C)cc3)cc1
CHEMBL1715893,-1.0464008,CC1CC(CN)CC(CO)C1
CHEMBL1486187,2.1816058,FC(F)(F)c1nnc2ccc(NCc3cccnc3)nn12
CHEMBL1683036,2.381724,COc1cc2nnc(C(=O)N)c(Nc3ccc(C)cc3F)c2cc1N4CCN(C)CC4
CHEMBL2216902,3.2549744,CC(C)c1nc2ccccc2n1c3nc(N4CCOCC4)c5nc(OC6CN(C6)C7CCS(=O)(=O)CC7)n(C)c5n3
CHEMBL61946,2.1202016,CCN(CC)CCOC(=O)C1(CCCC1)c2ccccc2
CHEMBL1907194,1.3068612,OC1(CNCCc2ccccc12)c3ccccc3
CHEMBL126,1.0983917,CC(=O)NC[C@H]1CN(C(=O)O1)c2ccc(N3CCOCC3)c(F)c2
CHEMBL2086689,3.3682473,C[C@@H]1CN(CCN1c2ncc(OCc3ccncc3C#N)cn2)c4ncc(F)cn4
CHEMBL425300,2.715063,Cc1cnc(NC(=O)Cc2ccccc2)s1
CHEMBL301359,1.3072942,c1ccc2ncncc2c1
CHEMBL2325701,2.449264,CS(=O)(=O)Cc1cc(nc(n1)c2cccc3cc[nH]c23)N4CCOCC4
CHEMBL2059909,1.4039898,CC(C)(C)NS(=O)(=O)c1cncc(c1)c2ccc3nc(N)nn3c2
CHEMBL1807817,2.3165216,O[C@@H](CNCCSCCCOCCc1ccccc1)c2ccc(O)c3NC(=O)Sc23
CHEMBL1064,3.8238683,CCC(C)(C)C(=O)O[C@H]1C[C@@H](C)C=C2C=C[C@H](C)[C@H](CC[C@@H]3C[C@@H](O)CC(=O)O3)[C@@H]12
CHEMBL1689129,1.2145109,C[C@H]1CN(Cc2cc(Cl)ccc2OCC(=O)O)CCN1C(=O)Cc3ccccc3Cl
CHEMBL254370,2.0056965,CC[C@@H](NC1=C(Nc2cccc(C(=O)N(C)C)c2O)C(=O)C1=O)c3ccccc3
CHEMBL1223457,3.268229,CC1=CC2=NNC(=O)N2c3cc(ccc13)c4ccccc4CO
CHEMBL184721,2.9778783,Cc1ccc(NC(=O)c2cccc(c2)N3CCOCC3)cc1NC(=O)c4ccc(OCc5ccccn5)cc4
CHEMBL354788,1.0576086,NC1=NC(Nc2c(F)ccc(F)c12)c3occc3
CHEMBL561368,3.3926148,CC(C)NC(=O)c1cnc(N2CCC(CC2)N3C(=O)OCc4ccccc34)c(Cl)c1
CHEMBL1464,2.709083,CC(=O)CC(C1=C(O)c2ccccc2OC1=O)c3ccccc3
CHEMBL173809,3.3359466,CC(C)C(CCCN(C)CCc1ccccc1)(C#N)c2ccccc2
CHEMBL326642,2.651723,Oc1ccc(CCNCCS(=O)(=O)CCCOCCSc2ccccc2)c3sc(O)nc13
CHEMBL389791,2.76445,C[C@@H](O)[C@@H](CO)Nc1nc(SCc2cccc(F)c2F)nc3nc(N)sc13
CHEMBL51,2.3190682,Fc1ccc(cc1)C(=O)C2CCN(CCN3C(=O)Nc4ccccc4C3=O)CC2
CHEMBL1796296,2.7396069,OC1(CN2CCC1CC2)C#Cc3ccc(Oc4ccc(cc4)C(=O)NCc5ccncc5)cc3
CHEMBL2163349,1.7641428,CS(=O)(=O)c1ccc2c3CN(CCc3[nH]c2c1)C(=O)[C@@H]4CCCC[C@H]4C(=O)NC5(CC5)C#N
CHEMBL2335911,3.1736314,C[C@@H](NC(=O)C)c1ccc(Nc2ncc3cc(c(C)cc3n2)c4ccncc4)cc1
CHEMBL2179272,0.21552563,CC[C@H](N1CCC[C@@H](C1)N2C=C(C)C(=O)NC2=O)c3ccc(C(=O)O)c(Oc4cccc(Cl)c4)c3
CHEMBL186422,1.8418612,O=C1Nc2ccccc2C=C1
CHEMBL452274,1.3222911,CN(CCO)Cc1ccc(cc1)c2cc(C(=O)N)c(NC(=O)N)s2
CHEMBL1700458,1.763166,COc1ccc(C=C2SC(=O)NC2=O)cc1OC
CHEMBL2158828,1.6843815,OC(=O)COc1ccccc1N2CCC(CN3CCC(CC3)Oc4ccc(Cl)c(Cl)c4)CC2
CHEMBL1978713,3.720088,COc1ccc(CNC(=O)c2sc3nc(C)cc(C)c3c2N)cc1
CHEMBL424378,2.338996,CCCc1c(O)c(ccc1OCc2cccc(NC(=O)c3ccccc3C(=O)O)c2)C(=O)C
CHEMBL2207672,2.8291516,Cc1c(Cl)ccc(OC2CCN(C[C@H](O)CNC(=O)C3=CNC(=O)c4cc(ccc34)S(=O)(=O)C)CC2)c1Cl
CHEMBL1576727,2.9552562,COc1ccc(cc1)C(=O)C2CCN(CC2)C(=O)c3ccc(F)cc3
CHEMBL2177390,1.739344,CC(C)NC[C@@H](C(=O)N1CCN(CC1)c2ncnc3[C@H](O)C[C@@H](C)c23)c4ccc(Cl)cc4
CHEMBL2179666,-0.1778996,CC1=CN([C@H]2CCCN(Cc3ccc(C(=O)O)c(Oc4cccc(Br)c4)c3)C2)C(=O)NC1=O
CHEMBL22033,2.1459763,COc1cc(ccc1Cn2ncc3ccc(NC(=O)OC4CCCC4)cc23)C(=O)NS(=O)(=O)c5ccccc5
CHEMBL2207285,3.2153192,O[C@H](CNC(=O)C1=CNC(=O)c2cc(ccc12)S(=O)(=O)NC3CC3)CN4CCC(CC4)Oc5ccc(Cl)c(Cl)c5
CHEMBL2031227,2.3327963,CN1CCN(CC1)c2ccc3N=CN(C(=O)c3c2)c4cc(NC(=O)c5ccc(cc5)C#N)ccc4C
CHEMBL2164685,3.1464305,Fc1cccc2[nH]c3CCN(Cc3c12)C(=O)[C@@H]4CCCC[C@H]4C(=O)NC5(CC5)C#N
CHEMBL1624529,-0.45433402,NC1C2CN(CC12)c3nc4N(C=C(C(=O)O)C(=O)c4cc3F)c5ccc(F)cc5F
CHEMBL1399152,2.5284238,[O-][N+](=O)c1ccc2c(c1)nc3CCCCCn23
CHEMBL1824030,0.34494114,Oc1ccc2OCC(=O)N(CCN3CCC(CC3)NCc4ccc5OCC(=O)Nc5n4)c2c1
CHEMBL2177608,1.2245319,CC1(CC1)c2c(cnn2c3ccc(cc3)C(=O)O)C(=O)NC4C5CC6CC(CC4C6)C5
CHEMBL250516,2.8373284,COc1ccc2c(C)cc(N[C@H]3CCC[C@@H](C3)NCc4ccsc4)nc2c1
CHEMBL2321993,0.27214265,OCC[C@@]1(CCCNC1)c2oc3ccccc3c2
CHEMBL44227,3.7169662,Oc1ccc(cc1)c2nc3ccc(O)cc3s2
CHEMBL1682967,2.79314,CC[C@H](NC(=O)c1c([S+](C)[O-])c(nc2cc(CN(C)C)ccc12)c3ccccc3)c4ccccc4
CHEMBL1645501,1.6634445,CC(=O)c1ccc2NC(=CC(=O)c2c1)c3cccnc3
CHEMBL2171024,1.3763064,OC(=O)c1cccc(c1)C(=O)N2CCC(CC2)N3CCC(CC3)Oc4ccc(Cl)c(Cl)c4
CHEMBL1917426,1.843527,Cc1c(Sc2ccc(Cl)cc2)c3cc(F)ccc3n1CC(=O)O
CHEMBL250124,3.7976627,COc1ccc2c(C)cc(N[C@H]3CCC[C@@H](C3)NCc4cccc(OC(F)(F)F)c4)nc2c1
CHEMBL1198335,3.6457176,COc1cccc(Nc2nc(NCC3CCCO3)c4ccccc4n2)c1
CHEMBL1683033,2.8753142,CCOc1cc2nnc(C(=O)N)c(Nc3cccc(Cl)c3F)c2cc1N4CCN(C)CC4
CHEMBL2325991,2.2652302,COc1ccc(cc1OC)C(C)NC(=O)C2(N)CCN(CC2)c3ncnc4[nH]ccc34
CHEMBL454616,2.7021773,CN(c1cccc(c1)C(=O)Nc2ccc(C)c(NC(=O)c3ccc4ncccc4c3)c2)S(=O)(=O)C
CHEMBL2326523,2.6737678,CC(C)[C@H](N(CCCN)C(=O)c1ccc(C)cc1)C2=Nc3cc(Cl)ccc3C(=O)N2Cc4ccccc4
CHEMBL226906,2.0635054,Cc1ccsc1CN2NC(=O)C3=C(C2=O)C(=O)c4ccc(Cl)cc4N3
CHEMBL2346974,3.5192251,CC(=O)N1CCN(CCOc2ccc(cc2)C3CCN(CC3)c4ccc5nnc(n5n4)C(F)(F)F)CC1
CHEMBL1212988,2.7434049,Cc1cc(C)c2c(N)c(sc2n1)C(=O)NC3CC3
CHEMBL393714,2.9163845,CN1C(=O)c2c(onc2c3ccccc3)C=C1c4ccncc4
CHEMBL404108,0.959038,Cc1ccc(Nc2c(F)cccc2Cl)c(CC(=O)O)c1
CHEMBL51781,2.794573,COC(=O)CCC(=O)Nc1ccc2C(=O)C(=O)c3ccccc3c2c1
CHEMBL1287891,0.5920434,NC(=O)c1cnc(N[C@H]2CCCNC2)c3cc(sc13)c4ccncc4
CHEMBL1779045,3.1520724,Cc1cccc(c1)N(Cc2cc(F)c(F)cc2F)C(=O)O[C@H]3CN4CCC3CC4
CHEMBL1887445,3.5833232,CCCC(=O)N1CCN(CC1)c2nnc(c3ccccc3)c4ccccc24
CHEMBL514201,3.3505101,C[C@@H]1CN(Cc2ccc(F)cc2)[C@@H](C)CN1C(=O)c3cc4c(cn(C)c4cc3Cl)C(=O)C(=O)N(C)C
CHEMBL1824041,0.3686552,O=C1COc2ccc(CNC3CCN(CCN4C(=O)COc5ccc(cc45)C#N)CC3)nc2N1
CHEMBL259515,0.516745,CN1SC(=NC1=O)NC(=O)c2ccccc2
CHEMBL1922267,3.114812,C[C@H]1[C@@H]2CN(CCN3CCOCC3)CC[C@H]2Cc4[nH]c5ccc(cc5c14)C(F)(F)F
CHEMBL500,0.04124689,CC(C)NCC(O)COc1cccc2[nH]ccc12
CHEMBL1650725,1.6538403,C[C@H](Nc1ncc(C)c(Nc2cc(C)[nH]n2)n1)c3ncc(F)cn3
CHEMBL2335883,1.4217917,CN(C)CCNCc1ccc(Nc2ncc3cc(ccc3n2)c4ccncc4)cc1
CHEMBL91863,3.4141588,Cc1ccccc1Nc2ncnc3ccccc23
CHEMBL593300,3.0612197,Cn1c(CN2CCN(CC2)c3ccccc3)nc4ccccc14
CHEMBL205465,3.9675293,CC(C)CN1C(=O)N(C)C(=O)c2c1sc(Cc3ccccc3C(F)(F)F)c2C(=O)N4CCCCC4
CHEMBL472618,2.8274496,Nc1c(NC2CCCC2)nc(nc1N3CCOCC3)C#N
CHEMBL1454,0.7792833,C1CN2C[C@@H](N=C2S1)c3ccccc3
CHEMBL1089224,3.4137917,CCCCOc1nc(N)c2NC(=O)N(Cc3cccc(CC(=O)OC)c3)c2n1
CHEMBL2086656,3.5575364,CC(C)(C)OC(=O)N1CCN(CC1)c2ccc(OCc3ccc(cc3)S(=O)(=O)C)cc2
CHEMBL1809228,3.5517626,COc1cc(ccc1Nc2ncc(Cl)c(n2)c3cnc4ccc(cn34)N(C)C)N5CCN(CC5)C(=O)C
CHEMBL2164678,3.1467388,Fc1ccc2[nH]c3CCN(Cc3c2c1)C(=O)[C@@H]4CCCC[C@H]4C(=O)NC5(CC5)C#N
CHEMBL391565,2.0335019,COc1ccc(NC(=O)c2ccnc(N)n2)cc1
CHEMBL2207654,3.2835793,O[C@H](CNC(=O)C1=CNC(=O)c2cc(ccc12)S(=O)(=O)N3CCC3)CN4CCC(CC4)Oc5ccc(Cl)c(Cl)c5
CHEMBL217354,3.8525355,CC(C)c1ccccc1Cc2cc(C(=O)Nc3ccc(cc3)S(=O)(=O)c4ccccc4C(C)(C)C)c(O)c(O)c2O
CHEMBL325681,2.2697961,COc1cccc(c1)c2cc(O)c3cc(NC(=O)C)ccc3n2
CHEMBL2179280,1.6007254,CCC(CC)C[C@@H](N1CCC[C@@H](C1)N2C=C(C)C(=O)NC2=O)c3ccc(C(=O)O)c(Oc4cccc(Cl)c4)c3
CHEMBL1271394,3.0805085,CN(c1ccnc(Nc2cccc(c2)S(=O)(=O)C)n1)c3cccc4[nH]ncc34
CHEMBL364069,0.6177255,O=C(N[C@H]1CN2CCC1CC2)c3ccc(s3)c4ccccn4
CHEMBL569720,1.9655603,C[C@H](Nc1nc(Nc2cc(C)[nH]n2)c(C)nc1C#N)c3ncc(F)cn3
CHEMBL495383,3.6862528,OCCc1cccc(NC(=O)c2cc3cc(Cl)ccc3[nH]2)c1
CHEMBL1779014,3.4962173,COc1cc(F)ccc1c2cncc(CNC(=O)c3ccccc3)c2
CHEMBL1951081,3.0582283,COc1cc(OC)c(cc1NC(=O)CSc2ccncc2)S(=O)(=O)N3C(C)CCc4ccccc34
CHEMBL1538857,2.3769386,Cc1cc(Nc2ccccc2)n(CCC#N)n1
CHEMBL1289926,3.5670087,CNC(=O)c1ccccc1Sc2ccc3c(\C=C\c4ccccn4)n[nH]c3c2
CHEMBL2094541,1.7780827,COc1cc(OC)nc(n1)N2N=CC(=C(Cl)C2=O)Cl
CHEMBL420857,2.7644293,Oc1ccc(CCNCCS(=O)(=O)CCCOCCc2oc3ccccc3c2)c4sc(O)nc14
CHEMBL1934420,0.57443166,C[C@H](NC(=O)c1c(C)nn(C2CCN(C)CC2)c1NS(=O)(=O)c3ccc(C)cc3)C(C)(C)C
CHEMBL2035035,1.7527137,NC1(CCC1)c2ccc(cc2)c3c(ccn4ncnc34)c5ccccc5
CHEMBL128506,1.81266,CN1CCN(CC1)C(=O)c2cc3ccccc3n2C
CHEMBL430854,2.3435543,CN(C)CC(O)COc1ccc(Nc2nccc(Nc3ccc(Cl)cc3)n2)cc1
CHEMBL219861,2.3279603,CC(C)CN1C(=O)N(C)C(=O)c2c1sc(Cc3ccnc4ccccc34)c2C(=O)N5C[C@H](O)CO5
CHEMBL1809200,3.597832,COc1cc(ccc1Nc2ncc(Cl)c(n2)c3cnc4c(OC)cccn34)N5CCN(CC5)C(=O)C
CHEMBL2177614,0.96101654,CCCSc1c(cnn1c2ccc(cc2)C(=O)O)C(=O)N(C)C3CCCCC3
CHEMBL1312643,1.7429051,O=S(=O)(Cc1cc(nc(n1)c2ccccn2)N3CCOCC3)c4ccccc4
CHEMBL73151,2.5663993,CCN(CC)C(=O)N[C@H]1C[C@H]2[C@@H](Cc3c[nH]c4cccc2c34)N(C)C1
CHEMBL607,1.3224363,CCOC(=O)C1(CCN(C)CC1)c2ccccc2
CHEMBL2164850,3.1789231,O=C(NC1=CC(=CNC1=O)c2ccncc2)[C@H](Cc3ccccc3)NC4(CC4)c5ccccn5
CHEMBL456985,3.3568647,CNC(=O)C[C@H](Nc1ncc(Cl)c(Nc2cc([nH]n2)C3CC3)n1)c4ccc(F)cc4
CHEMBL1224140,2.1668537,Cc1cc(O[C@H]2C[C@H]3CC[C@@H](C2)N3Cc4ccccc4)cc(c1)C(=O)N
CHEMBL69863,2.142237,Oc1cc(O)cc(\C=C\c2ccc(O)c(O)c2)c1
CHEMBL2153179,2.53245,CCCSc1ncccc1C(=O)N(C)[C@@H]2[C@@H]3CC4C[C@H]2C[C@@](O)(C4)C3
CHEMBL1241590,0.40974915,CS(=O)(=O)c1ccc(cc1)[C@@H](O)[C@@H](CF)NC(=O)C(Cl)Cl
CHEMBL2335876,3.1096044,COCCNC(=O)c1ccc(Nc2ncc3cc(ccc3n2)c4ccncc4)cc1C
CHEMBL2163583,3.3246891,Cc1cccc2c3CN(CCc3[nH]c12)C(=O)[C@@H]4CCCC[C@H]4C(=O)NC5(CC5)C#N
CHEMBL533154,0.6807991,Cc1cc(N)c2cc(NC(=O)CCC(=O)Nc3ccc4nc(C)cc(N)c4c3)ccc2n1
CHEMBL211631,0.63501096,COc1cccc2c(ccnc12)c3c(C)n(CC(=O)O)c4ccc(C)cc34
CHEMBL1535,1.3977252,CCN(CCO)CCCC(C)Nc1ccnc2cc(Cl)ccc12
CHEMBL468297,2.7824864,C1CC1Nc2ccc3nnc(c4ccccc4)n3n2
CHEMBL2325732,2.3291945,CC(=O)NCC(NC(=O)C1(N)CCN(CC1)c2ncnc3[nH]ccc23)c4ccc(Cl)cc4
CHEMBL1809191,3.0999131,CC(=O)N1CCN(CC1)c2ccc(Nc3nccc(n3)c4cnc5ccccn45)cc2
CHEMBL2207660,3.3563719,Cc1c(Cl)ccc(OC2CCN(C[C@H](O)CNC(=O)c3c[nH]nc3C(F)(F)F)CC2)c1Cl
CHEMBL2035034,1.8166888,NC1(CCC1)c2ccc(cc2)c3c(ncc4nccn34)c5ccccc5
CHEMBL460,1.6082685,CCc1c(C)[nH]c2CCC(CN3CCOCC3)C(=O)c12
CHEMBL2035031,2.2128067,NC1(CCC1)c2ccc(cc2)c3ncc4cccnc4c3c5ccccc5
CHEMBL2362258,1.3425415,ON=Cc1oc(cc1)[N+](=O)[O-]
CHEMBL71917,3.9967294,CC(C)OC(=O)C1=CN(Cc2c(F)cccc2F)c3sc(c(CN(C)Cc4ccccc4)c3C1=O)c5ccc(NC(=O)C(C)C)cc5
CHEMBL1458496,3.0745704,Clc1cccc(C(=O)N2CCN(CC2)c3ccccn3)c1Cl
CHEMBL2062581,2.700613,CC(=O)Nc1ccc2[nH]cc(c3cc(NC4CC4)n5ncc(C#N)c5n3)c2c1
CHEMBL1541257,2.3984036,C1Cc2ncc(c3ccc4OCCOc4c3)n2C1
CHEMBL505521,2.1508276,CNC1=Nc2ncccc2C(=NC1c3cccs3)c4occc4
CHEMBL1955881,3.0605457,Oc1c(C#N)c(nc2ccncc12)c3ccc(cc3)c4ccccc4C(F)(F)F
CHEMBL369684,2.9680147,C[Si](C)(C)C#Cc1cn(C[C@H]2CN(C(=O)O2)c3ccc(C4=CCS(=O)(=O)CC4)c(F)c3)nn1
CHEMBL2335912,3.2563412,C[C@@H](NC(=O)C)c1ccc(Nc2ncc3cc(cc(C)c3n2)c4ccncc4)cc1
CHEMBL2177155,3.4272442,CN1CCN(CC1)S(=O)(=O)c2ccc(c3cnc(N)c(n3)C(=O)Nc4cccnc4)c(c2)C(F)(F)F
CHEMBL1916082,1.021284,CCC(CC)NC(=O)c1cnn(c1NS(=O)(=O)c2ccc(C)cc2)c3ccccc3
CHEMBL1605684,2.912211,CC(=O)C1=CN(Cc2ccccc2)C(=O)N(Cc3ccc(F)cc3)C1=O
CHEMBL2178371,1.2382475,Cc1nc(C)c(nc1C(=O)N)c2ccc(cc2)C34CCC(CC3)(CC4)C(=O)O
CHEMBL1458025,2.4732058,Cc1sc2ncnc(SCC(=O)N3CCN(CC3)C(=O)c4occc4)c2c1C
CHEMBL2171027,1.2998748,OC(=O)CCCS(=O)(=O)c1cccc(c1)C(=O)N2CCC(CC2)N3CCC(CC3)Oc4ccc(Cl)c(Cl)c4
CHEMBL100391,2.3484442,CN(C)CC(O)COc1ccc(Nc2ncc(Cl)c(Nc3ccccc3)n2)cc1
CHEMBL284954,2.8935065,CCOC(=O)[C@H](Cc1ccc(cc1)[N+](=O)[O-])NC(=O)c2ccccc2
CHEMBL92484,1.5070481,CCc1cccc(c1)N(C)C(=N)Nc2cccc3ccccc23
CHEMBL264026,2.09905,CC[S+]([O-])c1ncccc1C2(O)CCN(CC34CC(c5ccccc35)c6ccccc46)CC2
CHEMBL1499,1.3817008,C[C@]12CCC(=O)C=C1CC[C@H]3[C@@H]4CC[C@](O)(C(=O)CO)[C@@]4(C)CC(=O)[C@H]23
CHEMBL393501,3.2740803,CN1C(=O)C=C(CCc2cccc(c2)c3ccccc3)N=C1N
CHEMBL1222443,3.4340546,CC1=CC2=NNC(=O)N2c3cc(ccc13)c4occc4
CHEMBL2335904,3.2601848,C[C@@H](NC1=CC(=O)CC1)c2ccc(Nc3ncc4cc(ccc4n3)c5ccncc5)cc2
CHEMBL2153173,3.1693907,CCCSc1ncccc1C(=O)NC2CCCCC2
CHEMBL1916283,1.2363741,C[C@@H](NC(=O)c1c(C)nn(c1NS(=O)(=O)c2ccc(C)cc2)c3ccccc3)C(C)(C)C
CHEMBL184271,3.282119,COc1cc2ncnc(Nc3cc(NC(=O)c4ccnc(c4)N5CCOCC5)ccc3C)c2cc1OCCN6CCOCC6
CHEMBL2164744,0.9552703,COc1ccc2N=CC(=O)N(CCN3CC[C@H](NCc4cc5OCCOc5cn4)[C@H](O)C3)c2c1
CHEMBL1940279,3.4551277,O[C@]1(CN2CCC1CC2)C#Cc3ccc(Oc4ccc(cc4)C(=O)NCc5ccnc6ccccc56)cc3
CHEMBL631,1.709979,CCCNCC(O)COc1ccccc1C(=O)CCc2ccccc2
CHEMBL1303766,-0.6192794,CCN(CC)c1ccc2C=C(C(=O)O)C(=O)Oc2c1
CHEMBL2036782,2.0077631,CC(C)N1CCN[C@H](C1)C(=O)N2CCN(CC2)C(=O)Nc3ccc(Cl)c(Cl)c3
CHEMBL20210,2.5844429,CCOC(=O)\C=C\[C@H](C[C@@H]1CCNC1=O)NC(=O)[C@@H](CC(=O)[C@@H](NC(=O)c2cc(C)on2)C(C)C)Cc3ccc(F)cc3
CHEMBL2336331,3.9399214,C[C@@H]1CN(C[C@H](C)O1)c2nc(N3CCOC[C@@H]3C)c4ccc(nc4n2)c5ccccc5
CHEMBL277474,0.25562227,CN1N(C(=O)C=C1C)c2ccccc2
CHEMBL2179668,-0.8981378,CC1=CN([C@H]2CCCN(Cc3ccc(C(=O)O)c(Oc4cccc(F)c4)c3)C2)C(=O)NC1=O
CHEMBL1349,-0.19676852,CC(C)[C@H](N)C(=O)OCCOCn1cnc2C(=O)N=C(N)Nc12
CHEMBL1949685,1.8050452,CN[C@@H](C)C(=O)N[C@@H](C1CCCCC1)C(=O)N[C@H]2CCCN(CCc3ccccc3)C2
CHEMBL2011908,2.5497375,CNc1c(Br)cnc2[nH]c(nc12)c3ccc(cc3)S(=O)(=O)C
CHEMBL392559,1.7686828,Clc1ccc(CN2C[C@@H]3C[C@H]2CN3)cc1C(=O)NCC45CC6CC(CC(C6)C4)C5
CHEMBL760,1.7972051,Clc1ccc2N=C3NC(=O)CN3Cc2c1Cl
CHEMBL2158834,1.8615377,OC(=O)c1cccnc1N2CCC(CN3CCC(CC3)Oc4ccc(Cl)c(Cl)c4)CC2
CHEMBL1385161,0.1030097,CC(=O)Nc1nc(N)n(n1)c2ccccc2
CHEMBL452861,1.0574039,CC(C)NC[C@H](O)COc1cccc2ccccc12
CHEMBL324343,0.9022527,CC(C)C(NC(=O)CN1C(=O)C(=CC=C1c2ccccc2)NC(=O)Cc3ccccc3C(=O)O)C(=O)C(F)(F)F
CHEMBL379350,2.266878,CCN(CC)c1ccc2C=C(C(=O)C)C(=O)Oc2c1
CHEMBL1468936,3.5256677,CCOC(=O)c1c(nc2cc(C)ccn12)c3ccccc3
CHEMBL1778627,-0.44571233,CN(c1ccc(cc1)c2cc(ccc2OCC(=O)O)C(F)(F)F)S(=O)(=O)C
CHEMBL1762521,3.0333002,CN(c1ccccc1)c2ccnc(Nc3cc(cc(c3)N4CCOCC4)N5CCOCC5)n2
CHEMBL2170985,0.9830246,Nc1ncnc2c1ncn2[C@@H]3O[C@H](CSCCCNC(=O)NCc4ccccc4)[C@@H](O)[C@H]3O
CHEMBL91428,3.5725086,COc1cc2ncnc(Nc3cc4ccccc4cn3)c2cc1OC
CHEMBL567175,2.6947737,Oc1ccc2C[C@H]3N(CC4CC4)CC[C@@]56[C@@H](Oc1c25)c7[nH]c8ccccc8c7C[C@@]36O
CHEMBL1916083,-0.083762646,CNC(=O)c1cnn(c1NS(=O)(=O)c2ccc(C)cc2)c3ccccc3
CHEMBL2335865,3.166244,COCCNC(=O)c1ccc(Nc2ncc3cc(ccc3n2)c4ccnc(C)c4)cc1
CHEMBL384536,2.0569098,CC(C)CN1C(=O)N(C)C(=O)c2c1sc(Cc3c[nH]c4ncccc34)c2C(=O)N5C[C@H](O)CO5
CHEMBL313907,1.4481227,O=S(=O)(Nc1nc(nn1Cc2ccccc2)c3ccccc3)c4ccccc4
CHEMBL2059910,1.8902721,CNC(=O)Nc1nc2ccc(cn2n1)c3cncc(c3)S(=O)(=O)NC(C)(C)C
CHEMBL1809062,3.4586093,COc1cc(ccc1Nc2ncc(Cl)c(n2)c3cnc4ccccn34)N5CCN(CCO)CC5
CHEMBL2035039,1.658648,NC1(CCC1)c2ccc(cc2)N3C(=O)c4ccccc4N=C3c5ccccc5
CHEMBL1824040,0.44065034,CC(=O)c1ccc2OCC(=O)N(CCN3CCC(CC3)NCc4ccc5OCC(=O)Nc5n4)c2c1
CHEMBL569,0.4291768,CCN(CC)CCOC(=O)c1ccc(N)cc1
CHEMBL515839,2.9350896,CC(C)n1c(C)ncc1c2ccnc(Nc3ccc(cc3)S(=O)(=O)CC4CCCO4)n2
CHEMBL2207655,2.6524272,CC1(O)CN(C1)S(=O)(=O)c2ccc3C(=CNC(=O)c3c2)C(=O)NC[C@@H](O)CN4CCC(CC4)Oc5ccc(Cl)c(Cl)c5
CHEMBL789,0.9828825,NC(Cc1cc(I)c(Oc2ccc(O)c(I)c2)c(I)c1)C(=O)O
CHEMBL51931,2.8267064,O=C1C(=O)c2ccccc2c3ccccc13
CHEMBL235789,1.7902242,Clc1ccc(CN2CCNCC2)cc1C(=O)NCC34CC5CC(CC(C5)C3)C4
CHEMBL273235,2.379972,Fc1ccc(cc1)n2cc(C3CCNCC3)c4cc(Cl)ccc24
CHEMBL1270671,3.1607754,CS(=O)(=O)c1cccc(Nc2nccc(Nc3cccc4ccoc34)n2)c1
CHEMBL2152906,3.93155,CCN1C=C(C=C(C)C1=O)[C@@]2(N=C(N)c3c(F)cccc23)c4cccc(c4)c5cc(ccn5)C#CC
CHEMBL11336,1.7543135,COC(=O)NC1=CN=C(N(CC(=O)NC(C(C)C)C(=O)C(F)(F)F)C1=O)c2ccc(F)cc2
CHEMBL2315158,1.8283422,CCCCNc1nc(N)c2NC(=O)N(Cc3ccc(OCCN(C)C)nc3)c2n1
CHEMBL1762,0.7062049,CC(N)C(=O)Nc1c(C)cccc1C
CHEMBL550777,1.3512452,NC1CCN(CC1)c2nccc(C(=O)NCC34CC5CC(CC(C5)C3)C4)c2Cl
CHEMBL1163879,2.9727433,COc1ccc(cc1)C(=O)N2CCC(CC2)C(=O)c3ccc(F)cc3
CHEMBL554169,1.3091975,Cc1ccc(OC(=O)N2CCN3CCC2CC3)cc1
CHEMBL2062564,2.800266,CC(=O)Nc1ccc2cnn(c3cc(NC4CC4)n5ncc(C#N)c5n3)c2c1
CHEMBL561339,0.8744441,CCN(CC)C(=O)c1ccc(C2=CC3(CCNCC3)Oc4ccccc24)c(O)c1
CHEMBL1682810,3.8464704,CN1CCOc2nc(ccc12)C#Cc3ccccc3
CHEMBL1536083,3.521378,CCOC(=O)CN(c1ccccc1C)S(=O)(=O)c2ccc(Cl)cc2
CHEMBL1950730,1.0946826,CN[C@@H](C)C(=O)N[C@@H](C1CCCCC1)C(=O)N[C@H]2CCCN(C2)C(=O)Cc3ccccc3
CHEMBL60066,1.3585457,[O-][n+]1cc(ccc1Cl)C(=O)Nc2ccc(F)cc2
CHEMBL1927039,2.9361138,N#Cc1ccc(Nc2nccc(NC3CC3)n2)cc1
CHEMBL403813,1.0863239,Nc1ccccc1NC(=O)c2ccc(cc2)c3ncc(CN4CCC4)cc3C#N
CHEMBL2086688,3.4725628,C[C@@H]1CN(CCN1c2ncc(OCc3ccncc3C#N)cn2)C(=O)OCC(F)F
CHEMBL430507,2.678246,CN(C)CC(O)COc1ccc(Nc2nccc(n2)N(CC#N)c3cc(Cl)ccc3Cl)cc1
CHEMBL1762536,3.5693164,CN(c1ccnc(Nc2cc(cc(c2)N3CCOCC3)N4CCCC4)n1)c5cc(CO)ccc5C
CHEMBL87277,3.7856653,Cn1nc(cc1NC(=O)Nc2ccc(Cl)cc2)C(C)(C)C
CHEMBL878,1.5825868,CC1Nc2cc(Cl)c(cc2C(=O)N1c3ccccc3C)S(=O)(=O)N
CHEMBL499864,3.052425,Cn1cnc(c2ccccc2)c1C#Cc3ccnc(N)n3
CHEMBL1610495,3.0933576,CNC(=O)c1cc(C(=O)c2ccc(Cl)cc2)c(Br)[nH]1
CHEMBL2325622,1.1353815,CN1CC(C1)n2nccc2c3cc(Cl)ccc3Oc4cc(F)c(cc4F)S(=O)(=O)Nc5ncns5
CHEMBL1081627,3.627029,Oc1ccc(Nc2nc(cs2)c3ccc(cc3)C#N)cc1
CHEMBL198497,2.4480088,CCN(C1CCN(CCC(c2ccccc2)c3ccc(NC(=O)C)cc3)CC1)C(=O)Cc4ccc(cc4)S(=O)(=O)C
CHEMBL453261,2.8577592,Cc1ccc(cc1)S(=O)(=O)c2ccccc2
CHEMBL2325987,2.581586,CC(NC(=O)C1(N)CCN(CC1)c2ncnc3[nH]ccc23)c4ccc(F)cc4
CHEMBL518760,2.165017,COc1cc2ncc(C(=O)N)c(Nc3ccc(F)cc3F)c2cc1NCCN4CCCCC4
CHEMBL1917444,1.3059397,COc1ccc(Sc2c(C)n(CC(=O)O)c3ccc(C)cc23)cc1
CHEMBL1916281,1.4083799,CC(NC(=O)c1c(C)nn(c1NS(=O)(=O)c2ccc(C)cc2)c3ccccc3)C(C)(C)C
CHEMBL1917418,2.0062416,Cc1ccc2c(c1)c(Sc3ccc(Cl)cc3)c(C)n2CC(=O)O
CHEMBL556667,3.1763325,Clc1cccc(NC(=O)c2ccccn2)c1
CHEMBL1481,1.6805997,CCC1=C(C)CN(C(=O)NCCc2ccc(cc2)S(=O)(=O)NC(=O)N[C@@H]3CC[C@@H](C)CC3)C1=O
CHEMBL1938681,2.7620568,Clc1ccc(cc1)c2oc(cc2)C(=O)N(Cc3ccccn3)c4ccc(cc4)N5CCNCC5
CHEMBL559696,2.1494014,O=C1NC=Nc2scc(c3cccs3)c12
CHEMBL2087853,3.7020528,CC(C)N1C(=O)N(CC2CC2)c3nn(Cc4ccnc5ccc(Cl)cc45)c(c6cncn6C)c3C1=O
CHEMBL567,3.4062448,OCCN1CCN(CCCN2c3ccccc3Sc4ccc(Cl)cc24)CC1
CHEMBL2071095,1.5895278,O=C(NC1(CC1)C#N)[C@@H]2CCCC[C@H]2C(=O)N3CCN(CC3)c4nc5ncccc5s4
CHEMBL256711,2.2158053,Nc1ccccc1NC(=O)c2ccc(cc2)c3nccs3
CHEMBL1682830,3.5211186,CCN1CCOc2cc(COc3ccccc3)cnc12
CHEMBL1649771,2.1531045,Nc1ncc([nH]1)c2ccc(F)cc2
CHEMBL402553,2.9684982,Clc1cc(Nc2ncnc3[nH]nc(OCCN4CCCC4)c23)ccc1OCc5ccccn5
CHEMBL1645105,3.270579,COc1ccc(cn1)c2ccc3nc(N)sc3c2
CHEMBL2023704,2.0613008,COc1ccc(cc1)c2ccnc(N)n2
CHEMBL2164682,2.8794904,O=C(NC1(CC1)C#N)[C@@H]2CCCC[C@H]2C(=O)N3CCc4[nH]c5ccccc5c4C3
CHEMBL1734492,2.6138349,NC(=O)NC(=O)C(Nc1ccc2CCCc2c1)c3ccccc3
CHEMBL1683038,2.6133146,COc1cc2nnc(C(=O)N)c(Nc3cccc(Cl)c3F)c2cc1N4CCN(C)CC4
CHEMBL2030443,1.4718511,CS(=O)(=O)Cc1cc(nc(n1)c2cccc(CO)c2)N3CCOCC3
CHEMBL213495,0.60863936,Cc1ccc2c(c1)c(c(C)n2CC(=O)O)c3ccnc4c(cccc34)C#N
CHEMBL1483,3.4732685,CCCSc1ccc2nc(NC(=O)OC)[nH]c2c1
CHEMBL565755,2.5710638,CCOc1ccc2nc(N)sc2c1
CHEMBL1644358,2.8264647,N(c1ccccc1)c2ccnc3ccccc23
CHEMBL284237,1.6608522,C[C@]12N[C@H](Cc3ccccc13)c4ccccc24
CHEMBL79537,2.1097968,COc1cc(ccc1Cn2ccc3ccc(cc23)C(=O)NCC4CCCC4)C(=O)NS(=O)(=O)c5ccccc5
CHEMBL274642,2.6246605,NC1=NN(CC1)c2cccc(c2)C(F)(F)F
CHEMBL1807872,0.6820885,O[C@@H](CNCCCOCCNCCc1cccc(Cl)c1)c2ccc(O)c3NC(=O)Sc23
CHEMBL2036737,3.287962,CC(C)(C(=O)Nc1oc(nn1)C(=O)Nc2ccc(cc2)N3CCOCC3)c4ccc(Cl)cc4
CHEMBL1347379,3.5019283,Cc1ccc(cc1)C(=O)N2CCC(CC2)C(=O)c3ccc(Cl)cc3
CHEMBL72683,2.6609683,c1ccc(nc1)c2nc3ccccc3[nH]2
CHEMBL1946017,3.4748404,CCN(CC)C(=O)c1ccc(cc1)C(=C2CCN(Cc3ccc(F)cc3)CC2)c4cccnc4
CHEMBL1083642,1.5111952,OC(=O)CO[C@H]1[C@@H](Cc2ccccc12)NC(=O)c3cc4sc(Cl)c(Cl)c4[nH]3
CHEMBL2088259,3.4322286,COc1cc(CCc2cc(Nc3ccnc(NCc4ccccn4)n3)n[nH]2)cc(OC)c1
CHEMBL202314,0.4496411,[O-][N+](=O)c1cc(ccc1NCCSc2ccccc2)S(=O)(=O)NC(=O)c3ccc(cc3)N4CCNCC4
CHEMBL2152074,3.15908,Nc1cc(nc2ccc(Nc3cc(nc(N)n3)c4ccc(cc4)C(F)(F)F)cc12)c5ccc(F)cc5
CHEMBL499520,3.2867222,Fc1cnc(NC(=O)[C@H](CC2CCOCC2)c3ccc(cc3)S(=O)(=O)C4CC4)s1
CHEMBL1229059,1.2058847,NC(=N)SCc1ccc(Cl)c(Cl)c1
CHEMBL1444,1.7146223,N#Cc1ccc(cc1)C(c2ccc(cc2)C#N)n3cncn3
CHEMBL218713,3.4655793,Cc1ccc(COC(=O)N2CCC(CNc3ncccn3)CC2)cc1
CHEMBL205627,1.7272408,COC[C@H](C)Oc1cc(O[C@@H](C)Cc2ccccc2)cc(c1)C(=O)Nc3ccc(cn3)C(=O)O
CHEMBL1871428,0.740937,Oc1ncc(NCc2ccccc2)c(O)n1
CHEMBL1340633,0.4828652,COc1cc(ccc1Nc2ccccc2C(=O)O)c3ccc(Nc4ccccc4C(=O)O)c(OC)c3
CHEMBL8953,3.3404953,COc1cc(cc(OC)c1OC)C(=O)c2cc(Cl)ccc2N
CHEMBL257176,1.4490119,Nc1ccccc1NC(=O)c2ccc(cc2)c3ncccc3C#N
CHEMBL95925,2.6138048,CN(C)CC1CCn2c(C1)c(C3=C(C(=O)NC3=O)c4cn(C)c5ccccc45)c6ccccc26
CHEMBL1070,3.384809,COc1ccc2cc(CCC(=O)C)ccc2c1
CHEMBL2169908,2.7312384,C[C@@H]1CN(CCN1C(=O)[C@@H]2CCCC[C@H]2C(=O)NC3(CC3)C#N)c4ccc5c(C)noc5c4
CHEMBL1950721,1.4039121,CN[C@@H](C)C(=O)N[C@@H](C1CCCCC1)C(=O)N[C@H]2CCN(Cc3ccccc3)C2
CHEMBL333685,1.7256994,Oc1ccc(NC(=O)c2ccc(O)cc2)cc1
CHEMBL33227,3.5946844,COC(=O)[C@H](Cc1ccc(cc1)[N+](=O)[O-])NC(=O)c2cccc3ccccc23
CHEMBL1706173,2.7348287,COc1cc(ccc1Nc2ncc3N(C)C(=O)CCN(C4CCCCC4)c3n2)C(=O)NC5CCN(C)CC5
CHEMBL488084,2.3320827,CC(C)n1c(C)ncc1c2ccnc(Nc3ccc(cc3)C(=O)N)n2
CHEMBL1535688,-0.49505186,Cc1ccc(OCC(=O)O)c(c1)n2nc3ccccc3n2
CHEMBL1231206,3.6416593,C[C@@H]1CNc2c(sc3ccc4nc(ccc4c23)c5ccc(C)nc5)C(=O)N1
CHEMBL1718949,3.6958718,CC1=C(Cc2ccccc2)C(=O)n3nc(NCc4ccc(Cl)cc4)nc3N1
CHEMBL1824043,0.9346907,Fc1ccc2OCC(=O)N(CCN3CCC(CC3)NCc4ccc5OCC(=O)Nc5n4)c2c1
CHEMBL38688,3.0322504,N(c1ccccc1)c2ccccc2
CHEMBL1770475,4.138924,CSCCC(NC(=O)c1ccccc1)c2nc3ccccc3n2Cc4ccc(cc4)C#N
CHEMBL2086684,3.5417645,C[C@@H]1CN(CCN1c2ncc(OCc3ccncc3C#N)cn2)C(=O)OC(C)(C)C
CHEMBL122617,2.3777905,Oc1cccc2ccccc12
CHEMBL1513816,2.7967038,CCN1CCN(CC1)C(=O)c2cc3cc(Cl)ccc3[nH]2
CHEMBL2326624,1.6595705,COc1cccc2c1c(NS(=O)(=O)c3ccc(Cl)s3)nn2Cc4cccc(CNC(=O)[C@@H]5COCCN5)c4
CHEMBL340450,2.2398422,COc1ccc2c(c1)cc(C(=O)O)n2Cc3ccc(Cl)c(Cl)c3
CHEMBL1223873,1.6625558,NC(=O)c1cccc(O[C@H]2C[C@H]3CC[C@@H](C2)N3Cc4ccccc4)c1
CHEMBL1242565,1.4455671,C[C@H](N)C(=O)N[C@@H](CCc1ccccc1)\C=C\S(=O)(=O)c2ccccc2
CHEMBL2031168,0.19880724,CN1CCNc2nc(CCOc3ccc(C[C@H](NC(=O)c4c(Cl)cccc4Cl)C(=O)O)cc3)ccc12
CHEMBL1405928,3.0632112,C(Sc1nc2cccnc2[nH]1)c3ccccc3
CHEMBL62136,4.372884,OC(c1ccc(cc1)N(CC(F)(F)F)S(=O)(=O)c2ccccc2)(C(F)(F)F)C(F)(F)F
CHEMBL1087399,2.526772,C[C@H](Nc1nc(Nc2ncc(C#N)s2)cc(n1)N3CCOCC3)c4ncc(F)cn4
CHEMBL640,-0.4767456,CCN(CC)CCNC(=O)c1ccc(N)cc1
CHEMBL373339,1.6536529,CC(C)Oc1cc(OCCc2ccsc2)cc(c1)C(=O)Nc3ccc(cn3)C(=O)O
CHEMBL1995326,3.098591,O=C(Nc1ccc(Nc2ccc(NC(=O)c3ccccc3)c4C(=O)c5ccccc5C(=O)c24)c6C(=O)c7ccccc7C(=O)c16)c8ccccc8
CHEMBL184347,3.2708604,COc1ccc(cc1OC)C(=O)Nc2cc(NC(=O)c3cccc(c3)N(C)C)ccc2Br
CHEMBL441225,1.2369633,COc1ccccc1CN[C@H]2CCCN[C@H]2c3ccccc3
CHEMBL1258166,0.16720843,NC(=O)c1cccc(O[C@@H]2C[C@H]3CC[C@@H](C2)N3CC4CC4)c1
CHEMBL113187,2.5336223,CC(C)C(NC(=O)CN1C(=O)C(=CC=C1c2ccccc2)NC(=O)OCc3cc(C)nc(C)c3)C(=O)C(F)(F)F
CHEMBL73243,2.9854038,COCCCNS(=O)(=O)c1ccc(Nc2nccc(n2)c3cnc4ccccn34)cc1
CHEMBL211456,-0.40208864,CN[C@@H](C)[C@H](O)c1ccccc1
CHEMBL2163586,3.6386447,FC(F)(F)c1cccc2c3CN(CCc3[nH]c12)C(=O)[C@@H]4CCCC[C@H]4C(=O)NC5(CC5)C#N
CHEMBL2031164,0.37433362,OC(=O)[C@H](Cc1ccc(OCCNc2nc3ccccc3[nH]2)cc1)NC(=O)c4c(Cl)cccc4Cl
CHEMBL406852,-0.6561136,COc1nc(N)nc2c1ncn2[C@@H]3O[C@H](CO)[C@@H](O)[C@H]3O
CHEMBL1172928,1.7442844,C[C@@H]1NC(C)(C)CO[C@@]1(O)c2cccc(Cl)c2
CHEMBL1951893,2.703415,CCN(C1CCN(CCC(N2CCN(CC2)c3ccccc3)c4ccccc4)CC1)C(=O)Cc5ccc(cc5)S(=O)(=O)C
CHEMBL2164675,-0.23400092,CN1CCN(CC1)C(=O)[C@@H]2CCCC[C@H]2C(=O)NCC#N
CHEMBL2326686,1.627662,Fc1ccc(cc1Cl)C2CNCC=CC2
CHEMBL1209655,3.7892392,Clc1cc(Cl)cc(c1)S(=O)(=O)NCC(N2CCCCCC2)c3ccccc3
CHEMBL2325707,1.5581814,CN1CCC(CC1)(c2cc(nc(n2)c3cccc4[nH]ccc34)N5CCOCC5)S(=O)(=O)C
CHEMBL188369,3.099569,C[C@@H](NC(=O)c1cccnc1Oc2ccccc2)c3ccccc3
CHEMBL2331749,2.3553731,CC1=CN([C@H]2CCCN(C2)S(=O)(=O)c3ccc(O)c(Oc4ccc(Cl)cc4)c3)C(=O)NC1=O
CHEMBL1951916,2.2158067,CCN(C1CCN(CC[C@H](C2CCN(CC2)S(=O)(=O)C)c3cc(C)cc(C)c3)CC1)C(=O)Cc4ccc(cc4)S(=O)(=O)C
CHEMBL1950854,1.4966617,CN[C@@H](C)C(=O)N[C@H](C(=O)N[C@H]1CCCN(CCc2ccc(OC)cc2)C1)C(C)(C)C
CHEMBL47406,1.3960536,COC(=O)COc1ccc(O)cc1
CHEMBL403963,-0.16345572,C(=C\c1nn[nH]n1)/c2ccccc2
CHEMBL669,2.797153,CN(C)CCC=C1c2ccccc2C=Cc3ccccc13
CHEMBL109244,1.7611909,Oc1ccc(CCNCCCCCCNC(=O)Nc2ccccc2)c3sc(O)nc13
CHEMBL345937,-1.0742221,CC1SC2=C(C(=O)O)C(=O)c3cc(F)c(cc3N12)N4CCNCC4
CHEMBL2171040,1.6131763,COc1ccccc1S(=O)(=O)NC(=O)N2CCC(CC2)N3CCC(CC3)Oc4ccc(Cl)c(Cl)c4
CHEMBL2104888,2.7300606,O[C@H]([C@H](Cc1ccccc1)NC(=O)c2cc3cc(Cl)ccc3[nH]2)C(=O)N4C[C@@H](O)[C@@H](O)C4
CHEMBL1077827,2.1099322,CCOc1ccc(cc1)N2C(=O)c3cccnc3N=C2[C@@H](C)N(CC4CCN(C)CC4)C(=O)Cc5ccc(F)c(c5)C(F)(F)F
CHEMBL300982,2.0709321,CC1(C)Cc2c(c3ccccc3)c(c(CC(=O)O)n2C1)c4ccc(Cl)cc4
CHEMBL219098,3.0588386,CC(C)CN1C(=O)N(C)C(=O)c2c1sc(Oc3cccc4ccccc34)c2C(=O)N5CC[C@@H](O)C5
CHEMBL1824606,3.343056,Fc1ccccc1COc2cc(OCCCN3CCCC3)ccc2C(=O)Nc4ccccc4
CHEMBL1218,2.5224602,CCC(=O)NCC[C@@H]1CCc2ccc3OCCc3c12
CHEMBL121,2.4769876,CN(CCOc1ccc(CC2SC(=O)NC2=O)cc1)c3ccccn3
CHEMBL193200,2.5851984,Oc1ccc(CC(=O)c2ccc(O)cc2O)cc1
CHEMBL1433131,2.7045398,Clc1cccc(Cl)c1c2nnc3cccc(Cl)n23
CHEMBL72,1.4292948,CNCCCN1c2ccccc2CCc3ccccc13
CHEMBL2179269,-0.38166475,C[C@@H](N1CCC[C@@H](C1)N2C=C(C)C(=O)NC2=O)c3ccc(C(=O)O)c(Oc4cccc(Cl)c4)c3
CHEMBL1945033,-0.010901213,O[C@@H](CNCCc1cccc(CNCCc2ccccn2)c1)c3ccc(O)c4NC(=O)Sc34
CHEMBL147405,1.6050689,CC(=O)NC[C@H]1CN(C(=O)O1)c2ccc(c(F)c2)n3ccc(c3)C#N
CHEMBL2325713,2.366919,CS(=O)(=O)C1(CC1)c2cc(nc(n2)c3ccccc3)N4CCOCC4
CHEMBL2164746,0.4467231,COc1ccc2N=CC(=O)N(CCN3CC[C@H](NCc4ccc5OCC(=O)Nc5n4)[C@H](O)C3)c2c1
CHEMBL1523918,1.7956041,Clc1ccc(cc1)S(=O)(=O)Nc2nnc(s2)c3ccccc3
CHEMBL1529080,1.5998913,CN1SC(=O)c2cc(ccc12)S(=O)(=O)NC3CC3
CHEMBL291666,3.866896,COc1ccc(cc1OC)c2cc(NC(=O)Cc3ccc4ccccc4c3)[nH]n2
CHEMBL2010849,2.0594506,CN([C@@H]1CCN(Cc2ccc(nc2)C(F)(F)F)C[C@@H]1F)C(=O)Cc3ccc(cc3)n4cnnn4
CHEMBL611,1.1833247,COc1cc2nc(nc(N)c2cc1OC)N3CCN(CC3)C(=O)C4CCCO4
CHEMBL2086692,2.958243,C[C@@H]1CN(CCN1c2ncc(OCc3ccncc3C#N)cn2)c4noc(C)n4
CHEMBL81642,2.4465406,COc1cc(ccc1Cn2ccc3ccc(NC(=O)OC4CCCC4)cc23)C(=O)NS(=O)(=O)c5ccccc5
CHEMBL167059,1.6118755,CCCc1c(O)c(ccc1OCc2ccc(cc2)C(=O)O)C(=O)C
CHEMBL1329874,3.2829828,Clc1ccc(c(Cl)c1)c2nnc3cccc(Cl)n23
CHEMBL485618,2.6512303,CCn1c(C)ncc1c2ccnc(Nc3ccc(cc3)S(=O)(=O)NCCOC)n2
CHEMBL98345,0.9326501,ONC(=O)c1ccc(NS(=O)(=O)c2ccccc2)cc1
CHEMBL1088,1.982864,CN1CCCCC1CCN2c3ccccc3Sc4ccc(cc24)[S+](C)[O-]
CHEMBL168484,0.8014393,Nc1ccnc(n1)c2cccnc2
CHEMBL2178935,2.2207575,Cc1nc(C)c(nc1C(=O)N)c2ccc(cc2)[C@@H]3CC[C@@H](CC(=O)N)CC3
CHEMBL1184126,1.9010755,Oc1c2C(=O)N(NC(=O)c2nc3cc(Cl)ccc13)C(C4CCCC4)c5ccccn5
CHEMBL526098,2.5266445,Cc1cccc(NS(=O)(=O)c2ccc(cc2)c3ccc(cc3)C#N)n1
CHEMBL601719,2.4927316,C[C@@H](Oc1cc(cnc1N)c2cnn(c2)C3CCNCC3)c4c(Cl)ccc(F)c4Cl
CHEMBL1784340,0.9994012,Cc1onc(C)c1CCC2CCN(CC2)S(=O)(=O)CC3(CCOCC3)N(O)C=O
CHEMBL130590,4.119961,Cc1ccccc1C(=O)NCC23CC4CC(CC(C4)C2)C3
CHEMBL1946616,2.0120432,CN1CCN(CC1)C(=O)c2ccc(cc2)C(=C3CCN(Cc4cscn4)CC3)c5cccc6cccnc56
CHEMBL588001,0.91165376,CC1(C)N=C(N)N=C(N)N1c2ccc(Oc3ccc(Cl)cc3)c(Cl)c2
CHEMBL1459983,3.564467,COc1ccc(cc1)n2cnc3cc(NS(=O)(=O)c4ccccc4)ccc23
CHEMBL2158831,1.7952056,OC(=O)c1ccccc1CN2CCC(CN3CCC(CC3)Oc4ccc(Cl)c(Cl)c4)CC2
CHEMBL2348651,3.137507,CNc1nc(C)c(s1)c2nc(Nc3cccc(c3)N4CCCN(CC4)C(=O)C)ncc2C#N
CHEMBL1092926,1.8088655,Fc1cc(cc(F)c1CN2CCOCC2)c3cccc4ncc(nc34)c5cnn(c5)C6CCNCC6
CHEMBL1829254,1.0759286,CCC(N(CCCN)C(=O)c1ccc(C)cc1)C2=Nc3ccsc3C(=O)N2Cc4cccnc4
CHEMBL24850,1.5419139,OC(=O)c1cc2cc(OCc3ccccc3)ccc2[nH]1
CHEMBL2171023,1.3256942,OC(=O)c1ccccc1C(=O)N2CCC(CC2)N3CCC(CC3)Oc4ccc(Cl)c(Cl)c4
CHEMBL2059867,2.9085555,Cc1ccc(cc1NC(=O)c2ccc(OCc3ccccn3)cc2)c4c[nH]c(C)n4
CHEMBL1299863,3.7210455,CCc1c(C)nc(SCC(=O)Nc2nc(cs2)c3ccc(OC)cc3)nc1O
CHEMBL2165054,0.9512334,CO[C@H]1CN(CCN2C(=O)C=Cc3ccc(cc23)C#N)CC[C@H]1NCc4cc5OCCOc5cn4
CHEMBL2017974,2.757303,Nc1cc(c(cn1)c2cc(nc(n2)N3CCOCC3)N4CCOCC4)C(F)(F)F
CHEMBL2058529,2.9410465,OC(=O)CCc1ccc(OCc2cc(Cl)ccc2c3ccccc3)cc1
CHEMBL612012,0.99218893,COc1ccc2CC3C4C=CC(O)C5Oc1c2C45CCN3C
CHEMBL488238,2.6598299,CNC(=O)c1cc(sc1NC(=O)N)c2ccccc2
CHEMBL421236,3.2526622,C[C@H](NC(=O)Cc1cc(F)cc(F)c1)C(=O)NC2C(=O)N(C)c3ccccc3c4ccccc24
CHEMBL1645135,1.4874723,C[C@H](NC(=O)c1cccc2CCN(Cc3ccc(Cl)cc3)c12)c4ccc(cc4)C(=O)O
CHEMBL1813048,4.046815,CC(=O)Nc1cccc(Nc2ncnc(n2)N3CCC(CC3)OCc4ccc(OC(F)(F)F)cc4)c1C
CHEMBL336923,3.135475,CC(O)(C(=O)Nc1ccc(cc1)S(=O)(=O)c2ccc(F)cc2)C(F)(F)F
CHEMBL850,-0.83224416,C[C@@H]1CN(C[C@H](C)N1)c2c(F)c(N)c3C(=O)C(=CN(C4CC4)c3c2F)C(=O)O
CHEMBL1957266,3.7247589,Cc1sc2c(C(=N[C@@H](CC(=O)OC(C)(C)C)c3nnc(C)n23)c4ccc(Cl)cc4)c1C
CHEMBL372361,1.5138245,CSc1ccc(OCc2ccccc2)c(c1)C(=O)Nc3ccc(cn3)C(=O)O
CHEMBL47875,3.8391175,Oc1ccc(cc1)c2nc3ccccc3s2
CHEMBL1650737,2.8782105,COc1cc(Nc2nc(N[C@@H](C)c3ncc(F)cn3)nc(N4CCOCC4)c2Cl)n[nH]1
CHEMBL1462105,2.4208272,Clc1cccc(NNC(=O)c2cccnc2Cl)c1
CHEMBL419763,3.6152196,Cc1ccc(NC(=O)CCC2CCCCC2)cc1NC(=O)c3ccc(O)cc3
CHEMBL149434,2.3584042,CCc1c(C(=O)C(=O)N)c2c(OCC(=O)N)cccc2n1Cc3ccccc3
CHEMBL49236,1.9449098,Nc1cccc2C(=O)C(=O)c3ccccc3c12
CHEMBL12952,0.31306124,COc1ccc2cc(ccc2c1)C(C)C(=O)O
CHEMBL1939752,2.5880866,CCOC(=O)Nc1cccc(c1)[C@H](N2CCN(Cc3cccnc3)CC2)c4ccc(cc4)C(=O)N5CCC5
CHEMBL21342,1.6913834,C1NC(Cc2ccccc12)c3ccccc3
CHEMBL1778623,0.6221987,CCN(CC)S(=O)(=O)c1ccc(cc1)c2cc(ccc2OCC(=O)O)C(F)(F)F
CHEMBL1004,0.15233922,CN(C)CCOC(C)(c1ccccc1)c2ccccn2
CHEMBL17357,0.041065693,NCCc1ccc(O)c2nc(O)sc12
CHEMBL39058,2.3908453,COc1ccc(C(=O)Nc2c(Cl)cncc2Cl)c3cccnc13
CHEMBL322019,3.092464,CN(C)CC(O)COc1ccc(Nc2nccc(n2)N(CC#C)c3cc(Cl)ccc3Cl)cc1
CHEMBL472,2.058934,COc1ccc(Cl)cc1C(=O)NCCc2ccc(cc2)S(=O)(=O)NC(=O)NC3CCCCC3
CHEMBL249927,3.4589655,OCC(=O)N1CCC[C@@H]1COc2cccc3ncnc(Nc4ccc(OCc5ccccn5)c(Cl)c4)c23
CHEMBL1194666,1.1900651,CCN(CC)C(C)C(=O)c1ccccc1
CHEMBL443239,2.7799852,CCCN(CCC)C(=O)c1cccc(c1)C(=O)N[C@@H](Cc2ccccc2)[C@H](O)CNCc3cccc(OC)c3
CHEMBL277148,2.6801682,Oc1cc(nc2ccccc12)c3ccccc3
CHEMBL242818,2.155268,Cc1cc(O)ccc1N2C(=O)c3ccc(O)cc3C2=O
CHEMBL419742,3.2670186,FC(F)(F)c1cc(COCC(N2CCNCC2)c3cccc(Cl)c3)cc(c1)C(F)(F)F
CHEMBL187007,3.569708,COc1cc2ncnc(Nc3cc(NC(=O)c4cccc(c4)N(C)C)ccc3Cl)c2cc1OC
CHEMBL2147150,3.213554,C[C@H]1O[C@H]([C@H](O)[C@@H]1O)n2cnc3c(N)nc(OCC45CC6CC(CC(C6)C4)C5)nc23
CHEMBL2031466,1.8645202,CC(C)NC(=O)c1ccc(C)c(c1)N2C=Nc3ccc(cc3C2=O)N4CCN(C)CC4
CHEMBL1080151,2.9309704,C[C@H](Nc1nc(Nc2ncc(C)s2)c(F)c(n1)N3CCOCC3)c4ncc(F)cn4
CHEMBL1567984,-0.0061302185,OC(=O)c1ccc(cc1)c2nnn(Cc3ccccc3F)n2
CHEMBL2111158,-0.6115024,CC(C)NCC(O)COc1nccs1
CHEMBL1224286,2.091288,CNC(=O)c1cccc(O[C@H]2C[C@H]3CC[C@@H](C2)N3Cc4ccccc4)c1
CHEMBL266195,0.8069991,CC(C)NCC(O)COc1ccccc1CC=C
CHEMBL2062582,2.438436,CC(=O)Nc1ccc2c(c1)c(cn2CCO)c3cc(NC4CC4)n5ncc(C#N)c5n3
CHEMBL424,-1.1417925,OC(=O)c1ccccc1O
CHEMBL1079428,3.0270567,Cn1cnc(c2ccccc2)c1c3cc4c(N)ncnc4s3
CHEMBL782,0.48381376,CCCCNC(=O)NS(=O)(=O)c1ccc(C)cc1
CHEMBL2179275,0.9582803,CC(C)C[C@@H](N1CCC[C@@H](C1)N2C=C(C)C(=O)NC2=O)c3ccc(C(=O)O)c(Oc4cccc(Cl)c4)c3
CHEMBL385240,3.302167,COc1ccc(Cl)c(Nc2ncnc3cc(OC)cc(OC4CCN(C)CC4)c23)c1
CHEMBL1835912,3.631568,CCOC(=O)c1ccc(OCCC2CCN(CC2)c3ccc(C)nn3)nc1
CHEMBL564366,1.7244105,Cc1ccc2nc(CCNCCCO)ccc2c1NC(=O)CC34CC5CC(CC(C5)C3)C4
CHEMBL430381,3.2376833,OCC(CO)Nc1nc(SCc2cccc(F)c2F)nc3nc(NC4CC4)sc13
CHEMBL198758,2.7290907,CCN(C1CCN(CCC(c2ccccc2)c3ccc(cc3)C#N)CC1)C(=O)Cc4ccc(cc4)S(=O)(=O)C
CHEMBL109614,2.560141,C[C@@H](COCCCS(=O)(=O)CCNCCc1ccc(O)c2nc(O)sc12)c3ccccc3
CHEMBL101473,1.8712252,CN(C)CC(O)COc1ccc(Nc2ncc(C)c(Nc3ccccc3)n2)cc1
CHEMBL2153188,1.9712818,CCCSc1nc(ccc1C(=O)NC2CCCCC2)N3CCCC(C3)C(=O)O
CHEMBL351231,3.010138,C[C@@H]1CCCN1CCc2oc3ccc(cc3c2)c4ccc(cc4)C#N
CHEMBL517544,3.1001506,COc1cc2ncc(C(=O)N)c(Nc3cccc(Cl)c3)c2cc1OC
CHEMBL1209736,3.5206122,Brc1ccc(cc1)S(=O)(=O)NCC(N2CCCCCC2)c3ccccc3
CHEMBL1927707,3.1007135,Oc1ccccc1CCC(=O)Nc2ccccc2
CHEMBL254129,1.6722009,C[C@@H]1CN[C@@H]2[C@@H](C1)O[C@]3(CC[C@H]4[C@@H]5CC=C6C[C@@H](O)CC[C@]6(C)[C@H]5CC4=C3C)[C@@H]2C
CHEMBL315985,0.5812321,NC(=O)N1c2ccccc2C[C@H](O)c3ccccc13
CHEMBL1529362,1.9584328,Nc1nnc(s1)c2ccccc2
CHEMBL1289682,3.6699367,Fc1ccc(C2CCN(CC2)C(=S)COCc3ccncc3)c(Cl)c1
CHEMBL1539,-0.6255319,COc1ncnc(NS(=O)(=O)c2ccc(N)cc2)c1OC
CHEMBL180368,3.0081742,C[C@H]1CCCN1CCc2oc3ccc(cc3c2)c4ccc(cc4)C#N
CHEMBL1650723,2.6696346,COc1cc(Nc2nc(N[C@@H](C)c3ncc(F)cn3)ncc2Cl)n[nH]1
CHEMBL226905,1.3592496,CC(N1NC(=O)C2=C(C1=O)C(=O)c3ccc(Cl)cc3N2)c4ccsc4
CHEMBL1323247,2.2238188,CCN1CCN(CC1)C(=O)c2cc3cc(F)ccc3[nH]2
CHEMBL2349335,3.9986048,CC(C)C[C@H](CO)Nc1nc(SCc2ccccc2)nc3nc(N)sc13
CHEMBL1626,2.260014,CN1CCC[C@@H]1CCO[C@](C)(c2ccccc2)c3ccc(Cl)cc3
CHEMBL195329,1.8567159,O=C(N[C@H]1CN2CCC1CC2)c3ccc(s3)c4ccccc4
CHEMBL1384203,3.4771461,CC(NCC(O)c1ccc(cc1)[N+](=O)[O-])C23CC4CC(CC(C4)C2)C3
CHEMBL2179289,3.5030181,CC1=CN(C2CCCN(Cc3cccc(Oc4ccc(C)cc4)c3)C2)C(=O)NC1=O
CHEMBL1800657,2.3682618,CCCN(CCNCCc1ccc(O)c2NC(=O)Sc12)C(=O)CCOCCc3ccccc3
CHEMBL259081,2.7288096,O=C1N=C(NCc2ccccc2)SN1Cc3ccccc3
CHEMBL2207226,2.9904206,COc1cc(OC)c(cc1NC(=O)Cc2ccnc(F)c2)S(=O)(=O)N3c4ccccc4Oc5ccccc35
CHEMBL1230165,1.3605032,OC(=O)c1ccc2c(c1)nc(Nc3cccc(Cl)c3)c4ccncc24
CHEMBL902,-2.7781355,NC(=N)Nc1nc(CSCCC(=N)NS(=O)(=O)N)cs1
CHEMBL1939738,3.0352578,CN(CCO)C(=O)c1ccc(cc1)[C@@H](N2CCN(Cc3ccc(F)cc3)CC2)c4cccc(NC(=O)C5CC5)c4
CHEMBL1951918,2.3691158,CCN(C1CCN(CC[C@H](C2CCN(CC2)S(=O)(=O)C)c3cccc(c3)C(F)(F)F)CC1)C(=O)Cc4ccc(cc4)S(=O)(=O)C
CHEMBL365614,2.031004,CN1CCCC(COc2nccc(Nc3cc(NC(=O)c4ccnc(c4)N5CCOCC5)ccc3C)n2)C1
CHEMBL2207656,3.2433224,O[C@H](CNC(=O)C1=CNC(=O)c2c(F)cccc12)CN3CCC(CC3)Oc4ccc(Cl)c(Cl)c4
CHEMBL70824,2.164063,CN(C)CCCN(C)S(=O)(=O)c1ccc(Nc2nccc(n2)c3cnc4ccccn34)cc1
CHEMBL1457701,1.7393699,OC1=CC(=O)C2=C(O1)c3ccccc3N(Cc4ccccc4)C2=O
CHEMBL140453,2.5380094,CC(O)(C(=O)Nc1ccc(cc1)S(=O)(=O)c2ccc(O)cc2)C(F)(F)F
CHEMBL2153180,2.3930442,CCCSc1ncccc1C(=O)N(C)[C@H]2[C@@H]3CC4C[C@H]2C[C@@](O)(C4)C3
CHEMBL2087846,2.9237742,Cn1cncc1c2c3C(=O)N(CC#CCO)C(=O)N(CC4CC4)c3nn2Cc5ccnc6ccc(Cl)cc56
CHEMBL2153174,3.5462656,Fc1cccc(F)c1CS(=O)(=O)N2CCN(CC2)c3ncccc3C(F)(F)F
CHEMBL520902,0.50950503,CS(=O)(=O)c1ccc(cc1)c2cc(C(=O)N[C@H]3CCCNC3)c(NC(=O)N)s2
CHEMBL1213071,1.4264693,Cc1onc(C(=O)N)c1C(=O)Nc2nccs2
CHEMBL41,1.9300925,CNCCC(Oc1ccc(cc1)C(F)(F)F)c2ccccc2
CHEMBL1079588,3.1445925,CCn1cnc(c2ccccc2)c1c3nc4c(N)ncnc4s3
CHEMBL167151,1.3065798,CCCc1c(O)c(ccc1OCCCCSCC(=O)O)C(=O)C
CHEMBL1084546,2.599029,CN(c1ncccc1CNc2nc(Nc3ccc4NC(=O)Cc4c3)ncc2C(F)(F)F)S(=O)(=O)C
CHEMBL370492,2.349576,CCc1nc2cc(O)ccc2c(Oc3ccc(\C=C\C(=O)O)cc3)c1c4ccccc4
CHEMBL1770298,3.7945218,Cc1ccc(s1)C(NC(=O)c2ccccc2O)C(=O)Nc3c(C)cccc3C
CHEMBL1089517,2.322719,COCCOc1nc(N)c2NC(=O)N(Cc3cccc(CC(=O)OC)c3)c2n1
CHEMBL10,3.2872224,C[S+]([O-])c1ccc(cc1)c2nc(c3ccc(F)cc3)c([nH]2)c4ccncc4
CHEMBL1934271,1.9176658,CCC(CC)n1nc(C)c(C(=O)N[C@@H](C)C(C)(C)C)c1NS(=O)(=O)c2ccc(C)cc2
CHEMBL1630123,2.7993326,CN1CCN(CC(=O)Nc2ccc(C3=CC=CN4C(=O)C=C(N=C34)N5CCOCC5)c6sc7ccccc7c26)CC1
CHEMBL447183,0.83793294,NC1=NC2(CCN(CC2)C(=O)c3ccc(nc3)C#N)Nc4c(F)ccc(F)c14
CHEMBL441093,2.2135005,CC(=O)NC[C@H]1CN(C(=O)O1)c2ccc(N3Cc4cccnc4C3)c(F)c2
CHEMBL1682972,2.285157,CC[C@H](NC(=O)c1c([S+](C)[O-])c(nc2ccccc12)c3ccccc3)c4cccnc4
CHEMBL1614705,2.190219,OCC(=O)N1CCC(CC1)c2[nH]nc(c3ccc(Cl)cc3F)c2c4ccncn4
CHEMBL2151322,3.1454809,CC(C)Oc1cc(n[nH]1)n2cnc3ccc(N[C@@H](CO)c4ccc(F)cn4)nc23
CHEMBL2011942,2.0193346,NC(=O)c1cnc2[nH]c(nc2c1NCCCNC(=O)C3CCC3)c4ccc(OCCN5CCCCC5)cc4
CHEMBL252083,3.2092333,CNC(=O)OC[C@@H](C)N(c1cc(Cl)ccc1CO)S(=O)(=O)c2ccc(Cl)cc2
CHEMBL453629,2.1650898,CC(C)n1c(C)ncc1c2ccnc(Nc3ccc(C(=O)NCCN(C)C)c(F)c3)n2
CHEMBL1575541,2.3133738,CC1(CCC(=O)N1Cc2cccs2)C(=O)NC3CCCCC3
CHEMBL1809067,3.232304,COc1cc(ccc1Nc2ncc(Cl)c(n2)c3cnc4ccccn34)N5CCN(CC5)C(=O)N
CHEMBL1223955,1.1352639,NC(=O)c1cccc(c1)[S+]([O-])[C@H]2C[C@H]3CC[C@@H](C2)N3Cc4ccccc4
CHEMBL551813,1.4439464,CN(C)c1nc(Cc2ccc(NC(=O)c3ccc(cc3)C(F)(F)F)cc2)nc(N(C)C)c1CC(=O)O
CHEMBL1916261,1.01631,CCC(CC)NC(=O)c1nnn(c1NS(=O)(=O)c2ccc(C)cc2)c3ccccc3
CHEMBL577458,1.1526982,Nc1nc(SCc2ccccc2)nc3c1ncn3[C@@H]4O[C@H](CO)[C@@H](O)[C@H]4O
CHEMBL368473,1.0846013,CN1C(=O)N(C)c2[nH]c(nc2C1=O)c3cccnc3
CHEMBL2010846,3.1451042,CO[C@@H]1CN(Cc2ccc(cc2)C(F)(F)F)CC[C@@H]1N(C)C(=O)Cc3ccc(cc3)n4cnnn4
CHEMBL154,0.35318577,COc1ccc2cc(ccc2c1)[C@H](C)C(=O)O
CHEMBL288470,0.7557874,CN(C)C1=C(C)N(C)N(C1=O)c2ccccc2
CHEMBL281066,2.7774224,CCC(CC)CNC(=O)c1ccc2c(c1)c(Cc3ccc(cc3OC)C(=O)NS(=O)(=O)c4ccccc4C)cn2C
CHEMBL2178385,0.8425466,NC(=O)c1cncc(c1)c2ccc(cc2)[C@@H]3CC[C@@H](CC(=O)O)CC3
CHEMBL563,0.6946267,CC(C(=O)O)c1ccc(c(F)c1)c2ccccc2
CHEMBL1809196,3.5651598,COc1cc(ccc1Nc2ncc(c(n2)c3cnc4ccccn34)C(F)(F)F)N5CCN(CC5)C(=O)C
CHEMBL2035025,1.8211126,NC1(CCC1)c2ccc(cc2)c3ncc4nccn4c3c5ccccc5
CHEMBL1778373,1.1768765,COC[C@H](C)Oc1cc(Oc2cc(F)cc(F)c2)cc(c1)C(=O)Nc3ccc(cn3)C(=O)O
CHEMBL2179279,1.5029924,CCC(C)(C)C[C@@H](N1CCC[C@@H](C1)N2C=C(C)C(=O)NC2=O)c3ccc(C(=O)O)c(Oc4cccc(Cl)c4)c3
CHEMBL139088,3.1728568,Fc1cccc(c1)C(COCc2cc(cc(c2)C(F)(F)F)C(F)(F)F)N3CCNCC3
CHEMBL1779013,2.8625364,COc1cc(F)ccc1c2cncc(CNC(=O)c3ccccn3)c2
CHEMBL1299619,3.3933578,CSCc1cc(nc(n1)c2ccccc2)N3CCOCC3
CHEMBL2062575,1.6715131,CN(C)CCCNc1cc(nc2c(cnn12)C#N)n3ccc4ccc(NC(=O)C)cc34
CHEMBL2062574,2.005148,CC(=O)Nc1ccc2ccn(c3cc(NCCN4CCCC4)n5ncc(C#N)c5n3)c2c1
CHEMBL2163582,3.552363,Clc1cccc2c3CN(CCc3[nH]c12)C(=O)[C@@H]4CCCC[C@H]4C(=O)NC5(CC5)C#N
CHEMBL8145,2.6016386,Oc1ccc(cc1)C2=COc3cc(O)ccc3C2=O
CHEMBL65119,3.4439614,Nc1ccc2[nH]c(Cc3ccc(Oc4ccccc4)cc3)nc2c1
CHEMBL1090089,1.6797707,CN1C(=O)C(=Cc2cnc(NC(CCO)CCO)nc12)Oc3ccc(F)cc3F
CHEMBL111660,1.2450836,CCc1ccc(NC(=O)c2ccc3cc(ccc3c2)C(=N)N)cc1
CHEMBL2180015,3.465095,CC#Cc1ccnc(c1)c2cc(ccc2O)C3(N=C(C)C(=N3)N)C4CC4
CHEMBL540930,3.1291208,Fc1ccc(cc1)C(NC(=O)CC2CCN(Cc3ccn(c3)c4ccc(cc4)C(F)(F)F)CC2)C5=CNC(=O)C(=C5)Cl
CHEMBL66520,1.9248301,CC(C)C(NC(=O)CN1C(=O)C(=CC=C1c2ccccc2)NC=O)C(=O)C(F)(F)F
CHEMBL1809195,3.3164692,COc1cc(ccc1Nc2ncc(C)c(n2)c3cnc4ccccn34)N5CCN(CC5)C(=O)C
CHEMBL1574146,3.053766,Nc1cccc2C(=O)N(Cc3cccc(Cl)c3)C(=O)c12
CHEMBL2079220,0.9509342,NC(=O)Nc1cc(sc1C(=O)N[C@H]2CCCNC2)c3ccccc3
CHEMBL1964629,2.1380763,Nc1nc(Cl)nc(NCc2ccccc2)n1
CHEMBL1374798,-0.30039954,COc1cccc(COCC(O)CN2CCC(CC2)C(=O)N)c1
CHEMBL320714,2.3668523,Oc1ccc(CCNCCCCCCOCCc2ccccc2)c3sc(O)nc13
CHEMBL1778365,0.68032086,COC[C@H](C)Oc1cc(Oc2ccccc2)cc(c1)C(=O)Nc3ccc(cn3)C(=O)O
CHEMBL256963,1.657987,Clc1ccc2ncc(c3cccc(NC4CNC4)n3)n2c1
CHEMBL149324,0.2155217,NC(=N)Nc1ccc(cc1)C(=O)Oc2ccccc2
CHEMBL2035023,0.8930737,NC1(CCC1)c2ccc(cc2)C3=NN4C=CC(=O)N=C4C=C3c5ccccc5
CHEMBL16073,1.8122264,CCOc1ccc(NC(=O)C)cc1
CHEMBL492112,3.911242,O=C(CC12CC3CC(CC(C3)C1)C2)Nc4ccc5[nH]ncc5c4
CHEMBL1909282,-0.14110398,OC(=O)Cc1csc(n1)c2ccc(Cl)cc2
CHEMBL519301,1.3862242,Cc1oc(cc1)c2ccc(cc2F)S(=O)(=O)N3CCC[C@H]3C(=O)N4CC[C@@H](N)C4
CHEMBL2012204,3.0672247,Cc1onc(c1)[C@H](O)[C@](C)(OCc2ccc(cc2)c3ccccc3)C(=O)NO
CHEMBL8232,0.53117955,COc1cccc(Oc2cncnc2O)c1
CHEMBL2151324,2.841302,CC(C)Oc1cc(Nc2nc3c(cc2F)ncn3[C@@H](CO)c4ccc(F)cn4)n[nH]1
CHEMBL557697,2.013153,OC(=O)c1cccc(c1)c2ccc3c(C(=O)NCC45CC6CC(CC(C6)C4)C5)c(Cl)ccc3n2
CHEMBL181610,2.3667428,Nc1nc(N)c(nc1Cl)C(=O)Nc2ccccn2
CHEMBL129198,2.6691952,CN1CCN(CC1)C(=O)c2cc3cc(Cl)ccc3[nH]2
CHEMBL1631473,1.2258122,CC1CN(C1)C(=O)c2nnc3c(cccc3c2N)c4ncccn4
CHEMBL514257,3.8281608,OC[C@H](Nc1ncc(Cl)c(Nc2cc([nH]n2)C3CC3)n1)c4ccc(F)cc4
CHEMBL2030446,2.6231136,C[C@H]1COCCN1c2cc(CS(=O)(=O)C)nc(n2)c3ccc4[nH]ccc4c3
CHEMBL2088093,2.8929152,COCCCc1cc(Nc2nc(NCc3onc(C)c3)ncc2Br)n[nH]1
CHEMBL272842,1.2333026,OCc1ccc(OC2CCN(CC3CCN(CC3)[C@@H](Cc4ccccc4)C(=O)O)CC2)cc1Cl
CHEMBL550496,1.7781222,OC(=O)CNCCNc1ccc(Cl)c(c1)C(=O)NCC23CC4CC(CC(C4)C2)C3
CHEMBL2172003,3.3475049,COc1cc(ccc1C2CC2)N3CCN([C@H](C)C3)C(=O)[C@@H]4CCCC[C@H]4C(=O)NC5(CC5)C#N
CHEMBL2031467,1.5634236,CCNC(=O)c1ccc(C)c(c1)N2C=Nc3ccc(cc3C2=O)N4CCN(C)CC4
CHEMBL1489473,3.1186628,O=C(Nc1nc(cs1)c2ccccc2)c3cccnc3
CHEMBL325486,3.347784,CS(=O)(=O)n1c2ccccc2c3cc(NC(=O)CCc4ccncc4)ccc13
CHEMBL2086687,3.6467495,C[C@@H]1CN(CCN1c2ncc(OCc3ccncc3C#N)cn2)C(=O)OCC(F)(F)F
CHEMBL1566172,2.247129,Nc1nnc(Cc2ccc(Cl)cc2)s1
CHEMBL339670,1.2845435,OC(=O)c1c(C#N)c2ccccc2n1Cc3ccc(Cl)c(Cl)c3
CHEMBL1947156,2.3393722,O[C@@H](CNCCc1cccc(c1)c2cccc(CNCc3ccccc3)c2)c4ccc(O)c5NC(=O)Sc45
CHEMBL457888,2.313214,CC(C)n1c(C)ncc1c2ccnc(Nc3ccc(cc3)S(=O)(=O)CCCN4CCOCC4)n2
CHEMBL232846,3.267241,C[C@H](CO)Nc1nc(SCc2ccccc2F)nc3nc(N)sc13
CHEMBL2321992,1.041259,OCC[C@]1(CCCNC1)c2ccc(Cl)c(Cl)c2
CHEMBL183492,3.8070452,C=CCN(C1CCN(CCC(c2ccccc2)c3ccccc3)CC1)C(=O)Nc4ccccc4
CHEMBL1916288,1.0015092,C[C@H](NC(=O)c1c(C)nn(c1NS(=O)(=O)c2ccc(cc2)C#N)c3ccc(F)cc3)C(C)(C)C
CHEMBL2158841,2.739024,OC(=O)[C@H](Cc1ccc(F)cc1)N2CCC(CN3CCC(CC3)Oc4ccc(Cl)c(Cl)c4)CC2
CHEMBL1270773,2.666144,CS(=O)(=O)c1cccc(Nc2nccc(Nc3cccc4ncoc34)n2)c1
CHEMBL2335885,2.9502702,COCCC(=O)N(C)c1ccc(Nc2ncc3cc(ccc3n2)c4ccncc4)cc1
CHEMBL2086670,3.925406,C[C@@H]1CN(CCN1c2ncc(OCc3ccc(cc3)C#N)cn2)C(=O)OC(C)(C)C
CHEMBL477785,2.3304884,CC(C)n1c(C)ncc1c2ccnc(Nc3ccc(cc3)N4CCN(CC4)S(=O)(=O)CCN(C)C)n2
CHEMBL61236,1.8436995,Nc1ccc2ccccc2n1
CHEMBL1455292,0.94573617,CCCCN1Cc2c(O)n3nc(cc3nc2C1=O)c4occc4
CHEMBL2207665,2.880971,CN1C=C(C(=O)NC[C@@H](O)CN2CCC(CC2)Oc3ccc(Cl)c(Cl)c3)C(=CC1=O)C(F)(F)F
CHEMBL1645108,3.0956414,Nc1nc2ccc(cc2s1)c3cccc(O)c3
CHEMBL2087848,3.7218406,CC#CCN1C(=O)N(CC2CC2)c3nn(Cc4ccnc5ccc(Cl)cc45)c(c3C1=O)c6cncn6C
CHEMBL2172000,2.747933,C[C@@H]1CN(CCN1C(=O)[C@@H]2CCCC[C@H]2C(=O)NC3(CC3)C#N)c4ccc5c(C)nn(C)c5c4
CHEMBL1957460,2.1895611,Cc1nccc(c1Cl)c2ccc(cc2)c3nc4ccncc4c(O)c3C#N
CHEMBL98350,3.335845,O=C1C=C(Oc2c1cccc2c3ccccc3)N4CCOCC4
CHEMBL1916543,0.4177289,COc1ncc2C=CC(=O)N(CCN3CCC(CC3)NCc4cc5OCCOc5cn4)c2n1
CHEMBL301928,2.0806866,COc1cc(ccc1Cc2cn(C)c3ccc(NC(=O)CC4CCCC4)cc23)C(=O)O
CHEMBL1917447,0.16852808,Cc1c(c2cc(F)ccc2n1CC(=O)O)S(=O)(=O)c3ccc(Cl)cc3
CHEMBL256348,2.7845774,NS(=O)(=O)c1ccc(Nc2nccc(Nc3c(Cl)ccc4OCOc34)n2)cc1
CHEMBL2179282,1.8831205,CCC(C)(CC)C[C@@H](N1CCC[C@@H](C1)N2C=C(C)C(=O)NC2=O)c3ccc(C(=O)O)c(Oc4cccc(Br)c4)c3
CHEMBL480208,2.7842214,CC1(C)[C@@H]2CC[C@@]1(CS(=O)(=O)N3CCN(CC3)c4ccc(cn4)C#N)C(=O)C2
CHEMBL1054,0.56368554,NS(=O)(=O)c1cc2c(NC(NS2(=O)=O)C(Cl)Cl)cc1Cl
CHEMBL1904754,0.9679061,Cc1nc2ncnn2c(O)c1CCOC(=O)c3ccccc3F
CHEMBL2208422,3.5220318,O[C@H](CNS(=O)(=O)c1cccc(c1)C#N)CN2CCC(CC2)Oc3ccc(Cl)c(Cl)c3
CHEMBL1727809,3.3706927,O=C(NCCCCc1ccccc1)c2ccccc2
CHEMBL153370,0.1271677,CC(C)C[C@H](NC(=O)N1CCOCC1)C(=O)NCC#N
CHEMBL366975,0.6196425,NC(=O)C1CCCCC1
CHEMBL407391,0.7107066,CN(C)c1ncnc2nc[nH]c12
CHEMBL584991,3.4031553,Nc1nonc1\C(=N\O)\Nc2ccc(F)c(Cl)c2
CHEMBL1422545,1.1716121,COc1ccc(cc1)S(=O)(=O)Nc2ccccn2
CHEMBL1427554,2.8637657,Cc1ccc(cc1)c2csc3ncnc(O)c23
CHEMBL1957361,2.806194,CCOc1ccccc1c2ccc(cc2)c3nc4ccncc4c(O)c3C#N
CHEMBL2089383,1.8693905,COc1ccc(NC(=O)C=C)cc1
CHEMBL2331751,2.6343765,CC1=CN([C@H]2CCCN(C2)S(=O)(=O)c3ccc(O)c(Oc4cccc(Br)c4)c3)C(=O)NC1=O
CHEMBL2207671,2.4978359,CS(=O)(=O)c1ccc2C(=CNC(=O)c2c1)C(=O)NC[C@@H](O)CN3CCC(CC3)Oc4ccc(Cl)c(Cl)c4
CHEMBL2068760,0.5852101,CN1CCC[C@H]1c2ccccn2
CHEMBL187392,3.5711257,Oc1ccc(cc1)c2oc3ccc(O)cc3n2
CHEMBL2216870,2.738021,CC[C@H](Nc1ncnc2[nH]cnc12)C3=Nc4cccc(F)c4C(=O)N3c5ccccc5
CHEMBL558752,3.9766688,Cn1c(Nc2ccc(cc2)C(F)(F)F)nc3cc(Oc4ccnc(c4)c5ncc([nH]5)C(F)(F)F)ccc13
CHEMBL47633,2.3716545,Nc1nc(ns1)c2ccccc2
CHEMBL2218940,3.3836982,N\C(=C(/C#N)\c1ccccc1C(F)(F)F)\Sc2ccc(N)cc2
CHEMBL93,1.9304504,CC(N(O)C(=O)N)c1cc2ccccc2s1
CHEMBL1490317,1.9569334,Cc1onc(NC(=O)CSc2nc(C)cc(C)n2)c1
CHEMBL128782,3.0121422,COc1c(cc2ccccc2c1C(=O)N(C)C[C@@H](CCN3CCC(CC3)N4CCCNC4=O)c5ccc(Cl)c(Cl)c5)C#N
CHEMBL515605,1.4777961,CNC1=Nc2ncccc2C(=NC1c3ccns3)c4occc4
CHEMBL1752,-1.1762314,CN1C(=O)N(C)c2ncn(CC(O)CO)c2C1=O
CHEMBL239640,2.112859,CN1C(=O)CC(C)(CCc2cccc(c2)c3ccccc3)N=C1N
CHEMBL130873,2.718926,COc1cc(ccc1Cc2cn(C)c3ccc(cc23)C(=O)NCCc4ccccc4)C(=O)NS(=O)(=O)c5ccccc5C
CHEMBL306380,3.6177368,Cc1ccc(cc1)c2nn(c3ncnc(N)c23)C(C)(C)C
CHEMBL218677,3.1148298,COc1cc2ncnc(Nc3cccc(Cl)c3F)c2cc1OC4CCN(CC(=O)N)CC4
CHEMBL339059,1.6255496,NC(=O)c1ccc(Br)cc1
CHEMBL264666,1.8580072,C1CCN(CC1)c2ncnc3[nH]cnc23
CHEMBL2036595,3.42729,CCOc1cccc(Nc2oc(nn2)C(=O)Nc3ccc(nc3)N4CCOCC4)c1
CHEMBL1770464,3.1826656,C[C@H](Oc1ccc(SCCCCCc2ccccc2)cc1)C(=O)c3nc(C)c(CCCC(=O)O)s3
CHEMBL1939739,3.5374475,Fc1ccc(CN2CCN(CC2)[C@H](c3ccc(cc3)C(=O)N4CCC4)c5cccc(NC(=O)C6CC6)c5)cc1
CHEMBL292303,-0.796067,N[C@H](Cc1c[nH]c2ccccc12)C(=O)O
CHEMBL204887,4.0236807,CC(C)CN1C(=O)N(C)C(=O)c2c(SCCCO)c(Cc3ccccc3C(F)(F)F)sc12
CHEMBL469007,3.7477489,CN1C(=O)N(CC2CC2)c3nn(Cc4ccnc5ccc(Cl)cc45)c(c6oc(cc6Cl)S(=O)(=O)C)c3C1=O
CHEMBL1934413,1.6001118,C[C@H](NC(=O)c1c(C)nn(C2CCC2)c1NS(=O)(=O)c3ccc(C)cc3)C(C)(C)C
CHEMBL226855,1.6035917,Clc1ccc2C(=O)C3=C(Nc2c1)C(=O)NN(Cc4cccs4)C3=O
CHEMBL2165067,0.85619426,COc1ccc2N=CC(=O)N(CCN3CC[C@@H](NCc4ccc5OCC(=O)Nc5n4)[C@@H](F)C3)c2c1
CHEMBL2017259,1.7014434,O=C(Nc1ccc(nc1)n2ccnc2)c3ccc(cc3)C#N
CHEMBL1571558,0.9784975,Nc1[nH]ncc1S(=O)(=O)c2ccccc2
CHEMBL1916279,1.6364491,Cc1ccc(cc1)S(=O)(=O)Nc2c(C(=O)NCC(C)(C)C)c(C)nn2c3ccccc3
CHEMBL2030442,2.1335497,CS(=O)(=O)Cc1cc(nc(n1)c2cccc3[nH]ccc23)N4CCOCC4
CHEMBL1933596,1.9806089,C[C@H]1O[C@H]([C@H](O)[C@@H]1O)n2cnc3c(N)nc(OCC4CCC(F)(F)CC4)nc23
CHEMBL325475,3.6377842,CCn1c2ccccc2c3cc(NC(=O)CCc4ccncc4)ccc13
CHEMBL1778647,0.2904148,CCS(=O)(=O)c1ccc(c2cc(Cl)ccc2OCC(=O)O)c(c1)C(F)(F)F
CHEMBL2158775,2.5705445,COc1ccccc1C[C@H](N2CCC(CN3CCC(CC3)Oc4ccc(Cl)c(Cl)c4)CC2)C(=O)O
CHEMBL1683035,2.1965604,COc1cc2nnc(C(=O)N)c(Nc3ccc(F)cc3F)c2cc1N4CCN(C)CC4
CHEMBL247366,2.2263997,Fc1ccc2cn[nH]c2c1
CHEMBL2169919,2.2234159,CC(C)N(CCCNC(=O)Nc1ccc(cc1)C(C)(C)C)C[C@H]2O[C@H]([C@H](O)[C@@H]2O)n3ccc4c(N)ncnc34
CHEMBL488,0.61425364,CCC1(CCC(=O)NC1=O)c2ccc(N)cc2
CHEMBL515,1.4856491,OC(=O)CCCc1ccc(cc1)N(CCCl)CCCl
CHEMBL367556,0.6320051,NC1=NC2(CCN(CC2)C(=O)c3ccc(cc3)C#N)Nc4cccc(F)c14
CHEMBL1782167,3.1785274,Cc1ccc(cc1c2ccc(nc2)C(=O)NCC3CC3)C(=O)NC4CC4
CHEMBL1369407,3.8430786,CC(C)N=C1C=C2N(c3ccc(Cl)cc3)c4ccccc4N=C2C=C1Nc5ccc(Cl)cc5
CHEMBL2165061,0.9033958,CO[C@@H]1CN(CCN2C(=O)C=Nc3ccc(OC)cc23)CC[C@H]1NCc4ccc5OCC(=O)Nc5n4
CHEMBL1475400,2.0337925,Oc1cc(OCc2ccccc2)ccn1
CHEMBL322640,2.4472728,CN(C)CC(O)COc1ccc(Nc2cc(Nc3cc(Cl)ccc3Cl)ncn2)cc1
CHEMBL218573,3.1790369,CC(C)CN1C(=O)N(C)C(=O)c2c1sc(Cc3ccccc3C(F)(F)F)c2C(=O)N4C[C@H](O)CO4
CHEMBL1995703,2.6594243,CN1CCN(CC1)c2ccc(Nc3ncc(C)c(Nc4cccc(c4)S(=O)(=O)NC(C)(C)C)n3)cc2
CHEMBL2333993,2.0362666,COc1cc2ncnc(Nc3ccncc3)c2cc1OC
CHEMBL1345333,3.425274,N(c1ccccc1)c2[nH]nnc2c3ccccc3
CHEMBL2070951,1.7200801,O=C(NC1(CC1)C#N)[C@@H]2CCCC[C@H]2C(=O)N3CCN(CC3)c4nc5cnccc5s4
CHEMBL1944695,0.9731245,O[C@@H](CNCCc1ccc(CNCCc2ccccc2)cc1)c3ccc(O)c4NC(=O)Sc34
CHEMBL17,0.8250141,NS(=O)(=O)c1cc(Cl)c(Cl)c(c1)S(=O)(=O)N
CHEMBL1524763,3.260722,Fc1ccc(cc1)c2cn3ccccc3n2
CHEMBL196444,1.108576,Fc1ccc(CC2=NNC(=O)c3ccccc23)cc1N4C(=O)CCC4=O
CHEMBL190270,3.5839238,O=C(Nc1cc(nn1c2ccccc2)c3ccccc3)c4cccc(c4)C#N
CHEMBL1230668,-0.96531487,CN(C)c1cccc2c(cccc12)S(=O)(=O)N(C)CC(=O)O
CHEMBL233227,2.5730033,Cc1cc(on1)c2ccc(cc2F)N3C[C@H](Cn4ccnn4)OC3=O
CHEMBL112747,2.185158,COc1ccnc(NC2CCN(CC2)C(=O)c3ccccc3)c1
CHEMBL1834184,3.3527932,CCC(=O)N[C@H]1CC[C@H](C1)C(=O)N(C)c2ccc(cc2)c3oc4ccccc4n3
CHEMBL205133,1.8788831,Nc1c(cnn1c2ccc(F)cc2)C(=O)c3cccc(OC[C@H](O)CO)c3
CHEMBL1957841,3.2894425,O=C1C=C(N=C2N(Cc3cccc4ccccc34)C=CN12)N5CCOCC5
CHEMBL300791,3.237288,COc1cc2ncnc(Nc3ccc(F)c(Cl)c3)c2cc1OCCN4CCN(C)CC4
CHEMBL225519,0.9650383,O=C1NCCc2[nH]c(cc12)c3ccncc3
CHEMBL369311,3.041986,CCN(C1CCN(CCC(c2ccccc2)c3ccccc3)CC1)C(=O)Cc4ccc(cc4)S(=O)(=O)C
CHEMBL214957,3.1294792,COc1cc(ccc1OCCN2CCCC2)N3C=Nc4cc(sc4C3=O)c5ccc(Cl)cc5
CHEMBL224615,2.9488416,CN(C)c1ccnc2sc3C(=O)N(C=Nc3c12)c4ccccc4
CHEMBL287200,2.9585533,CN1CCc2c(NC(=O)Cc3ccccc3)c4ccccc4nc12
CHEMBL1933593,2.194267,C[C@H]1O[C@H]([C@H](O)[C@@H]1O)n2cnc3c(N)nc(OC(C4CC4)C(F)(F)F)nc23
CHEMBL89363,0.6268493,Cc1c[nH]c(\C=C\2/C(=O)Nc3ccccc23)c1CCC(=O)O
CHEMBL478828,3.5014014,COc1ccc(Nc2nccc(n2)c3cnc(C)n3C(C)C)cc1
CHEMBL1650726,1.9785318,C[C@H](Oc1ncc(Cl)c(Nc2cc(C)[nH]n2)n1)c3ncc(F)cn3
CHEMBL563784,1.9676847,Clc1cnc(cc1C(=O)NCC23CC4CC(CC(C4)C2)C3)N5CCNCC5
CHEMBL1917422,3.3923182,Cc1c(Sc2ccc(Cl)cc2)c3cc(Cl)ccc3n1Cc4nnn[nH]4
CHEMBL1644,-1.15523,CC1=C(N2[C@H](SC1)[C@H](NC(=O)[C@H](N)c3ccc(O)cc3)C2=O)C(=O)O
CHEMBL900,1.5933448,CN(C)CCOC(c1ccccc1)c2ccccc2C
CHEMBL2087084,3.3259168,CC(C)c1noc(n1)N2CCN([C@H](C)C2)c3ncc(OCc4ccncc4C#N)cn3
CHEMBL1939560,3.1171887,C[C@@H](N(CC1CCS(=O)(=O)CC1)C(=O)Cc2ccc(c(F)c2)C(F)(F)F)C3=Nc4ncccc4C(=O)N3c5ccc(Cl)cc5
CHEMBL583390,3.4727006,CCOc1ccc2nc(NC(=O)CC)sc2c1
CHEMBL2331742,-0.9146137,CC1=CN([C@H]2CCCN(C2)S(=O)(=O)c3ccc(C(=O)O)c(Oc4cccc(Cl)c4)c3)C(=O)NC1=O
CHEMBL1164165,2.7039013,[O-][N+](=O)c1ccc(cc1)C2=Nc3ccccc3C(=O)N2
CHEMBL199237,2.7963347,O=C(NCc1ccccn1)c2ccc(Oc3ccccc3)cc2
CHEMBL2177157,2.9527805,CN1CCN(CC1)S(=O)(=O)c2ccc(cc2F)c3cnc(N)c(n3)C(=O)Nc4cccnc4
CHEMBL575073,2.9069433,COc1ccccc1C2=COc3cc(O)ccc3C2=O
CHEMBL2326472,1.1891619,Cn1cc(CN2CCc3cc4nc(N)sc4cc3CC2)cn1
CHEMBL1402150,1.9575547,Fc1ccc(cc1F)N2C=CN=C(SCC(=O)NC3CCCC3)C2=O
CHEMBL113905,2.121805,CC(C)C(NC(=O)CN1C(=O)C(=CC=C1c2ccccc2)NC(=O)OCc3ccccn3)C(=O)C(F)(F)F
CHEMBL1606366,3.4636483,Cn1c(SCc2c(Cl)cccc2Cl)nnc1c3ccc4nonc4c3
CHEMBL238620,1.9639368,COc1ccc(cc1)C(=O)CS(=O)(=O)c2ccccc2
CHEMBL90125,3.2166443,CN(C)CC\C=C\1/c2ccccc2Sc3ccc(Cl)cc13
CHEMBL2036738,3.2196772,Clc1ccc(cc1)C2(CCC2)C(=O)Nc3oc(nn3)C(=O)Nc4ccc(cc4)N5CCOCC5
CHEMBL257027,2.8572636,C[C@H](CO)Nc1nc(SCc2ccccc2)nc3NC(=O)Nc13
CHEMBL2335882,2.9580197,COCCN(C)Cc1ccc(Nc2ncc3cc(ccc3n2)c4ccncc4)cc1
CHEMBL1197051,0.98422825,CC(COc1ccccc1)NC(C)C(O)c2ccc(O)cc2
CHEMBL2010835,3.0765672,CN(C1CCN(Cc2ccc(cc2)C(F)(F)F)CC1)C(=O)Cc3ccc(NC(=O)C)cc3
CHEMBL1683446,3.3157911,C[C@@H](C[C@@](C)(CS(=O)(=O)N1CCN(CCc2ccc(Cl)cc2Cl)CC1)N(O)C=O)c3ncc(F)cn3
CHEMBL1614709,2.729036,CN1CCN(CC1)c2ccc(Nc3ncc(F)c(N[C@@H]4[C@@H]5C[C@@H](C=C5)[C@@H]4C(=O)N)n3)cc2C
CHEMBL1420171,1.1902143,Cc1ccc2c(c1)c(Sc3ccccc3)c(CC(=O)O)n2C
CHEMBL476577,2.895603,CC(C)n1c(C)ncc1c2nc(Nc3ccc(cc3)N4CC(C4)NC(=O)C)ncc2F
CHEMBL206956,1.3046317,NC(=O)c1cc2ccccc2nc1N
CHEMBL129660,0.95090497,O=C(N1CCNCC1)c2cc3ccccc3[nH]2
CHEMBL1288718,3.5202684,N#CCc1c[nH]c2ccc(OCc3ccccc3)cc12
CHEMBL2010852,2.3597846,CN([C@@H]1CCN(Cc2nc3ccccc3s2)C[C@@H]1F)C(=O)Cc4ccc(cc4)S(=O)(=O)C
CHEMBL1950720,2.133894,CN[C@@H](C)C(=O)N[C@@H](C1CCCCC1)C(=O)N2CC[C@H]3CCN(CCc4ccccc4)C[C@@H]23
CHEMBL428848,1.2193284,CC(C)C(NC(=O)CN1C(=O)C(=CN=C1c2ccc(F)cc2)N)C(=O)C(F)(F)F
CHEMBL2088108,2.8330944,Cc1cc(Nc2ccnc(NCc3onc(c3)C4CC4)n2)n[nH]1
CHEMBL1916537,0.76057875,COc1ccc2CCC(=O)N(CCN3CCC(CC3)NCc4ccc5OCC(=O)Nc5n4)c2c1
CHEMBL184243,2.7219207,COc1cccc(c1)C(=O)NCCCOc2cccc3ccc(N)nc23
CHEMBL2058533,2.9381022,Cc1ccc(cc1)c2ccc(F)cc2COc3ccc(CCC(=O)O)cc3
CHEMBL207687,3.2234402,COc1cc2ncnc(Nc3cccc(Cl)c3F)c2cc1CN(C)[C@@H](C)C(=O)N
CHEMBL44793,1.4661921,OC(=O)c1[nH]c2cc(Cl)cc(Cl)c2c1\C=C\C(=O)Nc3ccccc3
CHEMBL324983,2.2912047,CC(C)C(NC(=O)CN1C(=O)C(=CC=C1c2ccccc2)NC(=O)NCc3cccnc3)C(=O)C(F)(F)F
CHEMBL1682956,3.4450126,CC[C@H](NC(=O)c1c([S+]([O-])CC)c(nc2ccccc12)c3ccccc3)c4ccccc4
CHEMBL1980161,1.8482627,Nc1n[nH]c2c(Cl)cccc12
CHEMBL1256487,0.9651674,NC(=O)c1cccc(OC2CCN(CC3CC3)CC2)c1
CHEMBL1643196,1.6815672,Cc1cc(CN2Cc3ccccc3C2C(=O)Nc4ccc(Cl)cc4)ccc1OCC(=O)O
CHEMBL383696,4.8261795,CC(C)CN1C(=O)N(C)C(=O)c2c(SC3CCCC3)c(Cc4ccccc4C(F)(F)F)sc12
CHEMBL2158840,2.7052152,OC(=O)[C@H](Cc1cccc(F)c1)N2CCC(CN3CCC(CC3)Oc4ccc(Cl)c(Cl)c4)CC2
CHEMBL422648,0.118577,CC1SC2=C(C(=O)O)C(=O)c3cc(F)c(cc3N12)N4CCN(CC5=C(C)OC(=O)O5)CC4
CHEMBL2010844,3.2017322,CN([C@H]1CCN(Cc2ccc(cc2)C(F)(F)F)C[C@H]1F)C(=O)Cc3ccc(cc3)n4cnnn4
CHEMBL175627,1.1161377,CC(=O)NC[C@H]1CN(C(=O)O1)c2ccc(c(F)c2)n3cc(nn3)C#N
CHEMBL1824034,1.110871,COC(=O)c1ccc2OCC(=O)N(CCN3CCC(CC3)NCc4ccc5OCC(=O)Nc5n4)c2c1
CHEMBL402934,3.6194596,Clc1ccc2OCOc2c1Nc3ccnc(Nc4ccccc4)n3
CHEMBL214665,2.783227,COc1cc(OC2CCN(C)CC2)c3c(Nc4c(Cl)ccc5OCOc45)ncnc3c1
CHEMBL1643200,2.4404957,Cc1cc(CN2Cc3ccccc3C[C@H]2C(=O)Nc4ccc(Cl)cc4Cl)ccc1OCC(=O)O
CHEMBL1957038,3.2903628,Oc1ccc(cc1)C2=Cc3ccc(O)cc3OC2
CHEMBL139725,0.7632035,OB(O)c1ccccc1C=O
CHEMBL1566034,1.0264497,O=C(N1CC(=O)Nc2ccccc12)c3occc3
CHEMBL108249,1.9535906,Oc1ccc(CCNCCCS(=O)(=O)NCCOCCc2ccc(F)cc2)c3sc(O)nc13
CHEMBL211175,2.4298947,CCN(C1CCN(CC[C@H](c2ccc(cc2)S(=O)(=O)C)c3cc(F)c(F)c(F)c3)CC1)C(=O)Cc4ccc(cc4)S(=O)(=O)C
CHEMBL2086668,3.5512228,C[C@@H]1CN(CCN1c2ncc(OCC3CCN(CC3)S(=O)(=O)C)cn2)C(=O)OC(C)(C)C
CHEMBL75200,0.5809941,O=C1C=CN=C2C=CC=CN12
CHEMBL2164742,0.24179566,O[C@@H]1CN(CCN2C(=O)C=Cc3ccc(cc23)C#N)CC[C@@H]1NCc4ccc5OCC(=O)Nc5n4
CHEMBL1645493,1.0102019,CNC(=O)c1ccc2C(=O)C=C(Nc2c1)c3cccnc3
CHEMBL1270279,3.094926,Clc1n[nH]c2cccc(Nc3ccnc(Nc4cc(cc(c4)N5CCOCC5)N6CCOCC6)n3)c12
CHEMBL256117,2.4345057,Nc1ccccc1NC(=O)c2ccc(cc2)c3ncc(CN4CCCCC4)s3
CHEMBL2147475,0.13823843,COc1cc(ccc1OC[C@H](OP(=O)(O)O)C2CC2)N3C=Nc4cc(sc4C3=O)c5ccc(Cl)cc5
CHEMBL1609158,3.1995904,CCCC(=O)Nc1ccc(Cl)c(c1)c2oc3cccnc3n2
CHEMBL2031556,0.027435064,O=C(Nc1cccc(c1)c2nnn[nH]2)c3cccc4[nH]cnc34
CHEMBL1917431,0.6571746,Cc1c(Sc2ccc(Cl)cc2)c3cc(ccc3n1CC(=O)O)S(=O)(=O)C
CHEMBL1917446,0.32254076,Cc1ccc2c(c1)c(c(C)n2CC(=O)O)S(=O)(=O)c3ccc(Cl)cc3
CHEMBL314437,1.3694034,CCC1(CCCCN(C)C1)c2cccc(O)c2
CHEMBL303165,2.5579708,COc1ccc(cc1)S(=O)(=O)NC2=CC=C(N(CC(=O)NC(C(C)C)C(=O)C(F)(F)F)C2=O)c3ccccc3
CHEMBL2207603,-0.24320865,COc1cc(OC)c(cc1NC(=O)CCC(=O)O)S(=O)(=O)N2c3ccccc3Oc4ccccc24
CHEMBL321467,2.4307864,Oc1ccc(CCNCCCS(=O)(=O)NCCOCCc2cccc(c2)C(F)(F)F)c3sc(O)nc13
CHEMBL2059005,2.247665,CCCSc1nc2ccc(NC(=O)CCNC(=O)N)cc2s1
CHEMBL2349312,4.158642,CC(C)C[C@H](CO)Nc1nc(S[C@@H](C)c2ccccc2)nc3NC(=O)Sc13
CHEMBL1180237,1.0421122,CCC(N1NC(=O)c2nc3cc(Cl)ccc3c(O)c2C1=O)c4cccnc4
CHEMBL1650735,2.3921037,COc1cc(Nc2cc(nc(N[C@@H](C)c3ncc(F)cn3)n2)N4CCOCC4)n[nH]1
CHEMBL1224216,1.8286204,NC(=O)c1ccc(O[C@H]2C[C@H]3CC[C@@H](C2)N3Cc4ccccc4)c(F)c1
CHEMBL183293,3.8015704,CN(C1CCN(CCC(c2ccccc2)c3ccccc3)CC1)C(=O)Cc4ccc(Cl)cc4
CHEMBL220346,2.599061,Nc1ncccc1NCc2cccc(c2)c3cccnc3
CHEMBL2036757,3.152268,Clc1ccc(NC(=O)N2CCN(C[C@@H]3CCCN(C3)C4CC4)CC2)cc1Cl
CHEMBL2177758,0.3001126,Nc1nnc(CCSCCc2nnc(N)s2)s1
CHEMBL2030961,-0.02143097,CNc1cccc(CCOc2ccc(C[C@H](NC(=O)c3c(Cl)cccc3Cl)C(=O)O)cc2F)n1
CHEMBL477568,2.826302,CC(C)n1c(C)ncc1c2ccnc(Nc3ccc(cc3)N4CCN(CC4)C(=O)C)n2
CHEMBL513533,3.3692508,CN1C(=O)N(CC2CC2)c3nn(Cc4ccnc5ccc(Cl)cc45)c(c6oc(cc6)S(=O)(=O)C)c3C1=O
CHEMBL2335892,2.9114847,COCCC(=O)NC(C)c1ccc(Nc2ncc3cc(ccc3n2)c4ccncc4)cc1
CHEMBL191413,0.7370244,CC(C)Cc1ccc(cc1)[C@@H](C)C(=O)NS(=O)(=O)C
CHEMBL298384,3.0301418,COC(=O)CCCCCCC(=O)Nc1ccc2C(=O)C(=O)c3ccccc3c2c1
CHEMBL283334,3.540793,Oc1cc(O)c2C(=O)C(=COc2c1)c3ccc(F)cc3
CHEMBL2062565,2.5108595,CC(=O)Nc1cnc2ccn(c3cc(NC4CC4)n5ncc(C#N)c5n3)c2c1
CHEMBL1689123,0.66890275,CC[C@H]1CN(Cc2cc(Cl)ccc2OCC(=O)O)CCN1S(=O)(=O)c3ccccc3
CHEMBL48966,3.3544145,C(Cc1nc2ccccc2[nH]1)c3nc4ccccc4[nH]3
CHEMBL2349334,3.4777436,CC[C@H](CO)Nc1nc(SCc2ccccc2)nc3NC(=O)Sc13
CHEMBL1940316,1.9273496,O[C@]1(CN2CCC1CC2)C#Cc3ccc(Oc4ccc(cc4)C(=O)NC5CCS(=O)(=O)C5)cc3
CHEMBL186542,3.1914165,COc1cc(cc(OC)c1OC)C(=O)Nc2cc(NC(=O)c3cccc(c3)N(C)C)ccc2C
CHEMBL1824608,3.300551,Fc1cccc(COc2cc(OCCCN3CCCC3)ccc2C(=O)Nc4ccccc4)c1
CHEMBL1916284,2.14077,C[C@H](NC(=O)c1c(NS(=O)(=O)c2ccc(C)cc2)n(nc1C(F)(F)F)c3ccccc3)C(C)(C)C
CHEMBL101892,-1.1578665,NC(=O)c1cn([C@@H]2O[C@H](CO)[C@@H](O)[C@H]2O)c3ncnc(N)c13
CHEMBL188504,3.5194602,COc1ccc(Oc2ncccc2C(=O)NCc3ccccc3Cl)cc1
CHEMBL442591,2.5609827,COc1cc2ncc(C(=O)N)c(Nc3ccccc3F)c2cc1OC
CHEMBL133996,0.5148207,CC(C)NCCCOc1ccc(NC(=O)C)cc1CC=C
CHEMBL515001,3.2372055,CC(C)n1c(C)ncc1c2nc(Nc3ccc(cc3)N4CCOCC4)ncc2F
CHEMBL2165615,2.2683346,CN(C)C(=O)c1ncc(Oc2cc(cc3oc(C)cc23)C(=O)Nc4cnc(C)cn4)cn1
CHEMBL505610,3.435224,C(=C\c1c(nc2sccn12)c3ccccc3)/c4ccncn4
CHEMBL2360367,2.9825015,CCOc1ccc(cc1)N2C(=Nc3ccccc3C2=O)CC
CHEMBL25710,3.1657155,CCCc1c(O)c(ccc1OCCCSc2ccc(CC(=O)O)cc2Cl)C(=O)CC
CHEMBL572629,3.8181121,CC1=NC(=C(NC1=O)c2ccc(CN3CCC(CC3)N4C(=O)Nc5ccccc45)cc2)c6ccccc6
CHEMBL1784355,1.651092,ON(C=O)C1(CS(=O)(=O)N2CCN(CC2)c3ccc(F)cc3)CCC1
CHEMBL222659,4.208186,O=C(Nc1ccccn1)c2ccc3[nH]c(nc3c2)c4ccc(NC(=O)C56CC7CC(CC(C7)C5)C6)cc4
CHEMBL272980,2.3848464,Nc1ccccc1NC(=O)c2ccc(CNc3nccc(n3)c4cccnc4)cc2
CHEMBL266922,2.479343,CCCSc1nc(N[C@@H]2C[C@H]2c3ccccc3)c4nnn([C@@H]5C[C@@H]([C@@H](O)[C@H]5O)C(=O)N)c4n1
CHEMBL1241982,1.6832943,COc1ccc2nc(C)cc(c2c1)n3cc(CN4CCN(CC4)C(=O)C)nn3
CHEMBL2322001,1.5564562,C1NCC(CC=C1)c2ccc3ccccc3c2
CHEMBL1618762,1.6558281,C(Cc1ccccc1)NCc2ccccc2
CHEMBL40,0.7049912,CCC1(C(=O)NC(=O)NC1=O)c2ccccc2
CHEMBL1796299,2.1519473,O[C@@]1(CN2CCC1CC2)C#Cc3ccc(Oc4ccc(cc4)C(=O)NCc5ccncn5)cc3
CHEMBL2031229,2.7089777,CN1CCN(CC1)c2ccc3N=CN(C(=O)c3c2)c4cc(NC(=O)c5ccccc5F)ccc4C
CHEMBL44,3.0412784,Oc1ccc(cc1)C2=COc3cc(O)cc(O)c3C2=O
CHEMBL2023117,3.5416138,CCn1cc(NC(=O)Cc2ccc(Oc3ccnc4cc(OC)c(OC)cc34)cc2OC)cn1
CHEMBL457016,2.8180199,COCCNS(=O)(=O)c1ccc(Nc2nccc(n2)c3cnc4cccnn34)cc1
CHEMBL1917438,2.5156271,Cc1c(Sc2ccc(Cl)cc2)c3c(cccc3n1CC(=O)O)c4ccccc4
CHEMBL1762546,2.7824483,CN(c1ccnc(Nc2cc(cc(c2)S(=O)(=O)C)N3CCOCC3)n1)c4cc(CO)ccc4C
CHEMBL11098,2.5923362,CC(C)C(NC(=O)CN1C(=O)C(=CN=C1c2ccc(F)cc2)NC(=O)OCc3ccccc3)C(=O)C(F)(F)F
CHEMBL2324355,3.3979645,Cc1nocc1C(=O)Nc2ccc(c(N)n2)c3ccccc3OC(F)(F)F
CHEMBL1669155,2.6707575,CC1(COc2cc(ccc2NC(=O)CN3CCOCC3)c4cccc5C(=O)C=C(Oc45)N6CCOCC6)COC1
CHEMBL1782927,3.3744154,Oc1ccc(cc1)c2nc3ccccc3nc2c4ccc(O)cc4
CHEMBL562690,1.5375812,Clc1cnc(OC2CCNCC2)cc1C(=O)NCC34CC5CC(CC(C5)C3)C4
CHEMBL2178372,0.747061,Cc1nc(C)c(nc1C(=O)N)c2ccc(cc2)C34CCC(CC(=O)O)(CC3)CC4
CHEMBL1900501,3.051005,Oc1ccc(C(=O)Cc2ccccc2)c(O)c1
CHEMBL1425658,3.756633,C(N1CCN(CC1)c2nc3ccccc3s2)c4nnnn4Cc5cccs5
CHEMBL2048873,1.5547376,N[C@@H]1CCCN(C1)c2c(\C=C\3/SC(=O)NC3=O)cccc2c4ccncc4
CHEMBL507803,3.2653008,Cc1ccc(NC(=O)c2cccc(c2)C(F)(F)F)cc1NC(=O)c3cccnc3
CHEMBL2334381,3.1217616,CCCN(CCC)C(=O)c1cccc(c1)C(=O)N[C@@H](Cc2ccccc2)[C@H](O)CNC3Cc4ccccc4C3
CHEMBL1368601,-0.18778133,OC(=O)c1ccc2cccc(O)c2n1
CHEMBL1223246,2.9086428,CC1=CC2=NNC(=O)N2c3cc(ccc13)c4ccc(cc4)C(=O)N5CCOCC5
CHEMBL1331627,0.98859,Nc1[nH]nc2ccccc12
CHEMBL440405,1.8198649,CS(=O)(=O)NC(=O)CCCc1c([nH]c2ccc(cc12)C#N)c3ccc(F)cc3
CHEMBL201799,2.7760866,CCCCCSc1nc(O)c2sc(N)nc2n1
CHEMBL426576,1.5196347,CC(=O)NC[C@H]1CN(C(=O)O1)c2ccc(c(F)c2)n3cnc(c3)C#N
CHEMBL1783287,3.356182,COc1ncccc1c2cccc3c(N)c4C(=O)N(Cc4nc23)C5CCC5
CHEMBL1934417,0.96421957,COCCC(C)n1nc(C)c(C(=O)N[C@@H](C)C(C)(C)C)c1NS(=O)(=O)c2ccc(C)cc2
CHEMBL254165,2.4936476,Nc1ccccc1NC(=O)c2ccc(cc2)C3CCN(Cc4ccccc4)CC3
CHEMBL2349309,3.2511806,CC(C)C[C@H](CO)Nc1nc(SCc2ccncc2)nc3nc(N)sc13
CHEMBL1518,0.6695441,CCCC1=CC(=O)NC(=S)N1
CHEMBL1417095,0.68653834,O=C1N2CCOC2=Nc3ccccc13
CHEMBL1437065,1.2444952,NC(=O)c1cc(cc(c1)[N+](=O)[O-])[N+](=O)[O-]
CHEMBL49739,1.0162642,NC(=O)COc1ccc(OCCNCC(O)COc2ccccc2)cc1
CHEMBL1783264,3.934065,COc1ccc(OC)c(c1)c2cccc3c(N)c(nnc23)C(=O)NC4(C)CCC4
CHEMBL696,0.39234793,CCC1(C)CC(=O)NC1=O
CHEMBL2035022,1.6202879,NC(=O)c1ccn2c(c3ccccc3)c(nc2c1)c4ccc(cc4)C5(N)CCC5
CHEMBL1223526,3.297064,CC1=CC2=NNC(=O)N2c3cc(ccc13)c4ccc[nH]4
CHEMBL256998,1.3875072,CC(C)N1CCN(Cc2cnc(c(F)c2)c3ccc(cc3)C(=O)Nc4ccccc4N)CC1
CHEMBL2010848,2.2583563,CN([C@@H]1CCN(Cc2ccc(cn2)C(F)(F)F)C[C@@H]1F)C(=O)Cc3ccc(cc3)n4cnnn4
CHEMBL53841,1.7964276,CCCCCC\N=C\1/C=CN(Cc2ccccc2)c3cc(Cl)ccc13
CHEMBL1222330,-0.9925096,CC(C)(C)OC(=O)N[C@@H](Cc1ccccc1)C(=O)O
CHEMBL1084327,1.0974241,OC(=O)CC(=O)N[C@H]1[C@@H](Cc2ccccc12)NC(=O)c3cc4sc(Cl)c(Cl)c4[nH]3
CHEMBL329785,1.9678955,Nc1nc2ccccc2s1
CHEMBL487067,2.0758207,CC(C)n1c(C)ncc1c2ccnc(Nc3ccc(cc3)C(=O)NCCO)n2
CHEMBL103355,2.9834535,Cc1ccc(F)c(Nc2ccnc(Nc3ccc(cc3)S(=O)(=O)N)n2)c1
CHEMBL383322,1.7006499,CCOCc1nc2c(N)nc3ccccc3c2n1CC(C)(C)O
CHEMBL1480954,1.5933933,FC(F)(F)c1nnc2ccc(nn12)n3ccnc3
CHEMBL1835908,2.78182,CCOC(=O)c1ccc(CCN2CCN(CC2)c3ccc(C)nn3)cc1
CHEMBL1957381,1.5871024,Cc1cc(ccn1)c2ccc(cc2)c3nc4ccncc4c(O)c3C#N
CHEMBL526925,2.5027707,Cn1cnc(c2ccccc2)c1\C=C\c3ccnc(N)n3
CHEMBL606371,0.52200854,Cc1cc(C)c(C(=O)N[C@@H](Cc2ccc(OCCCNc3ccccn3)cc2)C(=O)O)c(C)c1
CHEMBL482000,3.170503,COc1cc2ncc(C(=O)N)c(Nc3ccc(F)c(Cl)c3)c2cc1OC
CHEMBL348000,0.0306139,OC(=O)c1cc(nc2ccccc12)c3ccccc3
CHEMBL2048863,1.483448,N[C@H]1CCN(C1)c2c(Cl)cccc2\C=C\3/SC(=O)NC3=O
CHEMBL564737,0.022039652,OC(=O)c1ccccc1c2ccc(Cl)c(c2)C(=O)NCC3(O)CCCCCC3
CHEMBL374023,2.7573705,CC(C)N1CCN(CC1)C(=O)NCc2ccc(Cl)c(Cl)c2
CHEMBL2179270,-0.3307078,C[C@H](N1CCC[C@@H](C1)N2C=C(C)C(=O)NC2=O)c3ccc(C(=O)O)c(Oc4cccc(Cl)c4)c3
CHEMBL459353,1.4609822,COc1ccc(N(C(C(=O)NC[C@@H](C)O)c2ccccc2F)C(=O)c3occc3CO)c(OC)c1
CHEMBL2035024,2.41291,NC1(CCC1)c2ccc(cc2)c3ncc4cccn4c3c5ccccc5
CHEMBL429405,0.3322115,NC(Cc1ccc(cc1)N(CCCl)CCCl)C(=O)O
CHEMBL1890087,3.772262,CC(C)Nc1nc(NCc2ccccc2)c3sccc3n1
CHEMBL1940307,2.3020058,CNS(=O)(=O)c1ccc(Oc2ccc(cc2)C#C[C@]3(O)CN4CCC3CC4)cc1
CHEMBL585367,2.1358,Cc1ccc(Oc2ccnc(Nc3ccc(cc3)S(=O)(=O)N)c2)c(C)n1
CHEMBL1835904,3.4198282,CCOC(=O)c1ccc(COCC2CCN(CC2)c3ccc(C)nn3)cc1
CHEMBL808,3.3835838,Clc1ccc(COC(Cn2ccnc2)c3ccc(Cl)cc3Cl)cc1
CHEMBL575311,3.0681295,Cc1cc(Oc2ccnc(Nc3ccc(cc3)N4CCOCC4)c2)c(nc1C)c5ccccn5
CHEMBL2207670,1.6417992,CS(=O)(=O)c1ccc2C(=CNC(=O)c2c1)C(=O)NC[C@@H](O)CN3CCC(CC3)Oc4ccc(C#N)c(Cl)c4
CHEMBL1807856,2.750279,C[C@H]1O[C@H]([C@H](O)[C@H]1Cl)n2cnc3c(N)nc(OC4CCCC4)nc23
CHEMBL356894,1.1947185,Nc1ncnc2[nH]ccc12
CHEMBL2324776,1.6103971,Fc1cc(Oc2ccc(cc2c3ccnnc3)C(F)(F)F)c(Cl)cc1S(=O)(=O)Nc4nncs4
CHEMBL1257698,1.6676698,NC(=O)c1cccc(O[C@@H]2C[C@H]3CC[C@@H](C2)N3CCc4ccccc4)c1
CHEMBL509881,2.6127446,CC(C)n1c(C)ncc1c2nc(Nc3ccc(cc3)C(=O)N)ncc2F
CHEMBL246746,2.7315876,Clc1ccc2[nH]ncc2c1
CHEMBL129199,1.7878062,CN1CCN(CC1)C(=O)c2cc3ccccc3[nH]2
CHEMBL1223954,1.9416683,NC(=O)c1cccc(S[C@H]2C[C@H]3CC[C@@H](C2)N3Cc4ccccc4)c1
CHEMBL1373,0.9572402,NC(=O)C[S+]([O-])C(c1ccccc1)c2ccccc2
CHEMBL191553,3.4170442,CC(=O)Nc1ccc(CNc2[nH]nc3ccnc(Oc4ccccc4)c23)cc1
CHEMBL169901,-0.96816087,NC(=N)N1CCc2ccccc2C1
CHEMBL253969,2.2101808,NC(=O)c1c(NC(=O)NCCCCN2CCCC2)snc1OCc3c(F)cc(Br)cc3F
CHEMBL2325710,1.2286496,O=S(=O)(C1CCNCC1)C2(CC2)c3cc(nc(n3)c4cccc5[nH]ccc45)N6CCOCC6
CHEMBL378094,1.5198085,Cc1ccc2c(c(C)n(CC(=O)O)c2c1)c3ccnc4cc(Cl)ccc34
CHEMBL477772,2.9707327,CN(c1ccc2c(C)n(C)nc2c1)c3ccnc(Nc4ccc(C)c(c4)S(=O)(=O)N)n3
CHEMBL249697,1.2918003,Cc1ccc2nc(NCCN)c3ncc(C)n3c2c1
CHEMBL1088751,3.055109,CNC(=O)c1ccc(C)c(c1)N2C(=CC(=C(Br)C2=O)OCc3ccc(F)cc3F)C
CHEMBL1892375,3.5000393,Oc1ccc(Cl)cc1C(=O)Nc2ccccc2
CHEMBL373974,1.2677689,CC(C)CN1C(=O)N(C)C(=O)c2c1sc(Cc3ccnc4ccccc34)c2C(=O)N5C[C@@H](O)[C@@H](O)C5
CHEMBL51085,2.3843875,O=C1N([Se]c2ccccc12)c3ccccc3
CHEMBL1916539,1.3797024,COc1ccc2C=CC(=O)N(CCN3CCC(CC3)NCc4cc5OCCOc5cn4)c2c1
CHEMBL381434,1.445157,CC(C)COc1cc(OC(C)C)cc(c1)C(=O)Nc2ccc(cn2)C(=O)O
CHEMBL1600099,3.2624502,Clc1ccc2NC(=O)CN(C(c3ccccc3)c2c1)C(=O)c4ccccc4
CHEMBL507142,3.0982463,CNC(=O)c1ccc(Nc2nccc(n2)c3cnc(C4CC4)n3C(C)C)cc1
CHEMBL1184124,1.9165947,CC(C)CC(N1NC(=O)c2nc3cc(Cl)ccc3c(O)c2C1=O)c4ccccn4
CHEMBL486232,2.581032,CC(C)C[C@H](NC(=O)N1CCOCC1)C(=O)N[C@@H](CCc2ccccc2)\C=C\S(=O)(=O)c3ccccc3
CHEMBL1736763,0.75630426,O=C(CN1CCOCC1)Nc2c(cnn2c3ccccc3)C#N
CHEMBL1269076,3.3979504,CC1=C(C(=O)c2cc(O)c(O)c(CCc3ccc(C)cc3)c2C1=O)C4=C(C)C(=O)c5c(CCc6ccc(C)cc6)c(O)c(O)cc5C4=O
CHEMBL1543041,0.9441284,CCN(CC)CC(=O)Nc1c(cnn1c2ccccc2)C#N
CHEMBL1630140,3.2742274,CCN1CCN(CC(=O)Nc2ccc(c3cccc4C(=O)C=C(Nc34)N5CCOCC5)c6sc7ccccc7c26)CC1
CHEMBL1170,3.6709566,CCC(=O)O[C@H]1CC[C@H]2[C@@H]3CCC4=CC(=O)CC[C@]4(C)[C@H]3CC[C@]12C
CHEMBL1233,2.1271763,CCCC(C)(COC(=O)N)COC(=O)NC(C)C
CHEMBL2332935,2.608048,CC(=O)Nc1ccc(O)cc1OC[C@@H](O)CN2CCC3(CC2)Cc4cc(Cl)ccc4O3
CHEMBL165372,2.32233,[O-][N+](=O)c1ccc2[nH]ncc2c1
CHEMBL11009,3.2580647,Cc1cc(C)cc(c1)c2[nH]c3ccccc3c2CCNCCCCc4ccncc4
CHEMBL13902,1.7947397,COC(CN1C(=O)NC2=C(C=C(N(CC(=O)NC(C(C)C)C(=O)C(F)(F)F)C2=O)c3ccccc3)C1=O)OC
CHEMBL1209429,2.652416,O=S(=O)(Cc1ccccc1)NCC(N2CCCCCC2)c3ccccc3
CHEMBL1075,2.690979,CCOC(=O)Nc1ccc2Sc3ccccc3N(C(=O)CCN4CCOCC4)c2c1
CHEMBL2158769,2.329014,OC(=O)[C@H](Cc1ccccc1C#N)N2CCC(CN3CCC(CC3)Oc4ccc(Cl)c(Cl)c4)CC2
CHEMBL457,1.0864558,Cc1ccc(C)c(OCCCC(C)(C)C(=O)O)c1
CHEMBL1209509,2.0044084,O=S(=O)(NCC(N1CCCCCC1)c2ccccc2)c3cccnc3
CHEMBL179877,2.7182903,CCN(C1CCN(CCC(c2ccccc2)c3ccccc3)CC1)C(=O)Cc4ccc(cc4)S(=O)(=O)N
CHEMBL1438072,1.0519333,O=S(=O)(Nc1cccnc1)c2ccccc2
CHEMBL2110569,2.2144427,COC(=O)[C@@H]1C2CCC(C[C@@H]1c3ccc(I)cc3)N2CCCF
CHEMBL433936,2.9062157,COCCOc1cc2nccc(Nc3cc(O)c(Cl)cc3F)c2cc1OC
CHEMBL258177,1.1614648,CC(C)N1CCN(Cc2cnc(c3ccc(cc3)C(=O)Nc4ccccc4N)c(c2)C#N)CC1
CHEMBL2036747,1.7313513,O=C(Nc1oc(nn1)C(=O)Nc2ccc(cc2)N3CCOCC3)c4ccccc4
CHEMBL103667,4.2142887,Cc1ccc(cc1)n2nc(cc2NC(=O)Nc3ccc(OCCN4CCOCC4)c5ccccc35)C(C)(C)C
CHEMBL481231,2.472315,COc1cc2c(Nc3ccc(F)c(Cl)c3)c(cnc2cc1OCCCN4CCN(C)CC4)C(=O)N
CHEMBL1682807,3.3949895,Cn1cnc2cc(cnc12)C#Cc3ccccc3
CHEMBL1650731,1.9641435,C[C@H](Nc1ncc(F)c(Nc2cc([nH]n2)N(C)C)n1)c3ncc(F)cn3
CHEMBL2347762,2.6433415,O=C1C2=Nc3ccccc3CN2c4ccccc14
CHEMBL325870,2.7206676,CCNC1=CC=C(N(CC(=O)NC(C(C)C)C(=O)C(F)(F)F)C1=O)c2ccccc2
CHEMBL2171050,1.2812328,Cc1ccc(cc1)S(=O)(=O)NC(=O)N2CCC(CC2)N3CCC(CC3)Oc4ccc(F)c(F)c4
CHEMBL403877,2.6588757,C[C@H](CO)Nc1nc(SCc2cccc(F)c2F)nc3NC(=O)C(=O)Nc13
CHEMBL1306071,3.1657522,COc1ccc(Cl)cc1NC(=O)Nc2cnccn2
CHEMBL1939750,2.2443166,CCOC(=O)Nc1cccc(c1)[C@H](N2CCN(Cc3c[nH]c(C)n3)CC2)c4ccc(cc4)C(=O)N(C)CC
CHEMBL475865,3.407589,Cc1ccc(NC(=O)c2ccc(Cl)c(c2)C(F)(F)F)cc1C(=O)Nc3cccnc3
CHEMBL2030800,-0.12445068,CNc1cccc(CCOc2ccc(C[C@H](NC(=O)c3c(F)cccc3Cl)C(=O)O)cc2)n1
CHEMBL560493,0.76064897,NCc1ccc(NC(=O)c2cc(Nc3ncccn3)c4cc(ccc4c2)\C(=N\O)\N)cc1
CHEMBL1778629,-0.3311267,CCS(=O)(=O)c1cccc(c1)c2cc(ccc2OCC(=O)O)C(F)(F)F
CHEMBL481717,2.8344903,CCOc1cc2ncc(C(=O)N)c(Nc3ccc(F)cc3F)c2cc1N4CCC(O)CC4
CHEMBL481596,2.4444683,CN1CCN(CC1)c2cc3c(Nc4ccc(F)cc4F)c(cnc3cc2F)C(=O)N
CHEMBL1809059,3.613885,COc1cc(ccc1Nc2ncc(Cl)c(n2)c3cnc4ccccn34)N5CC6CN(CCO)CC(C5)O6
CHEMBL2035020,2.827184,NC1(CCC1)c2ccc(cc2)c3nn4ccccc4c3c5ccccc5
CHEMBL1223872,0.111671686,CN(C)C(=O)N[C@@H]1CC[C@H](CCN2[C@@H]3CC[C@H]2C[C@H](C3)Oc4cccc(c4)C(=O)N)CC1
CHEMBL2335870,3.082301,COCCNC(=O)c1ccc(Nc2ncc3cc(ccc3n2)c4cccnc4)cc1
CHEMBL1835903,3.4080887,CCOC(=O)c1ccc(OCCC2CN(C2)c3ccc(C)nn3)cc1
CHEMBL317410,3.530199,OC1CCN(CC1)C(=O)[C@H](Cc2ccccc2)NC(=O)c3cc4cc(Cl)ccc4[nH]3
CHEMBL1669161,2.85526,C=CCOc1cc(ccc1NC(=O)CN2CCOCC2)c3cccc4C(=O)C=C(Oc34)N5CCOCC5
CHEMBL66654,3.7941048,Cc1cccc(n1)C#Cc2ccccc2
CHEMBL1951907,2.1256506,CCN(C1CCN(CCC(C2CCN(CC2)S(=O)(=O)CC)c3ccccc3)CC1)C(=O)Cc4ccc(cc4)S(=O)(=O)C
CHEMBL1560828,2.2627957,CCc1cccc2c(cn(CC(=O)NCCOC)c12)C#N
CHEMBL1868126,3.620109,COc1cccc2sc(NC(=O)c3ccccc3)nc12
CHEMBL86276,2.4730294,Nc1nc(nn1Cc2ccccc2)c3ccccc3
CHEMBL1916534,1.2431397,COc1ccc2OCC(=O)N(CCN3CCC(CC3)NCc4cc5OCCOc5cn4)c2c1
CHEMBL1431736,2.119381,CC(NC(=O)c1cc(O)nc2ccccc12)c3ccccc3
CHEMBL1762533,2.6758013,COc1ccnc(c1)N(C)c2ccnc(Nc3cc(cc(c3)N4CCOCC4)N5CCOCC5)n2
CHEMBL1807816,1.6099534,Nc1nc(OC2CCCC2)nc3c1ncn3[C@@H]4O[C@H](CF)[C@@H](O)[C@H]4O
CHEMBL1485846,3.3700333,Oc1oc(c2ccccc2)c(n1)c3ccccc3
CHEMBL1557849,3.4912865,COc1ccc(\C=C/2\CCc3ccccc3C2=O)cc1CN4CCOCC4
CHEMBL17157,3.8846269,CC(C)(C)c1ccc(cc1)C(O)CCCN2CCC(CC2)C(O)(c3ccccc3)c4ccccc4
CHEMBL1287892,2.014411,NC(=O)c1cnc(N[C@H]2CCCNC2)c3cc(sc13)c4ccc(F)c(F)c4
CHEMBL1807821,1.2577181,O[C@@H](CNCCCOCCOCCc1ccccc1)c2ccc(O)c3NC(=O)Sc23
CHEMBL1739063,2.3543143,FC(F)(F)c1cccc(C(=O)N[C@H]([C@@H]2CCCCN2)c3ccccc3)c1Cl
CHEMBL568011,3.5879765,COc1cc(cc(OC)c1OC)C(=O)Nc2ccc(Cl)c(c2)c3nc4ccccc4[nH]3
CHEMBL2070943,2.237811,FC(F)(F)c1csc(n1)N2CCN(CC2)C(=O)[C@@H]3CCCC[C@H]3C(=O)NC4(CC4)C#N
CHEMBL471579,2.2823129,CC(C)Nc1nc(nc(N2CCOCC2)c1N)C#N
CHEMBL507130,3.6987555,O=C1NC=Cc2nc(c3ccc(CN4CCC(CC4)c5n[nH]c(n5)c6ccccn6)cc3)c(cc12)c7ccccc7
CHEMBL1221659,1.3706421,Cc1cc(N)nc(CCNC(=O)c2ccc(cc2)C#N)c1
CHEMBL480370,3.6328893,CCNC1=Nc2ccccc2C(=NC1c3cccs3)c4ccccc4
CHEMBL1702519,3.1974816,Cc1ccc(c(C)c1)c2nnc(O)c3ccccc23
CHEMBL2070936,2.1836693,Fc1ccc(cc1)N2CCN(CC2)C(=O)[C@@H]3CCCC[C@H]3C(=O)NC4(CC4)C#N
CHEMBL474102,3.1169734,Cc1nc(nc(N2CCCC2)c1Cl)c3ccccn3
CHEMBL2325742,2.9603271,C[C@@H](NC(=O)C1(N)CCN(CC1)c2ncnc3[nH]ccc23)c4ccc(Cl)cc4
CHEMBL340983,4.1099052,COc1ccc(Cl)c(c1)C(=O)NCC23CC4CC(CC(C4)C2)C3
CHEMBL1689125,0.78412604,C[C@@H]1CN(Cc2cc(Cl)ccc2OCC(=O)O)C[C@H](C)N1C(=O)Cc3ccccc3
CHEMBL254192,2.2459655,Cc1ccc(cc1)C(=O)N(CCCN)CC2=Nc3cc(Cl)ccc3C(=O)N2Cc4ccccc4
CHEMBL2164674,2.0279276,O=C(NCC#N)[C@@H]1CCCC[C@H]1C(=O)N2CCc3ccccc3C2
CHEMBL553,3.2678246,COCCOc1cc2ncnc(Nc3cccc(c3)C#C)c2cc1OCCOC
CHEMBL1173655,3.3279295,CN(C)C\C=C\C(=O)Nc1cc2c(Nc3ccc(F)c(Cl)c3)ncnc2cc1O[C@H]4CCOC4
CHEMBL1950858,0.920138,CN[C@@H](C)C(=O)N[C@H](C(=O)N[C@H]1CCCN(CCc2ccc(O)cc2)C1)C(C)(C)C
CHEMBL1835909,3.503271,CCOC(=O)c1ccc(OCC2CCN(C2)c3ccc(C)nn3)cc1
CHEMBL2031169,0.019309998,OC(=O)[C@H](Cc1ccc(OCCc2ccc3OCCNc3n2)cc1)NC(=O)c4c(Cl)cccc4Cl
CHEMBL832,-0.13399863,[O-][S+](CCC1C(=O)N(N(C1=O)c2ccccc2)c3ccccc3)c4ccccc4
CHEMBL19224,3.2393963,COc1ccc(Cc2nccc3cc(OC)c(OC)cc23)cc1OC
CHEMBL1762527,3.4535074,COc1ccc(C)c(c1)N(C)c2ccnc(Nc3cc(cc(c3)N4CCOCC4)N5CCOCC5)n2
CHEMBL186174,2.6124585,Clc1ccc(CN(Cc2ccc(Cl)cc2)c3nn[nH]n3)cc1
CHEMBL1917427,2.0430896,Cc1c(F)ccc2c1c(Sc3ccc(Cl)cc3)c(C)n2CC(=O)O
CHEMBL1762530,3.1212656,CN(c1ccnc(Nc2cc(cc(c2)N3CCOCC3)N4CCOCC4)n1)c5cc(CO)ccc5C
CHEMBL287961,0.6274606,Nc1n[nH]c(N)c1Cc2ccc3OCOc3c2
CHEMBL478240,3.5923288,CCCCSc1nc(N)c2ncn(Cc3c(F)ccc(C)c3F)c2n1
CHEMBL2336327,1.7257463,COc1ccc(cc1CNCCO)c2ccc3c(nc(nc3n2)N4C[C@@H](C)O[C@@H](C)C4)N5CCOCC5
CHEMBL336399,0.532516,OC(=O)c1cc2ccccc2n1Cc3ccccc3
CHEMBL108200,3.1667738,COc1cccc(c1)C(COCc2cc(cc(c2)C(F)(F)F)C(F)(F)F)N3CCNCC3
CHEMBL51880,2.0332274,Nc1ccc2C(=O)C(=O)c3ccccc3c2c1
CHEMBL2088091,2.9448931,Cc1cc(CNc2ncc(Br)c(Nc3cc(C)[nH]n3)n2)on1
CHEMBL1213376,2.3787184,COc1ccc(CCN2CNC(=NC2)SCc3ccc(Cl)cc3)cc1OC
CHEMBL2036753,3.8056946,Clc1ccc(NC(=O)N2CCN(C[C@@H]3CCCN(Cc4ccccc4)C3)CC2)cc1Cl
CHEMBL1362574,2.7774024,CC(=O)Nc1nc(ns1)c2ccccc2
CHEMBL130,1.310302,OC[C@@H](NC(=O)C(Cl)Cl)[C@H](O)c1ccc(cc1)[N+](=O)[O-]
CHEMBL257830,2.1141124,NS(=O)(=O)NC(=O)CCCc1c([nH]c2ccc(cc12)C#N)c3ccc(F)cc3
CHEMBL1807829,1.9294297,O[C@@H](CNCCSCCCNCCc1cccc(Cl)c1Cl)c2ccc(O)c3NC(=O)Sc23
CHEMBL1201236,-1.6553819,C[C@@](Cc1ccc(O)c(O)c1)(NN)C(=O)O
CHEMBL1917457,-0.13783216,CC(=O)Nc1cccc2c1c(Oc3ccc(Cl)cc3)c(C)n2CC(=O)O
CHEMBL1778372,-0.23507047,COC[C@H](C)Oc1cc(Oc2ccc(cc2)S(=O)(=O)C)cc(c1)C(=O)Nc3ccc(cn3)C(=O)O
CHEMBL85,2.1610708,CC1=C(CCN2CCC(CC2)c3noc4cc(F)ccc34)C(=O)N5CCCCC5=N1
CHEMBL1343931,2.002962,Cc1nc(CS(=O)(=O)c2ccc(Cl)cc2)cc(n1)N3CCOCC3
CHEMBL31,-0.6234391,COc1c(N2CCNC(C)C2)c(F)cc3C(=O)C(=CN(C4CC4)c13)C(=O)O
CHEMBL2158778,2.3107858,OC(=O)[C@H](Cc1ccc(F)cc1)N2CCC(CN3CCC(CC3)Oc4ccc(Cl)cc4)CC2
CHEMBL2097971,3.271627,COc1ccc2nc(C)cc(OCC(=O)Nc3ccccc3OC)c2c1
CHEMBL1946016,3.4959993,CCN(CC)C(=O)c1ccc(cc1)C(=C2CCN(Cc3ccc(F)cc3)CC2)c4ccccn4
CHEMBL533,0.9833338,CCCCCCCN(CC)CCCC(O)c1ccc(NS(=O)(=O)C)cc1
CHEMBL2325997,2.939845,CC(NC(=O)C1(N)CCN(CC1)c2ncnc3[nH]ccc23)c4ccc(Cl)cc4
CHEMBL1463345,3.598249,C[C@]12CCC(=O)C=C1C=C[C@@H]3[C@@H]2CC[C@@]4(C)[C@H]3CC[C@@]45CCC(=O)O5
CHEMBL1917441,1.9591581,Cc1ccc2c(c1)c(Sc3cccc(Cl)c3)c(C)n2CC(=O)O
CHEMBL581893,-0.08848286,COc1ccc2c(C)nc(NC(=N)N)nc2c1
CHEMBL10188,3.396014,CC[C@H](NC(=O)c1c(O)c(nc2ccccc12)c3ccccc3)c4ccccc4
CHEMBL517943,4.09661,Fc1ccc(CNc2ncc(Br)c(Nc3cc([nH]n3)C4CC4)n2)cc1
CHEMBL1778624,1.089718,OC(=O)COc1ccc(cc1c2ccc(Cl)cc2)C(F)(F)F
CHEMBL2088099,2.0143025,COCCCc1cc(Nc2ccnc(NCc3onc(C)c3)n2)n[nH]1
CHEMBL2137932,2.8454733,CC(O)(C(=O)c1ccccc1)c2ccccc2
CHEMBL638,1.6615806,C[C@@H](c1ncncc1F)[C@](O)(Cn2cncn2)c3ccc(F)cc3F
CHEMBL2171025,2.5823884,Clc1ccc(OC2CCN(CC2)C3CCN(CC3)C(=O)c4ccc(cc4)C5=NOC(=O)N5)cc1Cl
CHEMBL1762529,2.8176856,COc1cc(CO)cc(c1)N(C)c2ccnc(Nc3cc(cc(c3)N4CCOCC4)N5CCOCC5)n2
CHEMBL1916273,0.7712879,CC(C)NC(=O)c1c(C)nn(c1NS(=O)(=O)c2ccc(C)cc2)c3ccccc3
CHEMBL1956112,0.069562435,CN1CCC[C@H]1CCN2CCCc3cc(NC(=N)c4cccs4)ccc23
CHEMBL87,1.6216414,COC1=CC=C2C(=CC1=O)C(CCc3cc(OC)c(OC)c(OC)c23)NC(=O)C
CHEMBL1223815,2.057523,Cc1ccc(CN2[C@@H]3CC[C@H]2C[C@H](C3)Oc4cccc(c4)C(=O)N)s1
CHEMBL435859,-0.6367972,OB1N(C(=Nc2ccccc12)S)c3cccnc3
CHEMBL1944693,0.8685008,COc1ccccc1CCNCc2cccc(CCNC[C@H](O)c3ccc(O)c4NC(=O)Sc34)c2
CHEMBL2314504,2.8225026,Cn1c(C(=O)O)c(CCCOc2cccc3ccccc23)c4ccccc14
CHEMBL2325711,3.5354655,O=S(=O)(c1ccccc1)C2(CC2)c3cc(nc(n3)c4cccc5[nH]ccc45)N6CCOCC6
CHEMBL1209737,3.7224598,FC(F)(F)c1ccc(cc1)S(=O)(=O)NCC(N2CCCCCC2)c3ccccc3
CHEMBL473417,2.7102184,CS(=O)(=O)c1ccc(C(=O)Nc2ccc(Cl)c(c2)c3ccccn3)c(Cl)c1
CHEMBL150245,2.0289216,Cc1nc(N)c2nc(O)n(Cc3ccccc3)c2n1
CHEMBL182279,3.5624719,CCN(C1CCN(CCC(c2ccccc2)c3ccccc3)CC1)C(=O)Cc4ccc(cc4)C#N
CHEMBL115523,2.6611447,O=C(Nc1ccccc1)c2ccccc2
CHEMBL25539,-1.3074985,CCC(CO)NCCNC(CC)CO
CHEMBL498,0.353469,CCCNC(=O)NS(=O)(=O)c1ccc(Cl)cc1
CHEMBL2036773,2.5798478,CCN1CCO[C@@H](CN2CCN(CC2)C(=O)Nc3ccc(Cl)c(Cl)c3)C1
CHEMBL82301,2.8600092,COC[C@H](N1CCN(C[C@@H]1C)C2(C)CCN(CC2)C(=O)c3c(C)ncnc3C)c4ccc(cc4)C(F)(F)F
CHEMBL149444,2.4139655,COc1ccc(cc1OC)S(=O)(=O)Nc2ccc(\C=C\C(=O)Nc3ccccc3N)cc2
CHEMBL2158815,2.2389326,OC(=O)C(N1CCC(CC1)N2CCC(CC2)Oc3ccc(Cl)c(Cl)c3)c4ccccc4
CHEMBL1200600,2.7440684,C[C@H]1C[C@H]2[C@@H]3CC[C@](O)(C(=O)C)[C@@]3(C)C[C@H](O)[C@]2(F)[C@@]4(C)C=CC(=O)C=C14
CHEMBL187845,3.7136092,Clc1ccccc1CNC(=O)c2ccccc2Oc3ccccc3
CHEMBL2105728,2.0986745,CC1(COc2ccc3c(c2)ncn3c4ccc5cccc(N6CCC(N)CC6)c5n4)COC1
CHEMBL54,2.606518,OC1(CCN(CCCC(=O)c2ccc(F)cc2)CC1)c3ccc(Cl)cc3
CHEMBL1916282,1.4491874,C[C@H](NC(=O)c1c(C)nn(c1NS(=O)(=O)c2ccc(C)cc2)c3ccccc3)C(C)(C)C
CHEMBL424620,0.6196761,CC(C)C(NC(=O)CN1C(=O)C(=CC=C1c2ccccc2)NC(=O)Cc3cccc(c3)C(=O)O)C(=O)C(F)(F)F
CHEMBL277522,0.39465916,OC(=O)CCC(=O)c1ccc(cc1)c2ccccc2
CHEMBL2177611,1.5865847,CCCSc1c(cnn1[C@@H]2CC[C@@H](CC2)C(=O)O)C(=O)NC3CCCCC3
CHEMBL288441,3.2096064,COc1cc(Nc2c(cnc3cc(OCCCN4CCN(C)CC4)c(OC)cc23)C#N)c(Cl)cc1Cl
CHEMBL1631471,1.836431,Nc1c(nnc2c(cccc12)c3ncccn3)C(=O)NC4CC4
CHEMBL1934269,1.4554882,C[C@H](NC(=O)c1c(C)nn(CC(F)(F)F)c1NS(=O)(=O)c2ccc(C)cc2)C(C)(C)C
CHEMBL2086667,3.6994715,CC(C)(C)OC(=O)N1C[C@@H]2CC[C@H]1CN2c3ncc(OCc4ccc(cc4)S(=O)(=O)C)cn3
CHEMBL84,0.46085703,CC[C@@]1(O)C(=O)OCC2=C1C=C3N(Cc4cc5c(CN(C)C)c(O)ccc5nc34)C2=O
CHEMBL1950728,2.0008311,CN[C@@H](C)C(=O)N[C@@H](C1CCCCC1)C(=O)N[C@H]2CCCN(CCCc3ccccc3)C2
CHEMBL170984,1.9391708,COc1cc2c(Nc3c(Cl)ccc4OCOc34)ncnc2cc1OCC5CCN(C)CC5
CHEMBL186995,3.4747128,Clc1ccccc1CNC(=O)c2cccnc2Oc3ccccc3
CHEMBL1055,0.8299471,NS(=O)(=O)c1cc(ccc1Cl)C2(O)NC(=O)c3ccccc23
CHEMBL1829174,2.3104978,Cc1cc(OCCCS(=O)(=O)C)cc(C)c1c2cccc(COc3ccc4[C@H](CC(=O)O)COc4c3)c2
CHEMBL1322390,3.8661356,COc1ccc2nc(NC(=O)CCc3ccc(OC)c(OC)c3)sc2c1
CHEMBL462385,2.4454787,CC(C)n1c(C)ncc1c2nc(Nc3ccc(C(=O)NCCN(C)C)c(F)c3)ncc2F
CHEMBL128088,2.338039,CN1CCN(CC1)C(=O)c2cc3cc(C)ccc3[nH]2
CHEMBL2030964,0.14642143,CNc1cccc(CCCc2ccc(C[C@H](NC(=O)c3c(Cl)cccc3Cl)C(=O)O)s2)n1
CHEMBL2207607,0.08497715,COc1cc(OC)c(cc1NC(=O)CCc2nn[nH]n2)S(=O)(=O)N3C(C)CCc4ccccc34
CHEMBL1835913,3.10942,CCOC(=O)c1ccc(OCCC2CCN(CC2)c3ccc(C)nn3)cn1
CHEMBL934,1.748532,CC(C)(C(=O)c1cccnc1)c2cccnc2
CHEMBL517140,1.7750068,CNC(=O)c1ccc(Oc2ccc3CCN(CCc3c2)C4CCC4)nc1
CHEMBL2086654,3.545362,CC(C)(C)OC(=O)N1CCN(CC1)c2ccc(OCc3ccc(cc3)S(=O)(=O)C)cn2
CHEMBL1778995,1.8655462,Fc1cccc(c1F)c2cncc(CNCC3CC3)n2
CHEMBL580,2.599644,OC1N=C(c2ccccc2Cl)c3cc(Cl)ccc3NC1=O
CHEMBL1631467,2.6815588,CCCNC(=O)c1nnc2c(cccc2c1N)c3cncc(c3)C(=O)N4CCC4
CHEMBL2163591,1.8474247,CS(=O)(=O)c1cccc2c3CN(CCc3[nH]c12)C(=O)[C@@H]4CCCC[C@H]4C(=O)NC5(CC5)C#N
CHEMBL515515,1.7329597,CN(C)CCCNS(=O)(=O)c1ccc(Nc2nccc(n2)c3cnc4cccnn34)cc1
CHEMBL95,1.1846827,Nc1c2CCCCc2nc3ccccc13
CHEMBL1465276,3.2143235,O=C(C1CCN(CC1)c2nnc(s2)n3cccc3)N4CCc5ccccc5C4
CHEMBL96076,3.2814007,COc1ccc(CN2CCc3c(C2)[nH]c4ccccc34)cc1OC
CHEMBL503732,2.6183417,CNC1=Nc2ncccc2C(=NC1c3cccs3)c4cccs4
CHEMBL1431112,3.0572743,Clc1ccc2NC(=O)CN(C(c3ccccc3)c2c1)C(=O)c4occc4
CHEMBL474829,2.3474176,CC(C)CNc1nc(nc(NC2CCS(=O)(=O)C2)c1N)C#N
CHEMBL2088115,3.7740679,Cn1cc(nc1c2c3C(=O)N(CC#C)C(=O)N(CC4CC4)c3nn2Cc5ccnc6ccc(Cl)cc56)C#N
CHEMBL1809204,3.6339488,COc1cc(ccc1Nc2ncc(Cl)c(n2)c3cnc4cc(F)ccn34)N5CCN(CC5)C(=O)C
CHEMBL1796298,2.1757827,O[C@]1(CN2CCC1CC2)C#Cc3ccc(Oc4ccc(cc4)C(=O)NCc5ccncn5)cc3
CHEMBL2335878,2.373494,CN(C)CCNC(=O)c1ccc(Nc2ncc3cc(ccc3n2)c4ccncc4)cc1
CHEMBL487274,2.6035628,CC1=CC2=NNC(=O)N2c3ccccc13
CHEMBL1977402,2.547792,Cc1cc(c(S)cc1Cl)S(=O)(=O)Nc2nc(Nc3ccc(Cl)cc3)n[nH]2
CHEMBL2179281,1.4767795,CCCCC[C@@H](N1CCC[C@@H](C1)N2C=C(C)C(=O)NC2=O)c3ccc(C(=O)O)c(Oc4cccc(Br)c4)c3
CHEMBL1829249,2.4694016,CCC(N(CCCN)C(=O)c1ccc(C)cc1)C2=Nc3ccsc3C(=O)N2Cc4ccc(Cl)cc4
CHEMBL779,2.729751,CN1CC(=O)N2[C@H](Cc3c([nH]c4ccccc34)[C@H]2c5ccc6OCOc6c5)C1=O
CHEMBL1916266,0.47088146,CCC(CC)NC(=O)c1cnn(c1NS(=O)(=O)c2ccc(C)cc2)c3ccccn3
CHEMBL1330968,1.7633841,CC1=C(OCc2ccccc2)C(=O)C=CO1
CHEMBL1372682,3.656507,O=C(CC12CC3CC(CC(C3)C1)C2)Nc4cccc5ncccc45
CHEMBL50627,1.7268488,O=C1C(=O)c2cccnc2c3ccccc13
CHEMBL980,0.37844455,COc1ccccc1OCC(O)CO
CHEMBL2011920,2.4730263,CNc1c(Br)cnc2[nH]c(nc12)c3cnn(c3)C4CCN(C)CC4
CHEMBL180966,2.839457,CN(CC[C@@H](Oc1ccc(cc1)c2ccccc2)c3ccc(F)cc3)CC(=O)O
CHEMBL622,0.61922467,CCc1cccc2c3CCOC(CC)(CC(=O)O)c3[nH]c12
CHEMBL1094168,3.7141094,CS(=O)(=O)c1ccc(cc1)[C@H](CC2CCCC2)C(=O)Nc3nccs3
CHEMBL273575,1.9580458,CN1CC(c2ccccc2)c3cccc(N)c3C1
CHEMBL99737,1.4661041,Nc1cccc(NC(=O)c2ccc(CNC(=O)OCc3cccnc3)cc2)c1
CHEMBL2177602,0.9989644,CCc1c(cnn1c2ccc(cc2)C(=O)O)C(=O)NC3C4CC5CC(CC3C5)C4
CHEMBL894,2.1489673,CC(NC(C)(C)C)C(=O)c1cccc(Cl)c1
CHEMBL2153183,2.162516,CCCSc1nc(N[C@@H]2CC[C@H](CC2)C(=O)O)ccc1C(=O)NC3CCCCC3
CHEMBL263664,2.587527,NC1(Cc2ccc(Cl)cc2)CCN(CC1)c3ncnc4[nH]ccc34
CHEMBL56261,1.5977178,CC(C)CCCC(C)\N=C\1/C=CN(Cc2ccccc2)c3cc(Cl)ccc13
CHEMBL1442864,2.9054933,CC1=CC(=O)Oc2c3CCCNc3c(C)cc12
CHEMBL2180037,3.6662319,CC#Cc1cncc(c1)c2cccc(c2)C3(N=C(C)C(=N3)N)C4CC4
CHEMBL2087620,3.2566226,CN1C(=O)N(CC2CC2)c3nn(Cc4ccnc5ccc(Cl)cc45)c(c6cncn6C)c3C1=O
CHEMBL1288164,1.9503192,NC(=O)c1cnc(N[C@H]2CCCNC2)c3cc(sc13)c4ccc(F)cc4
CHEMBL1917423,2.1353753,Cc1c(Sc2ccc(Cl)cc2)c3cccc(Cl)c3n1CC(=O)O
CHEMBL1490,2.163583,OC(CCN1CCCCC1)(C2CCCCC2)c3ccccc3
CHEMBL1289113,2.864527,Fc1ccc(N2CCN(CC2)C(=O)COCc3ccncc3)c(Cl)c1
CHEMBL1778992,1.9578438,COc1cc(F)ccc1c2cncc(CNC[C@@H]3CCCO3)n2
CHEMBL66089,3.2825859,Nc1ncnc2nc(cc(c3cccc(Br)c3)c12)c4ccc(nc4)N5CCOCC5
CHEMBL365123,1.1865271,CC1=CN(Cc2ccccc2)C(=O)NC1=O
CHEMBL235619,1.3404357,CCCCCC1=CC(=O)NC(=N1)N
CHEMBL1916285,0.6869292,C[C@H](NC(=O)c1c(C)nn(c1NS(=O)(=O)c2cccc(CN3CCOCC3)c2)c4ccccc4)C(C)(C)C
CHEMBL388335,0.85966957,Clc1ccc2C(=O)C3=C(Nc2c1)C(=O)NN(Cc4cocc4)C3=O
CHEMBL1682827,2.5634115,O=C1CCOc2nc(COc3ccccc3)ccc12
CHEMBL1599290,2.1231136,Nc1nc2ccccc2n1C(=O)c3ccccc3
CHEMBL379866,3.0448966,CC(C)c1nnc2ccc(cn12)c3ocnc3c4cc(F)ccc4F
CHEMBL157101,3.4404979,CC(=O)N1CCN(CC1)c2ccc(OCC3COC(Cn4ccnc4)(O3)c5ccc(Cl)cc5Cl)cc2
CHEMBL2179296,3.3177302,CC1=CN([C@H]2CCCN(Cc3cccc(Oc4cccc(Br)c4)c3)C2)C(=O)NC1=O
CHEMBL1229592,3.5818443,COc1cc(ccc1Nc2ncc(Cl)c(Oc3cccc(NC(=O)C=C)c3)n2)N4CCN(C)CC4
CHEMBL379082,2.6887991,CCN(C1CCN(CC[C@H](c2ccc(cc2)S(=O)(=O)C)c3cccc(Cl)c3)CC1)C(=O)Cc4ccc(cc4)S(=O)(=O)C
CHEMBL2023474,3.5640433,CCn1cc(NC(=O)Cc2ccc(Oc3ccnc4cc(F)ccc34)cc2OC)cn1
CHEMBL1779019,2.7349048,COc1cc(F)ccc1c2cncc(CNC(=O)C3CC3)c2
CHEMBL2087862,4.081375,Cn1cc(cc1c2c3C(=O)N(CC=C)C(=O)N(CC4CC4)c3nn2Cc5ccnc6ccc(Cl)cc56)C#N
CHEMBL1078178,2.4572616,O=C(NCC#N)c1ccc(cc1)c2ccnc(Nc3ccc(cc3)N4CCOCC4)n2
CHEMBL339212,2.6132483,CNC(=O)C1(CCN(CC[C@H](CN(C)C(=O)c2cc(cc3ccccc23)C#N)c4ccc(Cl)c(Cl)c4)CC1)N5CCCCC5=O
CHEMBL552513,1.452874,O[C@@H]1CNC[C@H]1N2C=Cc3c(NC(=O)Cc4ccc(F)c(c4)C(F)(F)F)cccc3C2=O
CHEMBL1766081,3.6797338,CC(C)OC(=O)N1CCC(CC1)Oc2ncnc(Oc3cccnc3C)c2C
CHEMBL655,3.4073012,Cc1ncc2CN=C(c3ccccc3F)c4cc(Cl)ccc4n12
CHEMBL1951908,2.8299346,CCN(C1CCN(CC[C@H](C2CCN(CC2)S(=O)(=O)C(F)(F)F)c3ccccc3)CC1)C(=O)Cc4ccc(cc4)S(=O)(=O)C
CHEMBL592956,3.0197275,CN1C(=O)c2c(onc2c3ccncc3)C=C1c4ccccc4
CHEMBL1604278,1.3932238,Cc1cc(N)n(n1)c2ccccc2
CHEMBL2088118,4.06258,Cn1cc(nc1c2c3C(=O)N(CC=C)C(=O)N(CC4CC4)c3nn2Cc5ccnc6ccc(Cl)cc56)C#N
CHEMBL1083943,1.3284277,OC(=O)C[C@H]1[C@@H](Cc2ccccc12)NC(=O)c3cc4cc(F)ccc4[nH]3
CHEMBL435,0.0054113865,NS(=O)(=O)c1cc2c(NCNS2(=O)=O)cc1Cl
CHEMBL1623850,1.5193651,CC(=O)N1CCN(CC(O)COc2ccc(Br)cc2)CC1
CHEMBL1625198,2.6094332,Clc1ccc(cc1Cl)C2=CSC3=NCCN23
CHEMBL1209738,2.5523708,O=S(=O)(NCC(N1CCCCCC1)c2ccccc2)c3ccc(cc3)C#N
CHEMBL1682793,3.3700967,O=C1C=CN=C2C=C(C=CN12)C#Cc3ccccc3
CHEMBL1916544,0.31838,COc1ncc2N=CC(=O)N(CCN3CCC(CC3)NCc4cc5OCCOc5cn4)c2n1
CHEMBL217620,3.8633099,CC(C)N(C(C)C)C(=O)C(C(CNC(=O)NCc1ccccc1F)c2ccccc2)c3cccnc3
CHEMBL236859,1.9792299,Cc1sc(CN2CCNCC2)cc1C(=O)NCC34CC5CC(CC(C5)C3)C4
CHEMBL29609,4.1873503,Cc1cc(CCCOc2c(C)cc(cc2C)c3noc(n3)C(F)(F)F)on1
CHEMBL11403,2.3959837,CC(C)C(NC(=O)CN1C(=O)C(=CN=C1c2ccccc2)NC(=O)OCc3ccccc3)C(=O)C(F)(F)F
CHEMBL188167,3.0778794,COc1cc2ncnc(Nc3cc(NC(=O)c4ccnc(c4)N5CCOCC5)ccc3C)c2cc1OCCN6CCCCC6
CHEMBL1224138,1.0251385,NC(=O)c1cncc(O[C@H]2C[C@H]3CC[C@@H](C2)N3Cc4ccccc4)n1
CHEMBL521262,2.7124717,COc1cc2c(Nc3cccc(Cl)c3Cl)c(cnc2cc1NCCN(C)C)C(=O)N
CHEMBL1698351,0.32366884,CN1C(C(=O)Nc2ncc(C)s2)C(=O)c3ccccc3S1(=O)=O
CHEMBL2179665,-0.38022017,CC1=CN([C@H]2CCCN(Cc3ccc(C(=O)O)c(Oc4cccc(Cl)c4)c3)C2)C(=O)NC1=O
CHEMBL437765,1.9859781,CO[C@H]1\C=C\O[C@@]2(C)Oc3c(C)c(O)c4c(O)c(NC(=O)\C(=C/C=C/[C@H](C)[C@H](O)[C@@H](C)[C@@H](O)[C@@H](C)[C@H](OC(=O)C)[C@@H]1C)\C)cc(O)c4c3C2=O
CHEMBL826,-0.8468497,CCN1C=C(C(=O)O)C(=O)c2cc(F)c(nc12)N3CCNCC3
CHEMBL251290,3.3386955,COc1ccc2c(C)cc(N[C@H]3CC[C@@H](C3)NCc4cn(C)c5ccccc45)nc2c1
CHEMBL2334575,2.264817,Cc1ccn2c(c(C)nc2c1)c3ccnc(N)n3
CHEMBL142653,2.0635462,Cc1cc2NC(=O)C(=CC(=O)c2cc1C)O
CHEMBL224195,2.2752461,COc1cc(N2CCCN(C)CC2)c3NC(=CC(=O)c3c1)C(=O)Nc4ccc(cc4)N5CCOCC5
CHEMBL2325703,2.8778424,CC(C)(c1cc(nc(n1)c2cccc3[nH]ccc23)N4CCOCC4)S(=O)(=O)C
CHEMBL366947,2.7242377,CC(C)(C)OC(=O)c1ncn2c1[C@@H]3CCCN3C(=O)c4c(Br)cccc24
CHEMBL127907,2.9466517,COc1cc2ncnc(Nc3cccc(O)c3)c2cc1OC
CHEMBL1682945,3.275415,CC[C@H](NC(=O)c1c(CC[S+](C)[O-])c(nc2ccccc12)c3ccccc3)c4ccccc4
CHEMBL1778645,-0.27237487,CCS(=O)(=O)c1ccc(c(C)c1)c2cc(Cl)ccc2OCC(=O)O
CHEMBL2036567,3.029434,Fc1ccccc1Nc2oc(nn2)C(=O)Nc3ccc(cc3)N4CCOCC4
CHEMBL2094354,1.3409789,Nc1ccc2c(c1)C(=O)C(=O)c3cc(N)ccc23
CHEMBL1682832,2.7908797,COC(=O)N1CCOc2cc(COc3ccccc3)cnc12
CHEMBL304354,2.4439654,CC(C)C(NC(=O)CN1C(=O)C(=CC=C1c2ccccc2)NS(=O)(=O)c3ccccc3)C(=O)C(F)(F)F
CHEMBL2048866,1.7789825,N[C@@H]1CCCN(C1)c2c(Cl)cccc2\C=C\3/SC(=O)NC3=O
CHEMBL1682949,3.312904,CC[C@H](NC(=O)c1c([S+](C)[O-])c(nc2ccccc12)c3cccs3)c4ccccc4
CHEMBL1946019,3.2047496,CCN(C)C(=O)c1ccc(cc1)C(=C2CCN(Cc3ccc(F)cc3)CC2)c4ccccc4NC(=O)C
CHEMBL451570,0.64148784,Nc1nccc(n1)c2cc3C(=O)NC[C@@H](CCF)c3[nH]2
CHEMBL1017,2.6375892,CCCc1nc2c(C)cc(cc2n1Cc3ccc(cc3)c4ccccc4C(=O)O)c5nc6ccccc6n5C
CHEMBL522505,2.307118,COc1ccc2nccc([C@@H](O)[C@@H]3C[C@H]4CCN3C[C@@H]4C=C)c2c1
CHEMBL69023,3.582097,FC(F)(F)c1ccc(cc1)S(=O)(=O)N2CCN(CC2)C(=O)N3CCN(CC3)c4ccncc4Cl
CHEMBL397688,3.4402554,OCC(CO)CN1C(=O)C(Cc2ccccc12)NC(=O)c3cc4cc(Cl)sc4[nH]3
CHEMBL539163,3.4586613,Cn1c(ccc1c2ccc3NC(=S)OC(C)(C)c3c2)C#N
CHEMBL61835,0.8070524,CS(=O)(=O)c1ccc(c[n+]1[O-])C(=O)Nc2ccc(F)cc2
CHEMBL2348176,2.5877776,Nc1nccc(n1)n2ccc3ccccc23
CHEMBL1951902,1.1509044,CCN(C1CCN(CCC(N2CCC(CC2)C(=O)C)c3ccccc3)CC1)C(=O)Cc4ccc(cc4)S(=O)(=O)C
CHEMBL1939737,3.7455263,CCN(CC)C(=O)c1ccc(cc1)[C@@H](N2CCN(Cc3ccc(F)cc3)CC2)c4cccc(NC(=O)C5CC5)c4
CHEMBL2172782,0.85488665,CC(C)Cc1ccc(cc1)C(C)C(=O)NS(=O)(=O)C
CHEMBL115125,1.7293134,Cc1cc(NC(=O)c2ccccc2)n[nH]1
CHEMBL256668,3.1060154,C[C@H](CO)Nc1nc(SCc2cccc(F)c2F)nc3NC(=O)C=Nc13
CHEMBL2179278,1.3084695,CC1=CN([C@H]2CCCN(C2)[C@@H](CC(C)(C)C)c3ccc(C(=O)O)c(Oc4cccc(Br)c4)c3)C(=O)NC1=O
CHEMBL1730736,2.694024,CC(C)(NC(=O)c1sccc1Oc2ccc(F)cc2[N+](=O)[O-])C#C
CHEMBL1327979,2.108824,Nc1nc2nc(cc(n2n1)C(F)(F)F)c3cccs3
CHEMBL480,2.5956903,Cc1c(OCC(F)(F)F)ccnc1C[S+]([O-])c2nc3ccccc3[nH]2
CHEMBL2012856,2.584272,NC1=CC2=NNC(=O)N2c3cc(ccc13)c4cccs4
CHEMBL2030560,2.2702289,Nc1nc2ccc(cc2[nH]1)C(=O)c3ccccc3
CHEMBL888,-1.1458852,NC1=NC(=O)N(C=C1)[C@@H]2O[C@H](CO)[C@@H](O)C2(F)F
CHEMBL513192,2.703594,CN1C=C(C(=O)c2c(O)cc(O)cc12)c3ccc(O)cc3
CHEMBL165790,3.6904788,CC(C)Oc1ccc2C(=O)C(=COc2c1)c3ccccc3
CHEMBL1090090,1.5156028,NC(=O)N(c1ccc(C(=O)N)c(n1)c2ccc(F)cc2F)c3c(F)cccc3F
CHEMBL1783281,3.8542788,CCCNC(=O)c1nnc2c(cccc2c1N)c3cc(C)ccc3OC
CHEMBL264961,1.6796305,CNC(=O)c1ccc(CN2CCC(CC2)c3ccc(cc3)C(=O)Nc4ccccc4N)cc1
CHEMBL1934418,1.7106858,C[C@H](NC(=O)c1c(C)nn(C2CCSCC2)c1NS(=O)(=O)c3ccc(C)cc3)C(C)(C)C
CHEMBL550,-0.26166153,CC[C@H]1[C@@H](Cc2cncn2C)COC1=O
CHEMBL2012861,1.9362172,NC1=CC2=NNC(=O)N2c3cc(ccc13)c4ccc[nH]4
CHEMBL205092,1.7579435,CC(C)CN1C(=O)N(C)C(=O)c2c1sc(Cc3c[nH]c4ncccc34)c2C(=O)N5CC[C@@H](O)C5
CHEMBL2048869,1.6464539,CCOc1cccc(\C=C\2/SC(=O)NC2=O)c1N3CCC[C@@H](N)C3
CHEMBL2325705,2.357393,CS(=O)(=O)C1(CCOCC1)c2cc(nc(n2)c3cccc4[nH]ccc34)N5CCOCC5
CHEMBL275043,2.2984936,CC(C)C(NC(=O)CN1C(=O)C(=CC=C1c2ccccc2)NC(=O)OCc3ccncc3)C(=O)C(F)(F)F
CHEMBL1916274,1.5438242,Cc1ccc(cc1)S(=O)(=O)Nc2c(C(=O)NC3CCCCC3)c(C)nn2c4ccccc4
CHEMBL1230122,2.5778213,CN1C(=O)C(=Cc2cnc(NC3CCOCC3)nc12)Oc4ccc(F)cc4F
CHEMBL510349,3.3908446,O=C1Oc2ccccc2C=C1c3ccccc3
CHEMBL338579,4.0207195,COc1ccccc1C(=O)NCC23CC4CC(CC(C4)C2)C3
CHEMBL1290185,1.1532923,Cc1nc(cs1)C(=O)N2CCCC3(CCN(Cc4ccccc4)CC3)C2
CHEMBL443809,2.59195,CS(=O)(=O)n1c2ccccc2c3cc(NC(=O)N4CCOCC4)ccc13
CHEMBL2335121,2.536463,CCOc1ccccc1c2ccc(cc2)c3nc4ccc(F)cc4c(C(=O)O)c3C
CHEMBL51314,3.0685804,CC(C)(C)C(=O)Nc1ccc2c(c1)C(=O)C(=O)c3ccccc23
CHEMBL135400,1.1002166,CN1CCN(CC1)C(=O)OC2N(C(=O)c3nccnc23)c4ccc(Cl)cn4
CHEMBL1511829,2.9031396,Nc1ncnc2oc(c3cocc3)c(c4occc4)c12
CHEMBL404687,1.7552118,OC(=O)c1ccc(Nc2ncc(Br)c(Nc3ccccc3)n2)cc1
CHEMBL274056,1.9539101,Oc1ccc(O)c2C(=O)C=CC(=O)c12
CHEMBL1507581,0.40097964,CC(=O)Nc1ccc(cc1)S(=O)(=O)Nc2ccccn2
CHEMBL258313,3.4194794,C[C@@H](Oc1cccc2ncnc(Nc3ccc(OCc4ccccn4)c(Cl)c3)c12)C(=O)N(C)CCO
CHEMBL13486,1.8357661,Oc1ccc2C(=O)C(=COc2c1)c3ccc(O)c(O)c3
CHEMBL2030393,2.4379904,Brc1ccc2oc3C(=O)NC(=Nc3c2c1)[C@@H]4CCCN4
CHEMBL2086673,3.4592218,C[C@@H]1CN(CCN1c2ncc(OCc3ccc(cc3C#N)S(=O)(=O)C)cn2)C(=O)OC(C)(C)C
CHEMBL572878,2.895061,CN1CCN(CC1)c2cc(Nc3cc(C)[nH]n3)nc(Sc4ccc(NC(=O)C5CC5)cc4)n2
CHEMBL1895117,-0.12629223,Cc1cnc(NS(=O)(=O)c2ccccc2)c(C)n1
CHEMBL1779018,2.892858,CCCC(=O)NCc1cncc(c1)c2ccc(F)cc2OC
CHEMBL113725,0.5988573,CC(C)C(NC(=O)CN1C(=O)C(=CC=C1c2ccccc2)NC(=O)Cc3ccc(cc3)C(=O)O)C(=O)C(F)(F)F
CHEMBL646,3.084981,Cc1nnc2CN=C(c3ccccc3Cl)c4cc(Cl)ccc4n12
CHEMBL2171999,2.7564464,C[C@@H]1CN(CCN1C(=O)[C@@H]2CCCC[C@H]2C(=O)NC3(CC3)C#N)c4ccc5c(c4)c(C)nn5C
CHEMBL2087865,3.5261497,Cn1cc(cc1c2c3C(=O)N(CCO)C(=O)N(CC4CC4)c3nn2Cc5ccnc6ccc(Cl)cc56)C#N
CHEMBL162203,3.521561,Cc1cccc(n1)c2nc3cc(Cl)ccc3[nH]2
CHEMBL182731,3.7943602,COC(=O)c1ccc(CC(=O)N(C)C2CCN(CCC(c3ccccc3)c4ccccc4)CC2)cc1
CHEMBL2165066,0.64735496,F[C@H]1CN(CCN2C(=O)C=Cc3ccc(cc23)C#N)CC[C@H]1NCc4ccc5OCC(=O)Nc5n4
CHEMBL1934421,1.3670716,C[C@H](NC(=O)c1c(C)nn(C2CCN(CC(F)(F)F)CC2)c1NS(=O)(=O)c3ccc(C)cc3)C(C)(C)C
CHEMBL465955,0.97830296,C[C@@H]1CN(CC2(CC2)C(=O)N)CCN1S(=O)(=O)c3ccc(cc3)C(C)(O)C(F)(F)F
CHEMBL86795,1.9216477,c1ccc2[nH]ncc2c1
CHEMBL515854,2.7731752,COCCS(=O)(=O)c1ccc(Nc2nccc(n2)c3cnc(C)n3C(C)C)cc1
CHEMBL82663,2.429613,Oc1ccc(CCNCCS(=O)(=O)CCCOCCc2ccccc2)c3sc(O)nc13
CHEMBL319118,3.0436447,COc1ccc(OC(F)(F)F)cc1CN[C@H]2CCCN[C@H]2c3ccccc3
CHEMBL1650273,3.2405486,Nc1nc(cs1)c2ccc(Cl)cc2
CHEMBL35,-0.56841063,NS(=O)(=O)c1cc(C(=O)O)c(NCc2occc2)cc1Cl
CHEMBL278172,1.6623225,CCOC(=O)c1ccc(N)cc1
CHEMBL1916271,1.7866753,CCN(C1CCCCC1)C(=O)c2cnn(c2NS(=O)(=O)c3ccc(cc3)c4ocnc4)c5ccccc5
CHEMBL289832,1.3931181,Oc1nc2cc(Cl)c(Cl)c(c2nc1O)[N+](=O)[O-]
CHEMBL1789274,0.5693691,CNCC[C@@H](Oc1cc(OC)ccc1C#N)c2ccccc2
CHEMBL1688537,2.6758828,CCc1c(C)nc2sc(C(=O)N)c(N)c2c1C
CHEMBL29838,3.1094847,OC(=O)c1ccc(OCC(=O)COc2ccc(SCCCCCc3ccccc3)cc2)cc1
CHEMBL479446,2.3886418,COc1cc2ncc(C(=O)N)c(Nc3ccc(F)cc3F)c2cc1NCCN4CCOCC4
CHEMBL234950,3.5289514,OCCCN1C(=O)C(Cc2ccccc12)NC(=O)c3cc4cc(Cl)sc4[nH]3
CHEMBL1082704,2.71853,OC(=O)CC[C@H]1[C@@H](Cc2ccccc12)NC(=O)c3cc4sc(Cl)c(Cl)c4[nH]3
CHEMBL249790,4.105007,OCCO[C@H]1C[C@H]([C@H](O)[C@@H]1O)n2nnc3c(N[C@@H]4C[C@H]4c5ccc(F)c(F)c5)nc(SCCC(F)(F)F)nc23
CHEMBL2088097,2.8112235,Cc1cc(CNc2ncc(Cl)c(Nc3cc(C)[nH]n3)n2)on1
CHEMBL107313,1.8540189,CCCc1cc(cc(OC)c1OC)C2=N[C@H](CO2)C(=O)NO
CHEMBL1784357,0.9591148,ON(C=O)C1(CS(=O)(=O)N2CCN(CC2)c3ccc(F)cc3)CCOCC1
CHEMBL415247,2.2392242,CC(C)[C@@H](CN1CC[C@](C)([C@@H](C)C1)c2cccc(O)c2)NC(=O)[C@H]3Cc4ccc(O)cc4CN3
CHEMBL2089277,-0.16405988,OC(=O)c1cccc(c1)c2cccc(c2)C#N
CHEMBL464081,3.599758,CC1(C)[C@@H]2CC[C@@]1(CS(=O)(=O)N3CCN(CC3)c4ccc(cn4)C(F)(F)F)C(=O)C2
CHEMBL2179277,1.1871136,CC1=CN([C@H]2CCCN(C2)[C@H](CC(C)(C)C)c3ccc(C(=O)O)c(Oc4cccc(Br)c4)c3)C(=O)NC1=O
CHEMBL521248,3.0390372,COc1cc2ncc(C(=O)N)c(Nc3cc(C)ccc3F)c2cc1OC
CHEMBL2023481,3.5902555,COc1cc(Oc2ccnc3ccc(F)cc23)ccc1CC(=O)Nc4noc(C)c4C
CHEMBL1612749,3.4355092,Cc1cc(NC(=O)c2ccc(Cl)cc2)n(n1)c3ccccc3
CHEMBL2177606,1.764014,OC(=O)c1ccc(cc1)n2ncc(C(=O)NC3C4CC5CC(CC3C5)C4)c2C6CCCC6
CHEMBL1350196,-0.5990794,CC1=C(CCC(=O)O)C(=O)Oc2cc(O)ccc12
CHEMBL2071614,2.656446,CC(C)(O)c1ccc(Nc2nc3ccc(cc3[nH]2)C#N)cc1
CHEMBL317281,1.7379642,CN(C)CC(O)COc1ccc(Nc2cc(Nc3ccc(F)cc3F)ncn2)cc1
CHEMBL450208,3.0510893,COc1cc2ncc(C(=O)N)c(Nc3ccccc3Cl)c2cc1OC
CHEMBL1454839,1.0456852,C1CNCC(C1)c2nc3ccccc3s2
CHEMBL2042558,3.663399,[O-][N+](=O)c1cccc2ccc(nc12)C(Cl)(Cl)Cl
CHEMBL1650730,2.4160438,C[C@H](Nc1ncc(Cl)c(Nc2cc([nH]n2)N(C)C)n1)c3ncc(F)cn3
CHEMBL232830,3.1867676,CN(C)C(=O)CN1C(=O)C(Cc2ccccc12)NC(=O)c3cc4cc(Cl)sc4[nH]3
CHEMBL2171041,1.8049496,CN(C)c1ccccc1S(=O)(=O)NC(=O)N2CCC(CC2)N3CCC(CC3)Oc4ccc(Cl)c(Cl)c4
CHEMBL1082811,1.4676392,O=C1NC(=NC(=C1C#N)c2ccccc2)SCc3ccccc3
CHEMBL278222,2.2276092,CC(C)C(NC(=O)CN1C(=O)C(=CC=C1c2ccccc2)NC(=O)NCc3ccncc3)C(=O)C(F)(F)F
CHEMBL394799,3.5961027,C[C@H](CO)Nc1nc(SCc2cccc(Cl)c2)nc3nc(N)sc13
CHEMBL587723,3.6294603,CCN1CCN(Cc2ccc(cc2)c3cc4c(N[C@H](C)c5ccccc5)ncnc4[nH]3)CC1
CHEMBL1897032,1.0566262,OC(CN1CCOCC1)c2ccccc2
CHEMBL726,3.5483103,OCCN1CCN(CCCN2c3ccccc3Sc4ccc(cc24)C(F)(F)F)CC1
CHEMBL2062576,1.8242418,CC(=O)Nc1ccc2ccn(c3cc(NCCCN4CCCC4)n5ncc(C#N)c5n3)c2c1
CHEMBL119489,1.7092772,CN(C)c1cccc2c(cccc12)S(=O)(=O)N
CHEMBL1923434,0.44404304,Cc1[nH]c(C(=O)NC2CCN(CC2)c3nc(cs3)C(=O)O)c(Cl)c1Cl
CHEMBL2349318,3.7272325,CCC[C@H](CO)Nc1nc(S[C@@H](C)c2cccc(c2)C#N)nc3NC(=O)Sc13
CHEMBL2207662,2.958365,O[C@H](CNC(=O)C1=CNC(=O)C=C1C(F)(F)F)CN2CCC(CC2)Oc3ccc(Cl)c(Cl)c3
CHEMBL323443,2.5800545,CC(C)C(NC(=O)CN1C(=O)C(=CC=C1c2ccccc2)NS(=O)(=O)C(F)(F)F)C(=O)C(F)(F)F
CHEMBL1164374,3.1018085,Fc1ccc(cc1)C(=O)C2CCN(CC2)C(=O)c3ccc(F)cc3
CHEMBL571,0.012114048,CC(C(=O)O)c1cccc(c1)C(=O)c2ccccc2
CHEMBL1373037,3.0142837,Nc1nccc(\C=C\c2ccc(Cl)cc2)n1
CHEMBL304784,2.4388273,CCCC[C@H](NC(=O)[C@H](CC(C)C)NC(=O)[C@H](CC(C)C)NC(=O)C)C=O
CHEMBL63323,0.8858514,OC(=O)c1cccnc1Nc2cccc(c2)C(F)(F)F
CHEMBL2071098,2.384438,CC1(C)COCc2sc(nc12)N3CCN(CC3)C(=O)[C@@H]4CCCC[C@H]4C(=O)NC5(CC5)C#N
CHEMBL482192,2.8337657,COc1cc2ncc(C(=O)N)c(Nc3cccc(F)c3F)c2cc1OC
CHEMBL549620,3.1299691,OCCN1CCN(Cc2ccc3c(NC(=O)CC45CC6CC(CC(C6)C4)C5)c(Cl)ccc3n2)CC1
CHEMBL1682817,3.0830698,O=C1CCOc2cc(OCc3cccc(c3)C#N)ccc12
CHEMBL2178945,1.120373,Cc1nc(C)c(nc1C(=O)N)c2ccc([C@@H]3CC[C@H](CC(=O)O)CC3)c(F)c2
CHEMBL1542,0.2560718,Cn1cnc(c1Sc2ncnc3nc[nH]c23)[N+](=O)[O-]
CHEMBL2170975,1.2452402,CC(C)(C)OC(=O)NCCCSC[C@H]1O[C@H]([C@H](O)[C@@H]1O)n2cnc3c(N)ncnc23
CHEMBL2163360,2.088098,O=C(NC1(CC1)C#N)[C@@H]2CCCC[C@H]2C(=O)N3CCc4[nH]c5ncccc5c4C3
CHEMBL2058280,2.5861874,Nc1scc2C(=NN(C(=O)c12)c3ccc(F)cc3)C(=O)NC4CC4
CHEMBL1940832,0.44825423,O[C@@H](CNCCc1ccc(NC[C@H](O)c2ccccc2)cc1)c3ccc(O)c(NC=O)c3
CHEMBL1194759,0.5955242,CCCC1CCCCC(=N1)N
CHEMBL600780,0.51681435,NNC1=Nc2ccccc2NC1=O
CHEMBL564885,1.1451396,Clc1c(NCC2CCNCC2)nccc1C(=O)NCC34CC5CC(CC(C5)C3)C4
CHEMBL1428,3.6025698,COCCOC(=O)C1=C(C)NC(=C(C1c2cccc(c2)[N+](=O)[O-])C(=O)OC(C)C)C
CHEMBL478241,2.6228106,CC(C)n1c(C)ncc1c2ccnc(Nc3ccc(cc3)N4CCN(CC4)C(=O)CN(C)C)n2
CHEMBL2206790,3.431633,COCC[C@H](Oc1ncnc2c1cnn2c3ccccc3Cl)C(=O)Nc4ccc(C)cn4
CHEMBL2158821,2.1618295,OC(=O)[C@H](N1CCC(CN2CCC(CC2)Oc3ccc(Cl)c(Cl)c3)CC1)c4ccccc4
CHEMBL1440652,3.5916557,Cn1c(CN2CCN(CC2)c3cccc(Cl)c3)nc4ccccc14
CHEMBL1387125,1.0407641,CCN1C(=O)C2=C(OC(=CC2=O)O)c3ccccc13
CHEMBL2010851,2.869684,CN([C@@H]1CCN(Cc2ccc(cc2)C(F)(F)F)C[C@@H]1F)C(=O)Cc3ccc(cc3)S(=O)(=O)C
CHEMBL1427458,3.3954067,Cc1ccc(Oc2ccc(cc2)C(=O)NCc3ccncc3)cc1
CHEMBL2207669,2.5107975,O[C@H](CNC(=O)C1=CNC(=O)c2ccccc12)CN3CCC(CC3)Oc4ccc(C#N)c(Cl)c4
CHEMBL40999,0.2474873,NC(=N)Nc1ccc(Cl)c(Cl)c1
CHEMBL213494,-0.08991814,Cc1ccc2c(c1)c(c(C)n2CC(=O)O)c3ccnc4c(cccc34)S(=O)(=O)C
CHEMBL290119,3.1797059,CCOC(=O)[C@H](Cc1ccc(O)cc1)NC(=O)c2cccc3ccccc23
CHEMBL1209586,3.740837,FC(F)(F)c1cccc(c1)S(=O)(=O)NCC(N2CCCCCC2)c3ccccc3
CHEMBL1824371,3.0794067,Oc1cccc(NC(=O)c2ccc(OCCCN3CCCC3)cc2OCc4cccc(F)c4)c1
CHEMBL1088913,0.8521284,NCCCCN(Cc1nc2ccccc2[nH]1)C3CCCc4cccnc34
CHEMBL122695,2.0244973,CC(=O)NC[C@H]1CN(C(=O)O1)c2ccc(N3CCN(CC3)c4cnccn4)c(F)c2
CHEMBL1824373,2.6636872,Oc1cccc(NC(=O)c2ccc(OCCCN3CCCC3)cc2OCc4cccc(c4)C#N)c1
CHEMBL73234,1.7724645,CCN(CC)CCOCCOC(=O)C1(CCCC1)c2ccccc2
CHEMBL1682816,3.4485946,Fc1cccc(COc2ccc3C(=O)CCOc3c2)c1
CHEMBL2171984,1.9254749,Fc1ccc(cc1)N2CCN(CC2)C(=O)[C@@H]3CCCC[C@H]3C(=O)NCC#N
CHEMBL2036590,3.2478857,Fc1ccc(Nc2oc(nn2)C(=O)Nc3ccc(nc3)N4CCOCC4)cc1F
CHEMBL1917439,2.6757784,Cc1c(Sc2ccc(Cl)cc2)c3cc(ccc3n1CC(=O)O)c4ccccc4
CHEMBL109937,3.1181629,FC(F)(F)c1cc(COCC(N2CCNCC2)c3ccccc3)cc(c1)C(F)(F)F
CHEMBL56802,3.6208556,COc1cc2ncnc(Nc3cccc(C)c3)c2cc1OC
CHEMBL2325743,2.8318856,C[C@H](NC(=O)C1(N)CCN(CC1)c2ncnc3[nH]ccc23)c4ccc(Cl)cc4
CHEMBL628,0.46152484,CN1C(=O)N(CCCCC(=O)C)C(=O)c2c1ncn2C
CHEMBL1689137,1.0457568,C[C@H]1CN(Cc2cc(Cl)ccc2CC(=O)O)CCN1S(=O)(=O)Cc3ccccc3
CHEMBL456446,3.3233614,C(Nc1nc2ccccc2[nH]1)c3ccccc3
CHEMBL1682833,2.3266952,CS(=O)(=O)N1CCOc2cc(COc3ccccc3)cnc12
CHEMBL896,2.7551935,OCCOCCN1CCN(CC1)C(c2ccccc2)c3ccc(Cl)cc3
CHEMBL511,1.7761252,COc1ccc(CN(CCN(C)C)c2ccccn2)cc1
CHEMBL2158833,1.2815406,OC(=O)c1ccc(CN2CCC(CN3CCC(CC3)Oc4ccc(Cl)c(Cl)c4)CC2)cc1
CHEMBL215022,1.9179018,OC[C@H]1CCCN1CCCOc2ccc3c(Nc4cc(CC(=O)Nc5cccc(F)c5F)[nH]n4)ncnc3c2
CHEMBL1289574,2.9310255,FC1(CCN(CC1)C(=O)COCc2ccncc2)c3ccc(Cl)cc3
CHEMBL2086678,3.7005434,COc1cnccc1COc2cnc(nc2)N3CCN(CC3)C(=O)OC(C)(C)C
CHEMBL395955,2.8410678,NC(=O)CN1C(=O)C(Cc2ccccc12)NC(=O)c3cc4cc(Cl)sc4[nH]3
CHEMBL13976,2.24492,CN(C)CCNC(=O)c1c(C)[nH]c(\C=C\2/C(=O)Nc3ccc(F)cc23)c1C
CHEMBL2036589,3.2363353,Fc1ccc(Nc2oc(nn2)C(=O)Nc3ccc(nc3)N4CCOCC4)cc1
CHEMBL440765,0.95913076,CN([C@H]1CC[C@@]2(CCCO2)C[C@@H]1N3CCCC3)C(=O)Cc4ccccc4
CHEMBL1923432,1.6226208,Cc1[nH]c(C(=O)NC2CCN(CC2)c3cc(cc(Cl)n3)C(=O)O)c(Cl)c1Cl
CHEMBL184011,3.2525864,COc1ccc(cc1)C(=O)Nc2cc(NC(=O)c3cccc(c3)N(C)C)ccc2C
CHEMBL48616,3.8252685,Cc1cc(C)cc(c1)c2[nH]c3ccc(cc3c2CCNCCCCc4ccncc4)C(C)(C)C(=O)N5C6CCC5CC6
CHEMBL321758,0.79293,C[C@H]([C@H](O)c1ccc(O)cc1)N2CCC(O)(CC2)c3ccccc3
CHEMBL2153190,2.4377363,CCCSc1nc(ccc1C(=O)NC2CCCCC2)N3CCC[C@H](CC(=O)O)C3
CHEMBL516784,1.7241235,NC(=O)Nc1sc(cc1C(=O)N[C@H]2CCCNC2)c3ccc(F)cc3
CHEMBL2153187,1.5503926,CCCSc1nc(ccc1C(=O)NC2CCCCC2)N3CCCCC3C(=O)O
CHEMBL196585,3.7110815,Oc1ccc(cc1)C(c2ccc(O)cc2)C(Cl)(Cl)Cl
CHEMBL2011916,2.8244364,CNc1c(Br)cnc2[nH]c(nc12)c3ccc(OCCCN4CCOCC4)cc3
CHEMBL191802,2.2366307,CSc1ccc(OCc2ccccc2)c(\C=C\c3ccc(cn3)C(=O)O)c1
CHEMBL2030806,0.7295238,CNc1cccc(CCOc2ccc(C[C@H](NC(=O)c3c(C)cc(C)cc3C)C(=O)O)cc2)n1
CHEMBL469230,3.4252224,CN1C(=O)N(CC2CC2)c3nn(Cc4ccnc5ccc(Cl)cc45)c(c6cc(cn6C)S(=O)(=O)C)c3C1=O
CHEMBL167176,2.243928,CCCc1c(O)c(ccc1OCc2ccc(\C=C\c3nn[nH]n3)cc2)C(=O)C
CHEMBL13698,1.1595916,C1CN=C(N1)c2ccc3ccccc3n2
CHEMBL256115,1.7446532,CCCNCc1cnc(s1)c2ccc(cc2)C(=O)Nc3ccccc3N
CHEMBL2062584,3.1816568,COC(=O)CCn1cc(c2cc(NC3CC3)n4ncc(C#N)c4n2)c5cc(NC(=O)C)ccc15
CHEMBL387658,1.9569515,CC(C#Cc1ccccc1)N2NC(=O)C3=C(C2=O)C(=O)c4ccc(Cl)cc4N3
CHEMBL1451129,2.4141521,CC1=CC(=O)Oc2cc3NCCCc3cc12
CHEMBL1778628,-0.0043303967,OC(=O)COc1ccc(cc1c2cccc(c2)C#N)C(F)(F)F
CHEMBL2312185,1.8569813,CNc1nc(C)c(s1)c2nc(Nc3cccc(c3)N4CCCNCC4)ncc2C#N
CHEMBL1807818,2.2101085,O[C@@H](CNCCCSCCOCCc1ccccc1)c2ccc(O)c3NC(=O)Sc23
CHEMBL2059375,1.88064,CCNC(=O)c1cc2c(c(cnc2[nH]1)c3cncc(c3)C(=O)N)n4ccc(n4)C(F)(F)F
CHEMBL103771,3.846685,C\N=C(/S)\n1nc(nc1N)c2ccc(Cl)cc2
CHEMBL190458,-0.119056225,CC1=C(CCC(=O)O)C(=O)Oc2c(C)c(O)ccc12
CHEMBL8663,2.172012,CC(Cc1ccccc1)N(C)CC#C
CHEMBL1934422,1.017956,C[C@H](NC(=O)c1c(C)nn(C2CCOCC2)c1NS(=O)(=O)c3ccc(C)cc3)C(C)(C)C
CHEMBL282694,2.475195,CC(C)C(NC(=O)CN1C(=O)C(=CC=C1c2ccccc2)NS(=O)(=O)NCc3ccccc3)C(=O)C(F)(F)F
CHEMBL196707,-0.33104253,Cc1c(CC(=O)O)c2cc(F)ccc2n1S(=O)(=O)c3ccc(cc3)S(=O)(=O)C
CHEMBL1950846,0.95914483,CN[C@@H](C)C(=O)N[C@H](C(=O)N[C@H]1CCCN(C1)S(=O)(=O)c2ccccc2)C(C)(C)C
CHEMBL589,0.8077419,CCCN(CCC)CCc1cccc2NC(=O)Cc12
CHEMBL2325988,1.2756535,CC(NC(=O)C1(N)CCN(CC1)c2ncnc3[nH]ccc23)c4cccnc4
CHEMBL1779503,1.2928941,Clc1ccc(cc1C(=O)NCCc2ccccc2)N3N=CC(=O)NC3=O
CHEMBL1917445,0.4240241,Cc1ccc2c(c1)c([S+]([O-])c3ccc(Cl)cc3)c(C)n2CC(=O)O
CHEMBL126857,2.479559,CCN(CC)C(=O)c1ccc(cc1)C(=C2CCNCC2)c3ccc(Cl)c(Cl)c3
CHEMBL2158770,2.3104093,OC(=O)[C@H](Cc1cccc(c1)C#N)N2CCC(CN3CCC(CC3)Oc4ccc(Cl)c(Cl)c4)CC2
CHEMBL1459468,3.0663695,COc1ccccc1C(=O)Nc2nc3ccccc3[nH]2
CHEMBL1498995,2.4340866,CNc1ncc(s1)C(=O)c2ccccc2
CHEMBL94191,3.2147646,COc1cc2ncnc(Nc3ccccc3)c2cc1OC
CHEMBL217665,2.0199413,CN1CCN(CC1)c2ccc(Nc3ccnc4ccccc34)cc2
CHEMBL563379,1.4696784,CNC[C@H](O)c1ccc(Cl)c(c1)C(=O)NCC23CC4CC(CC(C4)C2)C3
CHEMBL1101,2.5538957,OC(CCN1CCCCC1)(C2CC3CC2C=C3)c4ccccc4
CHEMBL1575409,2.6932886,COc1ccc(CNC(=O)CSc2nc3cccnc3s2)cc1
CHEMBL2335896,2.9647658,C[C@@H](NC(=O)C)c1ccc(Nc2ncc3cc(ccc3n2)c4ccncc4)cc1
CHEMBL2179667,-0.7322297,CC1=CN([C@H]2CCCN(Cc3ccc(C(=O)O)c(Oc4cccc(C)c4)c3)C2)C(=O)NC1=O
CHEMBL126519,2.1418316,CCCc1c(O)c(O)c(C(=O)O)c2cc(Cc3ccccc3)c(C)cc12
CHEMBL360425,1.9575188,CS(=O)(=O)Nc1cccc(NC(=O)CN2CCN([C@H](Cc3ccccc3)C2)C(=O)C[C@H](N)Cc4ccc(F)c(F)c4)c1
CHEMBL17771,0.5183474,O=S1NC(=NO1)Cc2ccc3ccccc3c2
CHEMBL495497,2.6084943,O=C(N1CCN(CC1)c2ccccn2)c3cccc(CC4=NNC(=O)c5ccccc45)c3
CHEMBL1534781,2.6841989,COc1cnc(nc1N(C)c2ccccc2)c3ccccn3
CHEMBL1783734,1.4938505,CS(=O)(=O)c1ccc(cc1Cl)[C@@H](C[C@H]2CCC(=O)C2)C(=O)Nc3cnccn3
CHEMBL1289545,1.6448817,Cc1nc(cs1)C(=O)N2CCOC3(CCN(Cc4ccc(Cl)cc4)CC3)C2
CHEMBL2171013,4.099765,CN(C(=O)N1CCC(CC1)N2CCC(CC2)Oc3ccc(Cl)c(Cl)c3)S(=O)(=O)c4ccc(C)cc4
CHEMBL1762482,3.083925,Cc1ccnc(NCc2ccccc2)c1
CHEMBL1515,-0.256186,CN1C=CNC1=S
CHEMBL208292,3.4810894,COc1cc2ncnc(Nc3cccc(Cl)c3F)c2cc1CN4CCC[C@@H]4C(=O)N
CHEMBL1270670,3.3868616,CS(=O)(=O)c1cccc(Nc2nccc(Nc3c(Cl)ccc4ccoc34)n2)c1
CHEMBL550687,0.6125089,NC(=N)Nc1ccc(cc1)C(=O)Oc2ccc(cc2)[N+](=O)[O-]
CHEMBL1951904,2.5790668,CCN(C1CCN(CCC(C2CCN(Cc3ccccc3)CC2)c4ccccc4)CC1)C(=O)Cc5ccc(cc5)S(=O)(=O)C
CHEMBL2325731,2.447716,CN(C)C(=O)CC(NC(=O)C1(N)CCN(CC1)c2ncnc3[nH]ccc23)c4ccc(Cl)cc4
CHEMBL2171043,2.4772234,Clc1cccc(c1)S(=O)(=O)NC(=O)N2CCC(CC2)N3CCC(CC3)Oc4ccc(Cl)c(Cl)c4
CHEMBL1809199,3.6489372,COc1cc(ccc1Nc2ncc(Cl)c(n2)c3cnc4c(C)cccn34)N5CCN(CC5)C(=O)C
CHEMBL2325503,2.9269378,CS(=O)(=O)c1ccc(nc1)c2nnc(\C=C\c3oc(nn3)c4ccc(cc4)C#N)n2c5ccccc5Cl
CHEMBL486894,2.700301,Oc1ccc(cc1)C2=Cc3cc(O)ccc3OC2=O
CHEMBL13280,2.610316,CN1C(=O)CN=C(c2ccccc2F)c3cc(ccc13)[N+](=O)[O-]
CHEMBL1086377,3.3598053,CCN1CCN(CC(=O)Nc2ccc(c3cccc4C(=O)C=C(Oc34)N5CCOCC5)c6sc7ccccc7c26)CC1
CHEMBL510101,2.2598329,COc1ccc(CNCc2ccc(cc2)c3cc(C(=O)N)c(NC(=O)N)s3)cc1
CHEMBL478407,3.5339665,CC(C)n1c(C)ncc1c2ccnc(Nc3ccc(F)cc3)n2
CHEMBL1916541,0.85474026,COc1ccc2C(=NC(=O)N(CCN3CCC(CC3)NCc4cc5OCCOc5cn4)c2c1)C
CHEMBL32363,1.3541242,COC(=O)C1C(CC2CCC1N2C)OC(=O)c3ccccc3
CHEMBL2059004,0.50184023,Cc1nc2ccc(NC(=O)CCNC(=O)N)cc2s1
CHEMBL2208430,3.5898,O[C@H](CNC(=O)c1c[nH]c2ccccc12)CN3CCC(CC3)Oc4ccc(Cl)c(Cl)c4
CHEMBL272705,2.3643415,C[C@H](CO)Nc1nc(SCc2occc2)nc3NC(=O)Sc13
CHEMBL394859,2.567544,Clc1ccc(CNc2nc(nc3ncccc23)N4CCN(CC4)C(=O)[C@@H]5CCCN5)c(Cl)c1
CHEMBL1311211,2.1490843,O=C(CN1CCN(CC1)c2ccccc2)Nc3c(cnn3c4ccccc4)C#N
CHEMBL137,-0.16269708,Cc1ncc([N+](=O)[O-])n1CCO
CHEMBL1630120,3.1070015,COCCN1CCN(CC(=O)Nc2ccc(C3=CC=CN4C(=O)C=C(N=C34)N5CCOCC5)c6sc7ccccc7c26)CC1
CHEMBL2207284,2.6041932,CNS(=O)(=O)c1ccc2C(=CNC(=O)c2c1)C(=O)NC[C@@H](O)CN3CCC(CC3)Oc4ccc(Cl)c(Cl)c4
CHEMBL279261,1.5707428,OC1(CN2CCC1CC2)c3ccc(cc3)c4ccccc4
CHEMBL204825,0.94619775,Oc1nnc(Cc2cccc(c2)C(=O)N3CCOCC3)c4ccccc14
CHEMBL1650729,2.47516,C[C@H](Nc1ncc(Br)c(Nc2cc(C)[nH]n2)n1)c3ncc(F)cn3
CHEMBL1916085,1.6792612,CN(C1CCCCC1)C(=O)c2cnn(c2NS(=O)(=O)c3ccc(C)cc3)c4ccccc4
CHEMBL1556667,2.5355902,CSc1ncccc1C(=O)NCc2ccc(C)cc2
CHEMBL1789224,1.4319439,CNCC[C@@H](Oc1cc(ccc1C#N)C(F)(F)F)c2ccccc2
CHEMBL470897,2.3765378,CCC(C)Nc1nc(nc(N2CCOCC2)c1N)C#N
CHEMBL51594,2.6356878,C1Cc2ccccc2CN1c3ccncc3
CHEMBL1437137,-3.0702527,CC(N)(COP(=O)(O)O)C(=O)O
CHEMBL2313078,3.4460125,Oc1ccc(Cl)cc1C(=O)Nc2ccc(F)cc2F
CHEMBL1223870,0.25283527,CN(C)C(=O)N[C@@H]1CC[C@@H](CCN2[C@@H]3CC[C@H]2C[C@H](C3)Oc4cccc(c4)C(=O)N)CC1
CHEMBL1916286,1.4134214,C[C@H](NC(=O)c1c(C)nn(c1NS(=O)(=O)C2CCCCC2)c3ccccc3)C(C)(C)C
CHEMBL1231626,2.3009357,NC(=O)c1cnc(N[C@H]2CCCNC2)c3cc(sc13)c4ccc(Cl)cc4
CHEMBL1946024,3.778037,CCN(CC)C(=O)c1ccc(cc1)C(=C2CCN(Cc3ccc(F)cc3)CC2)c4ccc(NC(=O)OC)cc4
CHEMBL108246,2.7526891,Cc1ccccc1CCOCCCS(=O)(=O)CCNCCc2ccc(O)c3nc(O)sc23
CHEMBL1939741,2.875989,CCN(C)C(=O)c1ccc(cc1)[C@@H](N2CCN(Cc3cccnc3)CC2)c4cccc(NC(=O)C5CCC5)c4
CHEMBL315970,3.9422822,CC(C)CN1C(=O)N(C)C(=O)c2cn(Cc3cccc4ccccc34)cc12
CHEMBL2087086,3.49899,C[C@@H]1CN(CCN1c2ncc(OCc3ccncc3C#N)cn2)c4onc(n4)C(F)(F)F
CHEMBL1922094,2.1180866,C[C@H](O)C(=O)N1CCN(Cc2sc3c(nc(nc3c2C)c4cnc(N)nc4)N5CCOCC5)CC1
CHEMBL71271,3.078152,Oc1ccc(cc1)C2=Cc3ccccc3OC2=O
CHEMBL1468264,2.4264052,COc1cc(OC)c2nc(C)c3CCN(c4ccc(O)cc4)c3c2c1
CHEMBL1774099,2.6832123,COc1ccccc1N2CCN(CC3=C(Br)C(=O)N(N3C)c4ccccc4)CC2
CHEMBL2031461,2.0332048,CN1CCN(CC1)c2ccc3N=CN(C(=O)c3c2)c4cc(ccc4C)C(=O)Nc5ccon5
CHEMBL1807827,1.277935,O[C@@H](CNCCSCCCNCCc1cccc(Cl)c1)c2ccc(O)c3NC(=O)Sc23
CHEMBL2331843,2.3257456,CCc1[nH]c2nc(Sc3cnc4ccc[n+]([O-])c4c3)nc(N5CC[C@@H](N)C5)c2c1Cl
CHEMBL1350030,2.6028037,OC1(C(=O)Nc2ccccc12)c3ccccc3
CHEMBL27577,0.8527677,NC(=O)c1ccccc1O
CHEMBL233238,2.6516821,OCC(CO)NC(=O)CN1C(=O)C(Cc2ccccc12)NC(=O)c3cc4cc(Cl)sc4[nH]3
CHEMBL436968,3.5696363,CC(C)Oc1cc(OCCN2CCOCC2)cc3ncnc(Nc4c(Cl)ccc5OCOc45)c13
CHEMBL2163584,3.5955515,Brc1cccc2c3CN(CCc3[nH]c12)C(=O)[C@@H]4CCCC[C@H]4C(=O)NC5(CC5)C#N
CHEMBL351811,1.241096,NC(Cc1ccccc1)c2ccccc2
CHEMBL87563,1.9912964,CCOC(=O)c1ccc(OC(=O)CCCCCN=C(N)N)cc1
CHEMBL269538,2.7066765,COc1ccc2c(c1)[nH]c3c(C)nccc23
CHEMBL1224215,2.053556,Cc1cc(ccc1O[C@H]2C[C@H]3CC[C@@H](C2)N3Cc4ccccc4)C(=O)N
CHEMBL562308,2.2249784,OCCNCCNc1ccc2c(NC(=O)CC34CC5CC(CC(C5)C3)C4)cccc2n1
CHEMBL2036763,2.6634345,Clc1cccc(NC(=O)N2CCN(C[C@@H]3CCCN(C3)C4CC4)CC2)c1
CHEMBL1945299,1.0784323,COc1ccccc1CNCCc2cccc(CCNC[C@H](O)c3ccc(O)c4NC(=O)Sc34)c2
CHEMBL2219422,2.8878686,Cn1ncc(Cl)c1c2cc(sc2Cl)C(=O)N[C@H](CN)Cc3cccc(F)c3
CHEMBL184,-1.2742002,Nc1nc(O)c2ncn(COCCO)c2n1
CHEMBL2028019,3.3809915,CN(C)C(=O)N[C@@H]1CC[C@@H](CCN2CCN(CC2)c3cccc(Cl)c3Cl)CC1
CHEMBL2207658,3.2471108,O[C@H](CNC(=O)c1c[nH]nc1C(F)(F)F)CN2CCC(CC2)Oc3ccc(Cl)c(Cl)c3
CHEMBL2068839,3.4122753,Cc1ccc(COC(=O)N2CC[C@H](CNc3ncccn3)[C@H](F)C2)cc1
CHEMBL118755,0.65365815,Clc1ccc2C(=O)C3=C(Nc2c1)C(=O)NN(Cc4ccncc4)C3=O
CHEMBL384467,1.6004751,C[C@@H]1C[C@H]2[C@@H]3CCC4=CC(=O)C=C[C@]4(C)[C@@]3(F)[C@@H](O)C[C@]2(C)[C@@]1(O)C(=O)CO
CHEMBL1270772,3.0531611,CS(=O)(=O)c1cccc(Nc2nccc(Nc3cccc4CCOc34)n2)c1
CHEMBL2208426,2.8420758,CS(=O)(=O)c1ccc(s1)C(=O)NC[C@@H](O)CN2CCC(CC2)Oc3ccc(Cl)c(Cl)c3
CHEMBL1917448,-0.30874777,COc1cccc(c1)S(=O)(=O)c2c(C)n(CC(=O)O)c3ccc(C)cc23
CHEMBL1172,1.9285455,Clc1ccc2C(=C3CCNCC3)c4ncccc4CCc2c1
CHEMBL2171029,2.4062152,OC(=O)CCCCn1nnc(n1)c2ccc(cc2)C(=O)N3CCC(CC3)N4CCC(CC4)Oc5ccc(Cl)c(Cl)c5
CHEMBL2070950,1.6647246,O=C(NC1(CC1)C#N)[C@@H]2CCCC[C@H]2C(=O)N3CCN(CC3)c4nc5ccncc5s4
CHEMBL1486517,2.9439864,O=C(C1CCN(CC1)c2nnc(s2)n3cccc3)N4CCN(Cc5ccc6OCOc6c5)CC4
CHEMBL2036779,2.043967,CCN1CCOC(C1)C(=O)N2CCN(CC2)C(=O)Nc3ccc(Cl)c(Cl)c3
CHEMBL2147032,3.4006407,O=C1COC2(CCN(CC2)S(=O)(=O)c3ccc(cc3)c4ccc5cccnc5c4)CN1C6CC6
CHEMBL1907764,3.1278396,COc1cc2c(Nc3ccc(Br)cc3F)ncnc2cc1OC[C@@H]4CCCN(C)C4
CHEMBL1962616,-0.44863153,NC(=N)NC(=O)c1nc(Cl)c(NCc2ccncc2)nc1N
CHEMBL1366397,2.1002707,Oc1ccccc1OCC(=O)NC2CCCC2
CHEMBL393348,1.8037169,Clc1ccc(cc1C(=O)NCC23CC4CC(CC(C4)C2)C3)C5CCNCC5
CHEMBL2021706,0.55828285,CCC[C@@H](CNC(=O)c1nc(Cl)c(N)nc1N)[N+](C)(C)CCCc2ccc(OC)cc2
CHEMBL187673,3.5877538,Oc1ccc(cc1)c2oc3cc(O)ccc3n2
CHEMBL1555870,2.844119,NC(=O)c1sc(cc1NS(=O)(=O)c2ccc(cc2)C(F)(F)F)c3ccsc3
CHEMBL1289233,3.1901307,Clc1ccc(N2CCN(CC2)C(=O)COCc3ccncc3)c(Cl)c1
CHEMBL2031235,2.055885,CN1CCN(CC1)c2ccc3N=CN(C(=O)c3c2)c4cc(NC(=O)c5oncc5)ccc4C
CHEMBL1824036,-0.19571829,CS(=O)(=O)c1ccc2OCC(=O)N(CCN3CCC(CC3)NCc4ccc5OCC(=O)Nc5n4)c2c1
CHEMBL107955,1.6990702,CCOC(=O)N1CCN(CC1)C(=O)[C@H](Cc2cccc(c2)C(=N)N)NS(=O)(=O)c3c(cc(cc3C(C)C)C(C)C)C(C)C
CHEMBL445496,1.8067484,CNC1=Nc2ncccc2C(=NC1c3cccs3)c4cc[nH]c4
CHEMBL1478435,2.9569435,CC1(C)CC(=O)c2c(N)c3ccccc3nc2C1
CHEMBL1807860,2.770377,C[C@H]1O[C@H]([C@H](O)[C@H]1Cl)n2cnc3c(N)nc(OCC4CC45CC5)nc23
CHEMBL515062,2.8208344,CC(C)Oc1cc(Nc2nc(N[C@@H](C)c3ccc(F)cn3)nc(OC(CO)CO)c2Cl)n[nH]1
CHEMBL1778644,-0.4508381,CCS(=O)(=O)c1ccc(c(F)c1)c2cc(Cl)ccc2OCC(=O)O
CHEMBL232433,3.3300633,C[S+]([O-])CCN1C(=O)C(Cc2ccccc12)NC(=O)c3cc4cc(Cl)sc4[nH]3
CHEMBL562698,1.8782015,Clc1c(ccnc1N2CCNCC2)C(=O)NCC34CC5CC(CC(C5)C3)C4
CHEMBL2172005,2.2834282,COc1ccc(cc1OC)N2CCN([C@H](C)C2)C(=O)[C@@H]3CCCC[C@H]3C(=O)NC4(CC4)C#N
CHEMBL2207666,3.2788467,O[C@H](CNC(=O)C1=CNC(=O)c2ccccc12)CN3CCC(CC3)Oc4ccc(Cl)c(Cl)c4
CHEMBL2031562,0.52659905,Nc1cc(cc(c1)C(F)(F)F)C(=O)Nc2cccc(c2)c3nnn[nH]3
CHEMBL415521,1.3256071,CCN(CC)C(=O)c1ccc(cc1)C(=C2CCNCC2)c3ccccc3
CHEMBL476518,3.2440314,CC(C)n1c(C)ncc1c2ccnc(Nc3ccc(cc3)N(C)C)n2
CHEMBL381055,3.7349646,Fc1ccc(cc1)C(=O)N2CCC[C@@H](C2)c3onc(n3)c4ccc(F)cc4
CHEMBL51483,3.152981,CC(C)c1c(O)c(O)c(C=O)c2c(O)c(c(C)cc12)c3c(C)cc4c(C(C)C)c(O)c(O)c(C=O)c4c3O
CHEMBL110999,2.4210072,CN(CCCOCCOCCc1ccccc1)CCc2ccc(O)c3nc(O)sc23
CHEMBL2023475,3.5457296,CCn1cc(NC(=O)Cc2ccc(Oc3ccnc4ccc(F)cc34)cc2OC)cn1
CHEMBL325503,1.3330554,CC(C)C(NC(=O)CN1C(=O)C(=CC=C1c2ccccc2)NC(=O)NCc3ccc[n+]([O-])c3)C(=O)C(F)(F)F
CHEMBL1682283,1.0258822,OC(=O)c1ccc2c(c1)nc(Nc3cccc(c3)C#C)c4ncncc24
CHEMBL595122,2.4339628,CCS(=O)(=O)c1ccc(Oc2cc3nc([nH]c3cc2CN4C(=O)CCC4=O)c5ccccn5)cc1
CHEMBL111350,2.084273,Oc1ccc(CCNCCCS(=O)(=O)NCCSCCc2ccccc2)c3sc(O)nc13
CHEMBL551170,2.374662,Clc1ccc(cc1C(=O)NCC23CC4CC(CC(C4)C2)C3)N5N=CC(=O)NC5=O
CHEMBL373351,1.5093592,CCc1nc2c(N)nc3ccccc3c2n1CC(C)(C)O
CHEMBL2158772,2.8675454,Cc1ccccc1C[C@H](N2CCC(CN3CCC(CC3)Oc4ccc(Cl)c(Cl)c4)CC2)C(=O)O
CHEMBL2152252,2.948273,CNC(=O)c1nc(cnc1N)c2ccc(Cl)c(c2)S(=O)(=O)Nc3cccc(F)c3F
CHEMBL90846,2.47366,O=C(Nc1nccs1)c2ccccc2
CHEMBL2046684,3.2453418,Fc1ccc(cc1Cl)C(=O)Nc2ccc(Cl)nc2
CHEMBL377309,4.947608,CC(C)CN1C(=O)N(C)C(=O)c2c(SC3CCCCC3)c(Cc4ccccc4C(F)(F)F)sc12
CHEMBL1809061,2.555809,COc1cc(ccc1Nc2ncc(Cl)c(n2)c3cnc4ccccn34)N5CCNCC5
CHEMBL1148,0.34735417,CC(C)NC(=O)NS(=O)(=O)c1cnccc1Nc2cccc(C)c2
CHEMBL2059373,-0.79002404,OC(=O)c1cncc(c1)c2cnc3[nH]c(cc3c2n4ccc(n4)C(F)(F)F)C(=O)NC5CC5
CHEMBL444884,3.2741885,NC(=O)c1sc(cc1N)c2ccc(Cl)cc2
CHEMBL1701081,3.614128,CN1C(=O)N(Cc2ccc(Br)cc2)c3ccccc13
CHEMBL2326478,2.6897116,Nc1nc2cc3CCN(Cc4cccc(F)c4)CCc3cc2s1
CHEMBL1595582,3.4557486,COc1ccc(Cl)cc1C(=O)Nc2nc3ccccc3[nH]2
CHEMBL467148,2.9442625,CN1C(=O)N(CC2CC2)c3nn(Cc4ccnc5ccc(Cl)cc45)c(c3C1=O)c6nc(cn6C)S(=O)(=O)C
CHEMBL111732,2.6616476,CN(CCN(C)C(=O)CCOCCc1ccccc1)CCc2ccc(O)c3nc(O)sc23
CHEMBL387265,3.9001334,COc1cc2ncnc(Nc3cccc(Cl)c3F)c2cc1OC4CCN(CC4)S(=O)(=O)C
CHEMBL1643349,1.9655178,CC1(C)C(=O)Nc2ccccc12
CHEMBL1278,0.50322556,CNS(=O)(=O)CCc1ccc2[nH]cc(C3CCN(C)CC3)c2c1
CHEMBL211677,0.8183688,Cc1ccc2c(c1)c(c(C)n2CC(=O)O)c3cc(C)nc4ccccc34
CHEMBL1271187,2.8709896,C1CN(CCO1)c2cc(Nc3nccc(Nc4cccc5[nH]ncc45)n3)cc(c2)N6CCOCC6
CHEMBL471757,3.0462484,CC(C)(C)CNc1nc(nc(N2CCOCC2)c1N)C#N
CHEMBL1907830,2.3051047,O=C1Nc2ccc(cc2C1=O)S(=O)(=O)N3CCC[C@H]3CNc4ccccc4
CHEMBL1545637,3.3893507,Fc1ccc(cc1)C(=O)N2CCC(CC2)C(=O)c3ccc(Cl)cc3
CHEMBL1689109,0.6010971,OC(=O)COc1ccc(Cl)cc1CN2CCN(CC2)S(=O)(=O)c3ccccc3
CHEMBL1333961,1.7394263,Nc1[nH]nc2cccc(Cl)c12
CHEMBL13817,1.3881826,CC(C)(N)C(=O)N[C@H](COCc1ccccc1)C(=O)N2CCC3(CC2)CN(c4ccccc34)S(=O)(=O)C
CHEMBL1672434,2.347916,C[C@H]1C[C@H](CN1C#N)NS(=O)(=O)c2cc(Br)ccc2Br
CHEMBL212761,2.6211298,CC(C)(C)NC(=O)Nc1ccc(cc1)c2c(N)nc(N)nc2COCc3ccccc3
CHEMBL513370,2.0924954,COc1ccc(N(C(C(=O)NC[C@@H](C)O)c2ccccc2F)C(=O)c3ccoc3Cl)c(OC)c1
CHEMBL576257,2.64772,C[C@H](Nc1nc(Nc2cc(C)[nH]n2)cnc1C#N)c3ccc(F)cn3
CHEMBL2062563,3.1457934,CC(=O)Nc1ccc2ccn(c3cc(NC4CC4)n5ncc(C#N)c5n3)c2c1
CHEMBL2087850,3.6297107,CCN1C(=O)N(CC2CC2)c3nn(Cc4ccnc5ccc(Cl)cc45)c(c6cncn6C)c3C1=O
CHEMBL1322675,1.9014635,CCCNC[C@H](O)COc1ccccc1C(=O)CCc2ccccc2
CHEMBL2323303,2.6917274,Fc1ccc(Oc2cc(F)c(cc2F)S(=O)(=O)Nc3ncc(Cl)s3)c(c1)c4cn[nH]c4
CHEMBL2179285,0.019730091,CC1=CN([C@H]2CCCN(C2)[C@H](CC3CCOCC3)c4ccc(C(=O)O)c(Oc5cccc(Cl)c5)c4)C(=O)NC1=O
CHEMBL1333251,2.7645388,CC(=O)Nc1nc(cs1)c2cccs2
CHEMBL27364,3.591865,O=C1N(Cc2ccccc12)C3CCN(CCC(c4ccccc4)c5ccccc5)CC3
CHEMBL2059374,-0.77992225,CCNC(=O)c1cc2c(c(cnc2[nH]1)c3cncc(c3)C(=O)O)n4nc(cc4C)C(F)(F)F
CHEMBL2158839,2.693531,OC(=O)[C@H](Cc1ccccc1F)N2CCC(CN3CCC(CC3)Oc4ccc(Cl)c(Cl)c4)CC2
CHEMBL1549615,3.1834407,COc1cc2cc(nc(C)c2cc1OC)c3ccc(O)cc3O
CHEMBL1716201,3.7336226,Cc1cc(NC(=O)Nc2ccc(Cl)cc2)n(n1)c3ccccc3
CHEMBL335707,3.644274,[O-][N+](=O)c1cccc(c1)c2ccc(OCC(CCc3ccc(cc3)C(=O)N4CCCC4)N5C(=O)CCCC5=O)cc2
CHEMBL1777848,2.987648,Oc1ccc(cc1)C2=Cc3cccc(O)c3OC2=O
CHEMBL2158826,2.0793796,OC(=O)Cc1cccc(c1)N2CCC(CN3CCC(CC3)Oc4ccc(Cl)c(Cl)c4)CC2
CHEMBL476993,2.674925,CC(C)n1c(C)ncc1c2nc(Nc3ccc(cc3)N4CCN(CC4)C(=O)CO)ncc2F
CHEMBL1916084,1.3732754,Cc1ccc(cc1)S(=O)(=O)Nc2c(cnn2c3ccccc3)C(=O)NC4CCCCC4
CHEMBL2087851,3.781848,Cn1cncc1c2c3C(=O)N(C4CC4)C(=O)N(CC5CC5)c3nn2Cc6ccnc7ccc(Cl)cc67
CHEMBL2331748,1.8854303,CC1=CN([C@H]2CCCN(C2)S(=O)(=O)c3ccc(O)c(Oc4cccc(F)c4)c3)C(=O)NC1=O
CHEMBL429330,2.2945297,CC(C)[C@H](NC(=O)CCc1ccccc1)C(=O)N2CCCC2
CHEMBL1524929,3.58865,COc1ccccc1C(=O)Nc2nc3ccccc3s2
CHEMBL1624252,3.3154154,COc1ccc(cc1)c2csc(n2)N(CCCN3CCOCC3)C(=O)c4occc4
CHEMBL252956,3.7158985,O=C1CCCc2nc(ccc12)C#Cc3ccccc3
CHEMBL530184,3.4447026,C(CCNc1cc(nc2ccccc12)c3ccccc3)CNc4cc(nc5ccccc45)c6ccccc6
CHEMBL250687,3.7706928,CCCSc1nc(N[C@@H]2C[C@H]2c3ccccc3)c4nnn([C@@H]5C[C@H](CO)[C@@H](O)[C@H]5O)c4n1
CHEMBL1223952,1.3324854,NC(=O)c1cccc(C[C@H]2C[C@H]3CC[C@@H](C2)N3Cc4ccccc4)c1
CHEMBL1896037,3.173626,OC(CN1CCCCC1)(C(=O)c2ccccc2)c3ccccc3
CHEMBL1807824,1.184533,CCc1ccc(CCNCCCSCCNC[C@H](O)c2ccc(O)c3NC(=O)Sc23)cc1
CHEMBL2182002,3.1223538,CN1CCN(CC1)S(=O)(=O)c2ccc(c(C)c2)c3cnc(N)c(n3)C(=O)Nc4cccnc4
CHEMBL515311,2.5963354,C[C@H](O)C(=O)N1CCN(CC1)c2ccc(Nc3nccc(n3)c4cnc(C)n4C(C)C)cc2
CHEMBL1455,0.71018755,CN(C)c1nc(nc(n1)N(C)C)N(C)C
CHEMBL2005730,3.0311017,COC(=O)c1ccc(NC(=O)c2cc(OC)c(OC)c(OC)c2)cc1
CHEMBL1741132,1.7657752,OC1=NC(=O)CN1N=Cc2oc(cc2)c3ccc(cc3)[N+](=O)[O-]
CHEMBL2325994,1.9411821,NC1(CCN(CC1)c2ncnc3[nH]ccc23)C(=O)NC(CCCN4CCCC4)c5ccc(Cl)cc5
CHEMBL379738,1.8045492,O=C(CS(=O)(=O)c1ccccc1)c2ccccc2
CHEMBL2171048,1.9937527,Cc1ccc(cc1)S(=O)(=O)NC(=O)N2CCC(CC2)N3CCC(CC3)Oc4ccc(Cl)cc4C
CHEMBL341226,4.1601276,COc1cccc(NC(=O)CC23CC4CC(CC(C4)C2)C3)c1C
CHEMBL227897,2.5774226,O=C(Cc1ccccc1)Nc2nccs2
CHEMBL1956163,3.637009,O=C(Nc1cccc2cccnc12)[C@@H]3CC[C@H](CC3)N4C(=O)[C@@H]5[C@@H]6CC[C@@H](C6)[C@@H]5C4=O
CHEMBL1875368,3.6776705,O=C(Cc1cccc2ccccc12)Nc3ccccc3
CHEMBL267936,0.39672387,CNC1(C)C2CCC(C2)C1(C)C
CHEMBL1422,0.46464252,N[C@@H](CC(=O)N1CCn2c(C1)nnc2C(F)(F)F)Cc3cc(F)c(F)cc3F
CHEMBL806,3.1088142,CC(C)C(=O)Nc1ccc(c(c1)C(F)(F)F)[N+](=O)[O-]
CHEMBL390191,1.8021165,C[C@H](CO)Nc1nc(SCc2csc(C)n2)nc3nc(N)sc13
CHEMBL330366,3.2218964,COc1cc(cc(OC)c1OC)C(=O)N2CC[C@@](CCN3CCC(CC3)(C(=O)N)c4ccccc4)(C2)c5ccc(Cl)c(Cl)c5
CHEMBL404327,2.7184024,C[C@@H](Oc1cccc2ncnc(Nc3ccc4c(cnn4Cc5cscn5)c3)c12)C(=O)N6CCOCC6
CHEMBL225510,0.66353405,O=S(=O)(Nc1cccnc1)c2cccs2
CHEMBL1707308,3.202172,Brc1ccc(cc1)C(=O)Cn2cnc3ccccc23
CHEMBL512901,3.5453475,CCCc1nc2c(N)nc3ccccc3c2s1
CHEMBL442956,0.60767496,OC(=O)C1Cc2c([nH]c3ccccc23)C(N1)c4ccccc4
CHEMBL1624560,3.2978477,COc1cc(CNc2nc3ccccc3[nH]2)cc(OC)c1OC
CHEMBL31741,3.6231742,OC1=C(C(=O)Nc2cc(Cl)ccc12)c3cccc(Oc4ccccc4)c3
CHEMBL1547746,3.6670332,CCn1c2ccccc2c3cc(NC(=O)C(C)C)ccc13
CHEMBL181858,3.8508284,COc1ccc(CNC(=O)N(CC=C)C2CCN(CCC(c3ccccc3)c4ccccc4)CC2)cc1
CHEMBL1907763,3.0475564,COc1cc2c(Nc3ccc(Cl)cc3F)ncnc2cc1OC[C@@H]4CCCN(C)C4
CHEMBL1762528,2.6889634,CN(c1cccc(CO)c1)c2ccnc(Nc3cc(cc(c3)N4CCOCC4)N5CCOCC5)n2
CHEMBL402728,1.7675971,C[C@H](CO)Nc1nc(SCc2csc(C)n2)nc3NC(=O)Sc13
CHEMBL1760962,1.741986,Cn1nnc(n1)c2ccc(cn2)c3ccc(cc3F)N4C[C@H](COc5ccon5)OC4=O
CHEMBL1270569,2.8972793,CS(=O)(=O)c1cccc(Nc2nccc(Nc3cccc4OCOc34)n2)c1
CHEMBL1288102,1.9708929,NC(=O)c1cnc(N[C@H]2CCCNC2)c3cc(sc13)c4ccc(F)cc4F
CHEMBL2017459,2.8425033,CCN(C(=O)c1oc(cc1)c2ccc(Cl)cc2)c3ccc(cc3)N4CCNCC4
CHEMBL1630130,3.236318,O=C(CCN1CCCCC1)Nc2ccc(C3=CC=CN4C(=O)C=C(N=C34)N5CCOCC5)c6sc7ccccc7c26
CHEMBL1560812,2.3437538,Cc1ccc(cc1)S(=O)(=O)N2CCN(CC2)C(=O)c3occc3
CHEMBL2086679,3.710217,CC(C)(C)OC(=O)N1CCN(CC1)c2ncc(OCc3ccncc3F)cn2
CHEMBL1586839,3.7493873,Cc1ccc(CN2C(=O)CCSc3ccc(Cl)cc23)cc1
CHEMBL13863,1.6886094,CC(C)C(NC(=O)CN1C(=O)c2nc(O)nc(O)c2C=C1c3ccccc3)C(=O)C(F)(F)F
CHEMBL1223953,1.1886544,NC(=O)c1cccc(C[C@@H]2C[C@H]3CC[C@@H](C2)N3Cc4ccccc4)c1
CHEMBL375166,1.0940341,CC(C)CN1C(=O)N(C)C(=O)c2c1sc(Cc3c(C)n[nH]c3C)c2C(=O)N4C[C@H](O)CO4
CHEMBL1442709,3.218408,O=C1N(C(=Nc2c1cnn2c3ccccc3)c4occc4)c5ccccc5
CHEMBL2171020,3.5461526,Clc1ccc(OC2CCN(CC2)C3CCN(CC3)C(=O)C4=CNC(=O)c5ccccc45)cc1Cl
CHEMBL1824044,0.78684103,COc1ccc2OCC(=O)N(CCN3CCC(CC3)NCc4ccc5OCC(=O)Nc5n4)c2c1
CHEMBL209522,2.6761665,Nc1ncnc2c1nc(Sc3nc4cccc(Cl)c4s3)n2CCO
CHEMBL184052,3.4240024,COc1cc2ncnc(Nc3cc(NC(=O)c4cccc(c4)N5CCOCC5)ccc3C)c2cc1OC
CHEMBL1448915,2.2592413,Cc1ccccc1C(=O)N2CCN(CC2)c3ccccn3
CHEMBL2158779,2.6928067,OC(=O)[C@H](Cc1ccc(F)cc1)N2CCC(CN3CCC(CC3)Oc4ccc(Cl)cc4Cl)CC2
CHEMBL1779001,1.9760014,COc1ccc(c(OC)c1)c2cncc(CNC3CCCC3)n2
CHEMBL250389,4.3632174,COC1CCN(CC1)C(=O)C2CCN(CCc3c([nH]c4sc(cc34)C(C)(C)C(=O)N5C6CCC5CC6)c7cc(C)cc(C)c7)CC2
CHEMBL2326690,1.6592927,C1NCC(CC=C1)c2oc3ccccc3c2
CHEMBL2208434,3.300944,O[C@H](CNC(=O)C1=CC(=O)Nc2ccccc12)CN3CCC(CC3)Oc4ccc(Cl)c(Cl)c4
CHEMBL11334,2.052327,CC(C)C(NC(=O)CN1C(=O)C(=CN=C1C(C)C)NC(=O)OCc2ccccc2)C(=O)C(F)(F)F
CHEMBL1939743,2.5662224,CCN(CC)C(=O)c1ccc(cc1)[C@@H](N2CCN(CCOC)CC2)c3cccc(NC(=O)C4CC4)c3
CHEMBL71044,1.9566159,CN(C)CCCNS(=O)(=O)c1ccc(Nc2nccc(n2)c3cnc4ccccn34)cc1
CHEMBL1600648,0.68867385,Cc1nc2ncnn2c(O)c1CCOC(=O)c3c(F)cccc3F
CHEMBL384304,2.0727203,COc1ccc(F)c(F)c1C(=O)c2cnc(NC3CCN(CC3)S(=O)(=O)C)nc2N
CHEMBL1224065,0.80919385,NC(=O)c1cccc(N[C@H]2C[C@H]3CC[C@@H](C2)N3Cc4ccccc4)c1
CHEMBL1526499,3.518015,Clc1ccc(cc1)c2cn3ccccc3n2
CHEMBL1095,1.6638498,CCN1C(=O)NC(C1=O)c2ccccc2
CHEMBL185315,2.0076227,CN1CCC(CC1)Oc2nccc(Nc3cc(NC(=O)c4ccnc(c4)N5CCOCC5)ccc3C)n2
CHEMBL380936,3.3730807,Nc1nc(NCc2ccccc2)nc3c1nc(O)n3Cc4ccccc4
CHEMBL1951912,1.6463785,CCN(C1CCN(CC[C@H](C2CCN(CC2)S(=O)(=O)C)c3cccc(F)c3)CC1)C(=O)Cc4ccc(cc4)S(=O)(=O)C
CHEMBL2178946,1.7757176,Cc1nc(C)c(nc1C(=O)N)c2ccc([C@@H]3CC[C@H](CC(=O)O)CC3)c(Cl)c2
CHEMBL27006,3.4724882,FC(F)(F)c1cc(CO[C@H]2CCCN[C@H]2c3ccccc3)cc(c1)C(F)(F)F
CHEMBL423026,2.6785474,CN(CCOc1ccc(C[C@H](Nc2ccccc2C(=O)c3ccccc3)C(=O)O)cc1)c4oc5ccccc5n4
CHEMBL1164070,3.2790499,Cc1cccc(c1)C(=O)N2CCC(CC2)C(=O)c3ccc(F)cc3
CHEMBL2321999,2.056172,Clc1ccc(cc1Cl)[C@@H]2CNCC=CC2
CHEMBL226959,2.040712,COC(=O)c1ccc(CN2NC(=O)C3=C(C2=O)C(=O)c4ccc(Cl)cc4N3)cc1
CHEMBL1528704,3.1120274,CCN(CC)c1ncnc2c1ncn2Cc3c(Cl)cccc3Cl
CHEMBL1809058,2.9269974,COc1cc(ccc1Nc2ncc(Cl)c(n2)c3cnc4ccccn34)N5CC6CNCC(C5)O6
CHEMBL171951,-0.12490606,CCCS(=O)(=O)N1N=Cc2cc(Cl)ccc2B1O
CHEMBL1240590,2.8846233,CNc1ccc2ncc(c3cccc(O)c3)n2n1
CHEMBL398149,2.3635197,CC(=O)Nc1cccc(Nc2nc(NC3CC3)n4ncc(C#N)c4n2)c1
CHEMBL521815,1.2478371,CN1CCN(CC1)C(=O)c2cc(CC3=NNC(=O)c4ccccc34)ccc2F
CHEMBL271703,2.9571514,C[C@H](CO)Nc1nc(SCc2cccc(F)c2F)nc3nc(N)cnc13
CHEMBL259084,2.3041937,OC(=O)c1ccc(Nc2ncc3CN=C(c4cc(Cl)ccc4c3n2)c5c(F)cccc5F)cc1
CHEMBL1643194,2.154251,Cc1cc(CN2Cc3ccccc3C2C(=O)Nc4ccc(Cl)cc4Cl)ccc1OCC(=O)O
CHEMBL78535,3.4213648,CCO\N=C(\C1CCN(CC1)C2(C)CCN(CC2)C(=O)c3c(C)cc[n+]([O-])c3C)/c4ccc(Br)cc4
CHEMBL13923,1.7267712,CC(C)C(NC(=O)CN1C(=O)C(=CC=C1c2ccccc2)N)C(=O)C(F)(F)F
CHEMBL397983,3.5165331,CCOc1ccc(cc1)N2C(=O)c3cccnc3N=C2[C@@H](C)N(Cc4cccnc4)C(=O)Cc5ccc(OC(F)(F)F)cc5
CHEMBL2335908,2.982935,COc1cc2nc(Nc3ccc(cc3)[C@@H](C)NC(=O)C)ncc2cc1c4ccncc4
CHEMBL517534,3.0227919,O=C(Nc1nccs1)[C@H](CC2CCOCC2)c3ccc(cc3)S(=O)(=O)C4CC4
CHEMBL1401353,2.9885669,Cc1cccc(NS(=O)(=O)c2cccc3nonc23)c1
CHEMBL1683032,2.6730196,CCOc1cc2nnc(C(=O)N)c(Nc3cc(C)ccc3F)c2cc1N4CCN(C)CC4
CHEMBL1731705,3.4711976,O=S(=O)(Nc1ccccc1c2ccccc2)c3ccccc3
CHEMBL70972,2.34859,CC1=C(C)C(=O)C(=C(C)C1=O)C(CCCCCC(=O)O)c2ccccc2
CHEMBL2207664,3.1467807,Cc1c(Cl)ccc(OC2CCN(C[C@H](O)CNC(=O)C3=CNC(=O)C=C3C(F)(F)F)CC2)c1Cl
CHEMBL2057336,2.6895216,Cc1ccc(cc1NC(=O)c2ccc(OCc3ccccn3)cc2)c4ccc(N)nn4
CHEMBL1682962,3.4036865,CC[C@H](NC(=O)c1c([S+](C)[O-])c(nc2cc(Cl)ccc12)c3ccccc3)c4ccccc4
CHEMBL554332,2.9417212,Fc1ccc(cc1)C(NC(=O)CC2CCN(Cc3ccn(c3)c4ccc(cc4)C(F)(F)F)CC2)C5=CNC(=O)C=C5
CHEMBL1778639,-0.097210884,CCS(=O)(=O)c1ccc(c(C)c1)c2cc(ccc2OCC(=O)O)C(F)(F)F
CHEMBL226804,2.1895025,CC(N1NC(=O)C2=C(C1=O)C(=O)c3ccc(Cl)cc3N2)c4oc5ccccc5c4
CHEMBL2088098,2.0218754,Cc1cc(CNc2nccc(Nc3cc(C)[nH]n3)n2)on1
CHEMBL51257,2.9771726,CCCC(=O)Nc1ccc2c3ccccc3C(=O)C(=O)c2c1
CHEMBL787,3.2664208,CC(C)(O)c1ccccc1CC[C@@H](SCC2(CC(=O)O)CC2)c3cccc(\C=C\c4ccc5ccc(Cl)cc5n4)c3
CHEMBL101253,3.6907685,Clc1ccc(Nc2nnc(Cc3ccncc3)c4ccccc24)cc1
CHEMBL1043,0.6883695,Nc1ccc(cc1)S(=O)(=O)c2ccc(N)cc2
CHEMBL1294,2.1754017,COc1ccc2nccc([C@H](O)[C@H]3C[C@@H]4CCN3C[C@@H]4C=C)c2c1
CHEMBL2178941,1.5511031,Cc1nc(C)c(nc1C(=O)N)c2ccc(cc2)[C@@H]3CC[C@@H](CCC(=O)O)CC3
CHEMBL347645,0.3355465,NC(=O)Cc1ccccc1
CHEMBL1981679,0.6747482,CC(=O)O[C@H]1CC[C@]2(C=O)[C@H]3CC[C@]4(C)[C@H](CC[C@]4(O)[C@@H]3CC[C@]2(O)C1)C5=CC(=O)OC5
CHEMBL207584,3.2437835,COc1cc2ncnc(Nc3cccc(Cl)c3F)c2cc1CN4CCC[C@H]4C(=O)N
CHEMBL92401,0.24932563,CC(C)NNC(=O)c1ccncc1
CHEMBL404609,2.3152955,NC(=O)Nc1sc(cc1C(=O)N)c2ccccc2
CHEMBL1625467,2.832735,Nc1ccc(N=Nc2ccccc2)c(N)n1
CHEMBL2158466,2.9707088,CCCSc1nc(NC)ccc1C(=O)N[C@@H]2C3CC4CC2C[C@@](O)(C4)C3
CHEMBL186513,3.442424,Oc1ccc(cc1)c2oc3c(cc(O)cc3n2)C#N
CHEMBL2031157,0.5612129,OC(=O)[C@H](Cc1ccc(cc1)C#CCCNc2ccccn2)NC(=O)c3c(Cl)cccc3Cl
CHEMBL1682823,3.5262182,O=C1CCOc2nc(ccc12)C#CC3CCCCC3
CHEMBL1319232,2.1136603,Cc1ccc(cc1)N2NC(=O)c3cccnc23
CHEMBL36994,0.9653646,COc1ccc(cc1)C(=O)N2CCCC2=O
CHEMBL1173055,1.2386912,CNCc1ccc(cc1)c2[nH]c3cc(F)cc4C(=O)NCCc2c34
CHEMBL573214,1.5583402,Oc1ccc2C[C@H]3N(CC4CC4)CC[C@@]56[C@@H](Oc1c25)c7[nH]c8[C@@H]9Oc%10c(O)ccc%11C[C@H]%12N(CC%13CC%13)CC[C@@]9(c%10%11)[C@@]%12(O)Cc8c7C[C@@]36O
CHEMBL246533,2.8478777,Clc1cccc2[nH]ncc12
CHEMBL38182,1.9466954,Brc1ccccc1NC(=O)Nc2ccc(C#N)c3[nH]nnc23
CHEMBL1548889,2.2908227,Nc1ccc(Cl)c(c1)c2oc3cccnc3n2
CHEMBL232656,2.7285666,C[C@@H]1CN(Cc2ccc(F)cc2)CCN1C(=O)COc3ccc(Cl)cc3NC(=O)N
CHEMBL182266,2.8521948,CN(C1CCN(CCC(c2ccccc2)c3ccccc3)CC1)C(=O)c4ccncc4
CHEMBL444194,3.1668777,CC(C)n1c(C)ncc1c2ccnc(Nc3ccc(cc3)C#N)n2
CHEMBL551984,2.6857228,O[C@@H]1CCN(C1)c2ccc3c(NC(=O)CNc4cccc(c4)C#N)c(Cl)ccc3n2
CHEMBL2071097,1.4616575,O=C(NC1(CC1)C#N)[C@@H]2CCCC[C@H]2C(=O)N3CCN(CC3)c4nc5CCOCc5s4
CHEMBL523058,2.7129028,Fc1ccc(CC2=NNC(=O)c3ccccc23)cc1C(=O)N4CCN(CC4)c5ccccn5
CHEMBL1201295,3.614317,Cc1ccc(cc1)C(=O)Oc2ccc(cc2OC(=O)c3ccc(C)cc3)C(O)CNC(C)(C)C
CHEMBL413742,3.0370455,CCCCC(CC)CNC(=O)c1ccc2c(c1)c(Cc3ccc(cc3OC)C(=O)NS(=O)(=O)c4ccccc4C)cn2C
CHEMBL198150,2.1639967,CCN(C1CCN(CCC(c2ccccc2)c3ccc(cc3)S(=O)(=O)C)CC1)C(=O)Cc4ccc(cc4)S(=O)(=O)C
CHEMBL1934419,0.506878,C[C@H](NC(=O)c1c(C)nn(C2CCS(=O)(=O)CC2)c1NS(=O)(=O)c3ccc(C)cc3)C(C)(C)C
CHEMBL210884,2.1731021,COCCOc1nc(N)c2NC(=O)N(Cc3ccccc3)c2n1
CHEMBL1762548,3.4803123,CC(C)N(c1ccnc(Nc2cc(cc(c2)N3CCOCC3)N4CCOCC4)n1)c5cc(CO)ccc5C
CHEMBL1631095,3.1727648,NC(=O)c1cc(C(=O)N)n(n1)c2cccc(c2)c3cc(ccc3C(F)(F)F)C(F)(F)F
CHEMBL498404,1.911397,CS(=O)(=O)Nc1cc(Nc2nccc(Nc3c(Cl)ccc4OCOc34)n2)cc(c1)C(=O)N
CHEMBL2031561,0.846501,Oc1cc(cc(c1)C(F)(F)F)C(=O)Nc2cccc(c2)c3nnn[nH]3
CHEMBL2089275,1.0937475,N#Cc1cccc(c1)c2cccc(c2)c3nn[nH]n3
CHEMBL605846,1.1220261,COc1ccc(CC(C)(C)NC[C@H](O)c2cc(O)cc3NC(=O)COc23)cc1
CHEMBL2035029,2.059138,NC1(CCC1)c2ccc(cc2)c3ncc4cnccc4c3c5ccccc5
CHEMBL1398535,1.8840995,Fc1ccccc1C(=O)Nc2c(cnn2c3ccccc3)C#N
CHEMBL424414,2.2239802,CC1=CC(=O)Nc2ccccc12
CHEMBL402501,2.6795902,C[C@H](Cc1cccc(CC(=O)NC23CC4CC(CC(C4)C2)C3)c1)NC[C@H](O)c5ccc(O)c(CO)c5
CHEMBL100913,1.1575217,Oc1ccc(cc1)c2ccc(cc2)C3(O)CN4CCC3CC4
CHEMBL1598315,0.95091426,CNC(=O)c1snnc1c2ccccc2
CHEMBL226780,2.2140746,CC(C)(C)NC(=O)Nc1cccc(CN2NC(=O)C3=C(C2=O)C(=O)c4ccc(Cl)cc4N3)c1
CHEMBL587004,3.3468225,CN1CCN(CC1)c2nc(NCCNc3ccc(cc3)[N+](=O)[O-])c4ccccc4n2
CHEMBL2023265,-0.3060503,OC(=O)CSCC(=O)Nc1nc(cs1)c2ccc(F)cc2
CHEMBL2030813,-0.31916952,OC(=O)[C@H](Cc1ccc(OCCNc2ccccn2)cc1)NC(=O)c3c(Cl)cccc3Cl
CHEMBL2086658,3.1219392,CC(C)(C)OC(=O)N1CCC(CC1)c2ncc(OCc3ccc(cc3)S(=O)(=O)C)cn2
CHEMBL1221510,3.235489,CC(C)CN1C(=O)NC(=O)c2c1sc(Cc3ccccc3C(F)(F)F)c2C(=O)N4CCC4
CHEMBL2069623,3.3309288,Nc1ncnc2c1c(COc3cccc(Cl)c3)nn2C4CCOCC4
CHEMBL53966,3.3046143,O=C(COCc1ccccc1)Nc2ccc3c(c2)C(=O)C(=O)c4ccccc34
CHEMBL2062578,3.3014708,OCc1ccc2ccn(c3cc(NC4CC4)n5ncc(C#N)c5n3)c2c1
CHEMBL128,-0.628453,CNS(=O)(=O)Cc1ccc2[nH]cc(CCN(C)C)c2c1
CHEMBL2035032,2.8827834,NC1(CCC1)c2ccc(cc2)c3c(ccc4ccnn34)c5ccccc5
CHEMBL2010836,3.0819023,CN(C1CCN(Cc2ccc(cc2)C(F)(F)F)CC1)C(=O)Cc3ccc(cc3)n4cnnn4
CHEMBL1829422,1.5157695,CCC(N(CCCN)C(=O)c1ccc(C)cc1)C2=Nc3ccoc3C(=O)N2Cc4ccccc4
CHEMBL513412,2.1736498,COc1ccc(N(C(C(=O)NC[C@@H](C)O)c2ccccc2F)C(=O)c3occc3C)c(OC)c1
CHEMBL167471,2.6966019,CCCc1c(O)c(ccc1OCc2cccc(NC(=O)Cc3ccccc3C(=O)O)c2)C(=O)C
CHEMBL1766082,3.2147841,CC(C)OC(=O)N1CC2COCC(C1)C2Oc3ncnc(Oc4cccnc4C)c3C
CHEMBL404057,2.92559,C[C@H](CO)Nc1nc(SCc2cccc(F)c2F)nc3nccnc13
CHEMBL2035040,1.1672542,NC(=O)c1cnc(c2ccc(cc2)C3(N)CCC3)c(c1)c4ccccc4
CHEMBL402986,3.087325,C[C@H](CO)Nc1nc(SCc2ccccc2)nc3NC(=O)Sc13
CHEMBL1789186,1.0028999,NCC[C@@H](Oc1cc(Cl)c(F)cc1C#N)c2ccccc2
CHEMBL1762543,3.6033902,CN(c1ccnc(Nc2cc(OC3CCOCC3)cc(c2)N4CCOCC4)n1)c5cc(CO)ccc5C
CHEMBL380947,3.4523187,CC(C)(CO)Nc1nc(SCc2cccc(F)c2F)nc3nc(N)sc13
CHEMBL117,3.6394515,Oc1cc(O)c2C(=O)C=C(Oc2c1)c3ccccc3
CHEMBL2057371,1.4884773,CC(C)(C)NS(=O)(=O)c1cncc(c1)c2ccc3nc(NC(=O)NCC(=O)N4CCCC4)nn3c2
CHEMBL377136,1.9713608,O=C(Nc1ccccn1)c2ccccc2
CHEMBL361546,1.5335195,ON1C(=O)N(CC2COc3ccccc3O2)c4ccsc4C1=O
CHEMBL1644331,3.796964,S(c1ccccc1)c2ccc3ccccc3n2
CHEMBL2031559,1.140871,FC(F)(F)c1cc(C(=O)Nc2cccc(c2)c3nnn[nH]3)c4nc[nH]c4c1
CHEMBL1778369,1.4889135,COC[C@H](C)Oc1cc(Oc2ccc(Cl)cc2)cc(c1)C(=O)Nc3ccc(cn3)C(=O)O
CHEMBL2172007,2.3771014,C[C@@H]1CN(CCN1C(=O)[C@@H]2CCCC[C@H]2C(=O)NC3(CC3)C#N)c4ccccc4
CHEMBL2164748,0.8377516,COc1ccc2N=CC(=O)N(CCN3CC[C@@H](NCc4cc5OCCOc5cn4)[C@H](O)C3)c2c1
CHEMBL452791,2.1738393,COCCOCCOc1ccc(cc1)c2cc(C(=O)N)c(NC(=O)N)s2
CHEMBL36,2.5177727,CCc1nc(N)nc(N)c1c2ccc(Cl)cc2
CHEMBL190243,1.781162,C[C@@H](C(=O)NCCN1CCCC1)c2ccc(OS(=O)(=O)C(F)(F)F)cc2
CHEMBL1532611,3.1873088,Nc1ccc(OCCc2ccccc2)cc1
CHEMBL1773254,2.1440442,OC(=O)CCc1ccc(OCc2cccc(Br)c2)cc1
CHEMBL1164184,3.1804159,Fc1cnc(NC(=O)C(CC2CCOCC2)c3ccc(cc3)S(=O)(=O)C4CC4)s1
CHEMBL507722,2.1500413,CC(C)n1c(C)ncc1c2nc(Nc3ccc(cc3)C(=O)NC4CCN(C)CC4)ncc2F
CHEMBL138649,3.2799673,Oc1ccc2OC(=CC(=O)c2c1)c3ccccc3
CHEMBL275455,2.4835925,CC(C)C(NC(=O)CN1C(=O)C(=CN=C1c2cccs2)NC(=O)OCC(F)(F)F)C(=O)C(F)(F)F
CHEMBL321590,1.6951126,ONC(=O)C1COC(=N1)c2ccc(F)c(c2)C(F)(F)F
CHEMBL123846,3.1335742,CCCc1c(O)c(ccc1OCCCOc2ccc3C(=O)C=C(Oc3c2CCC)C(=O)O)C(=O)C
CHEMBL1084863,2.7195666,NS(=O)(=O)c1ccc(Nc2nccc(n2)c3ccccc3)cc1
CHEMBL1180725,0.506557,CC(C)[N+](C)(CCOC(=O)C1c2ccccc2Oc3ccccc13)C(C)C
CHEMBL1389370,3.0802257,CCN(CC)CCNc1ncnc2c1sc3nc(N4CCOCC4)c5CCCCc5c23
CHEMBL1079486,1.8683144,CC1CC(NC(=O)C)c2ccccc2N1C(=O)c3ccccc3
CHEMBL1800656,2.1747887,CCN(CCNCCc1ccc(O)c2NC(=O)Sc12)C(=O)CCOCCc3ccccc3
CHEMBL151445,0.4567138,OCC(O)CN1CCN(CC1)c2ccccc2
CHEMBL561652,2.7101138,C[C@@H](CO)Oc1cc(Oc2ccc(cc2)S(=O)(=O)C)cc(c1)C(=O)Nc3nccs3
CHEMBL2207225,2.890288,COc1cc(OC)c(cc1NC(=O)Cc2ccnc(F)c2)S(=O)(=O)N3C(C)CCc4ccccc34
CHEMBL1313395,3.5593305,Cc1sc2ncnc(N3CCN(CC3)c4ncccn4)c2c1C
CHEMBL394527,3.293641,OC[C@H](O)CN1C(=O)[C@@H](Cc2ccccc12)NC(=O)c3cc4cc(Cl)sc4[nH]3
CHEMBL260135,2.789981,Nc1n[nH]c2nnc(c3ccccc3)c(c4ccccc4)c12
CHEMBL1796297,2.6622872,O[C@@]1(CN2CCC1CC2)C#Cc3ccc(Oc4ccc(cc4)C(=O)NCc5ccncc5)cc3
CHEMBL451496,1.9826754,Oc1ccc(N2C(=O)c3ccc(O)cc3C2=O)c(F)c1
CHEMBL2325696,2.8145437,C[C@H]1COCCN1c2cc(nc(n2)c3cccc4[nH]ccc34)C5(CC5)S(=O)(=O)C
CHEMBL2158774,2.8589387,Cc1ccc(C[C@H](N2CCC(CN3CCC(CC3)Oc4ccc(Cl)c(Cl)c4)CC2)C(=O)O)cc1
CHEMBL255536,2.2780914,COc1ccc(CC(=O)NC(N\C(=N\C#N)\Nc2ccccc2C)C(C)(C)C)cc1OC
CHEMBL2206523,3.5217662,CN1CC(c2ccc(Cl)cc2)c3ccccc3C1
CHEMBL1892245,-0.77220416,OC(=O)CSc1c[nH]c2ccccc12
CHEMBL1466,1.3534322,OC1=C(CC2=C(O)c3ccccc3OC2=O)C(=O)Oc4ccccc14
CHEMBL1169880,3.5029678,C[C@@H](Oc1ccc(cc1C(=O)N2CCN(CC2)c3ncc(cc3F)C(F)(F)F)S(=O)(=O)C)C(F)(F)F
CHEMBL2164672,0.9235548,O=C(NCC#N)[C@@H]1CCCC[C@H]1C(=O)N2CCCCC2
CHEMBL2030798,0.008055925,CNc1cccc(CCOc2ccc(C[C@H](NC(=O)c3ccccc3Cl)C(=O)O)cc2)n1
CHEMBL661,2.9080577,Cc1nnc2CN=C(c3ccccc3)c4cc(Cl)ccc4n12
CHEMBL2335894,2.9266088,COCCC(=O)N[C@@H](C)c1ccc(Nc2ncc3cc(ccc3n2)c4ccncc4)cc1
CHEMBL511115,0.97938716,COc1ccc(cc1OC2CCCC2)[C@@]3(CC[C@H](CC3)C(=O)O)C#N
CHEMBL2335123,2.2258432,CCOc1ccccc1c2ccc(cc2)c3nc4ccc(F)cc4c(C(=O)NCCOCCN)c3C
CHEMBL1777822,0.23119009,Cc1ccc(cc1c2cc(ccc2OCC(=O)O)C(F)(F)F)C#N
CHEMBL1236772,2.8796747,CS(=O)(=O)c1cccc(Nc2nccc(Nc3cccc4[nH]ncc34)n2)c1
CHEMBL2177159,2.6520958,COCCNS(=O)(=O)c1ccc(cc1)c2cnc(N)c(n2)C(=O)Nc3cccnc3
CHEMBL1950729,0.8697436,CN[C@@H](C)C(=O)N[C@@H](C1CCCCC1)C(=O)N[C@H]2CCCN(C2)C(=O)c3ccccc3
CHEMBL2178579,2.616353,Oc1c(NC(=O)Nc2cccc(F)c2Cl)ccc(Cl)c1S(=O)(=O)N3CCNCC3
CHEMBL1194608,0.6917095,CN1CCC(=CC1)c2cccc(O)c2
CHEMBL267744,-0.33455682,OC(=O)COc1ccc(C(=O)c2cccs2)c(Cl)c1Cl
CHEMBL1201016,2.0113313,COCC1=C(N2[C@H](SC1)[C@H](NC(=O)\C(=N/OC)\c3csc(N)n3)C2=O)C(=O)OC(C)OC(=O)OC(C)C
CHEMBL932,3.7376943,OCCN(CCO)c1nc(N2CCCCC2)c3nc(nc(N4CCCCC4)c3n1)N(CCO)CCO
CHEMBL556716,3.010306,CS(=O)(=O)c1ccc(cc1)C(CCNC(=O)c2ccc(cc2)C#N)c3ccc(F)cc3
CHEMBL1945031,1.5285374,Cc1cccc2c(CCNCc3cccc(CCNC[C@H](O)c4ccc(O)c5NC(=O)Sc45)c3)c[nH]c12
CHEMBL2331754,2.550018,CC1=CN([C@H]2CCCN(C2)S(=O)(=O)c3ccc(CO)c(Oc4cccc(Cl)c4)c3)C(=O)NC1=O
CHEMBL2170989,1.2636735,Nc1ncnc2c1ncn2[C@@H]3O[C@H](CSCCCNC(=O)Nc4ccccc4)[C@@H](O)[C@H]3O
CHEMBL1123,3.1049323,CCN(CC)CCOC(=O)C1(CCCCC1)C2CCCCC2
CHEMBL442137,1.8708189,CC12NC(Cc3ccccc13)c4ccccc24
CHEMBL2171992,1.9937484,COc1ccc(cc1)N2CCN(CC2)C(=O)[C@@H]3CCCC[C@H]3C(=O)NC4(CC4)C#N
CHEMBL2181928,2.7696607,C[C@@H]1CN([C@@H](CO1)c2ccccc2)c3ccc4OCC(=O)Nc4n3
CHEMBL2164690,3.7945704,CC(C)c1ccc2[nH]c3CCN(Cc3c2c1)C(=O)[C@@H]4CCCC[C@H]4C(=O)NC5(CC5)C#N
CHEMBL73189,3.7534037,Cc1nc2ccccn2c1c3ccnc(Nc4cccc(Cl)c4)n3
CHEMBL1689117,0.9469553,OC(=O)COc1ccc(Cl)cc1CN2CCN(CC2)S(=O)(=O)c3ccc(F)cc3
CHEMBL110147,2.058583,Oc1ccc(CCNCCCS(=O)(=O)NCCOCCSc2ccccc2)c3sc(O)nc13
CHEMBL2139925,3.9527183,CCc1nc2ccc(cn2c1N(C)Cc3cccs3)C(=O)NCc4ccc5OCOc5c4
CHEMBL469727,1.8993237,COCc1ccoc1C(=O)N(C(C(=O)NC[C@@H](C)O)c2ccccc2F)c3ccc(OC)cc3OC
CHEMBL186526,2.911854,CN(C)c1cccc(c1)C(=O)Nc2ccc(C)c(NC(=O)c3ccc(O)cc3)c2
CHEMBL1778866,1.9118794,COc1cc(F)ccc1c2cncc(CNC3CCC3)n2
CHEMBL31815,3.4173975,Cc1cccc(Nc2ncnc3ccc(NC(=O)C=C)cc23)c1
CHEMBL502,2.8882375,COc1cc2CC(CC3CCN(Cc4ccccc4)CC3)C(=O)c2cc1OC
CHEMBL298700,3.1892304,CCN(CC)C(=O)c1ccc2[nH]c(c(CCNCCCCc3ccncc3)c2c1)c4cc(C)cc(C)c4
CHEMBL1287853,2.6413655,Cc1cnc(Nc2ccc(OCCN3CCCC3)cc2)nc1Nc4cccc(c4)S(=O)(=O)NC(C)(C)C
CHEMBL1199988,2.0022306,Nc1ncc(cc1c2oc3ccccc3n2)c4cnn(c4)C5CCNCC5
CHEMBL2062558,2.4479914,Nc1cc(nc2c(cnn12)C#N)c3ccc(F)cc3
CHEMBL398894,2.534965,NS(=O)(=O)c1cccc(Nc2nccc(Nc3cccc4[nH]ncc34)n2)c1
CHEMBL247471,3.1033711,C[C@@H](N(c1cc(F)ccc1F)S(=O)(=O)c2ccc(Cl)cc2)c3ccc(F)cc3CCCC(=O)O
CHEMBL1699517,1.1265609,Cc1nc(CS(=O)(=O)c2ccccc2)cc(n1)N3CCOCC3
CHEMBL23,2.2983983,COc1ccc(cc1)[C@@H]2Sc3ccccc3N(CCN(C)C)C(=O)[C@@H]2OC(=O)C
CHEMBL168634,0.019889116,Cc1ccc(cc1)S(=O)(=O)N2N=Cc3ccccc3B2O
CHEMBL260374,2.2029388,S=C(NC1CCCCC1)N2CCC(CC2)c3cnc[nH]3
CHEMBL50608,2.1717281,Nc1cc(nc2ccccc12)c3ccccc3
CHEMBL2010839,1.960763,CN(C1CCN(Cc2ccc(nc2)C(F)(F)F)CC1)C(=O)Cc3ccc(cc3)n4cnnn4
CHEMBL1288009,1.8069845,COc1ccc(cc1)c2cc3c(N[C@H]4CCCNC4)ncc(C(=O)N)c3s2
CHEMBL1900528,0.6388407,C[N+]1(C)[C@@H]2C[C@H](C[C@H]1[C@@H]3O[C@H]23)OC(=O)C(O)(c4cccs4)c5cccs5
CHEMBL591931,1.3346878,NC(=N)c1cc2c(cccc2s1)c3ccccc3
CHEMBL376291,3.1570027,Clc1ccc(CN2C(=O)C(=O)c3ccccc23)cc1
CHEMBL223166,1.2887406,COc1ccccc1O[C@H]([C@@H]2CNCCO2)c3ccccc3
CHEMBL1631468,2.037011,CCCNC(=O)c1nnc2c(cccc2c1N)c3ncccn3
CHEMBL1944689,2.5362356,O[C@@H](CNCCc1ccc(CNCCc2c(Cl)cccc2Cl)cc1)c3ccc(O)c4NC(=O)Sc34
CHEMBL1689122,0.5690129,CC1CN(CCN1Cc2cc(Cl)ccc2OCC(=O)O)S(=O)(=O)c3ccccc3
CHEMBL1289349,2.8728514,Clc1ccc(cc1)C2CCN(CC2)C(=O)COCc3ccncc3
CHEMBL92840,1.8082289,CC(O)(C(=O)Nc1ccc(cc1)S(=O)(=O)c2ccncc2)C(F)(F)F
CHEMBL360227,2.2231839,CCN(CC)CCN1C(=O)[C@@](O)(c2ccccc2Cl)c3c1cc(cc3C(F)(F)F)C(=O)N
CHEMBL2207281,2.3078163,OCCNS(=O)(=O)c1ccc2C(=CNC(=O)c2c1)C(=O)NC[C@@H](O)CN3CCC(CC3)Oc4ccc(Cl)c(Cl)c4
CHEMBL1762550,3.6839175,CN(c1ccnc(Nc2cc(nc(c2)N3CCOCC3)N4CCOCC4)n1)c5cc(CO)ccc5C
CHEMBL177611,0.87879133,Clc1ccc(cc1)C(=O)N[C@H]2CN3CCC2CC3
CHEMBL1320527,2.097503,CC1=C(OCc2ccc(F)cc2)C(=O)C=CO1
CHEMBL1414985,2.861753,Clc1ccc(cc1)C(=O)Cc2ccccn2
CHEMBL6800,1.9872227,COc1nc(Br)cnc1NS(=O)(=O)c2cccc3c(cccc23)N(C)C
CHEMBL1364572,2.6800563,NC(=O)c1sc2nccc(Nc3ccccc3)c2c1N
CHEMBL1201117,0.28734136,COc1ccccc1OCC(O)COC(=O)N
CHEMBL2003130,2.9918003,Clc1ccc2C(=O)NC(=Nc2c1)c3ccccc3
CHEMBL388525,3.3718429,Oc1cc(O)c2C(=O)c3ccccc3Oc2c1
CHEMBL1778650,0.6849971,CCC(Oc1ccc(cc1c2ccc(cc2C)S(=O)(=O)CC)C(F)(F)F)C(=O)O
CHEMBL65511,1.9559281,COC(=O)N1CCN([C@@H](CN2CCCC2)C1)C(=O)Cc3ccc(Cl)c(Cl)c3
CHEMBL457887,1.6900213,CC(C)n1c(C)ncc1c2ccnc(Nc3ccc(cc3)S(=O)(=O)CCCN(C)C)n2
CHEMBL1255840,-0.26639485,CC1(C)CCC(CC1)NC(=O)[C@@H](N)CCC(=O)O
CHEMBL61593,1.9274573,NS(=O)(=O)c1cc2c(NC(NS2(=O)=O)C3CC4CC3C=C4)cc1Cl
CHEMBL1822878,3.412252,Oc1ccc(Br)c2ccccc12
CHEMBL1082410,3.2071629,CNC(=O)c1ccc(cc1F)N2C(=S)N(C(=O)C23CCC3)c4ccc(C#N)c(c4)C(F)(F)F
CHEMBL1950849,2.0495882,CN[C@@H](C)C(=O)N[C@@H](C1CCCCC1)C(=O)N[C@H]2CCCN(CCc3cccc(F)c3)C2
CHEMBL22442,2.4543676,CCCC1=CC(=CC(=O)N1Cc2ccc(cc2)c3ccccc3c4nn[nH]n4)OCc5ccccc5
CHEMBL2070938,1.400237,O=C(NC1(CC1)C#N)[C@@H]2CCCC[C@H]2C(=O)N3CCN(CC3)c4nccs4
CHEMBL1778622,1.7245069,CCSc1ccc(cc1)c2cc(ccc2OCC(=O)O)C(F)(F)F
CHEMBL1886566,2.6687572,COc1ccc(CN2C(=O)CCC2(C)C(=O)NC3CCCCC3)c(OC)c1
CHEMBL51583,3.5733583,O=C1C(=O)c2cc(ccc2c3ccccc13)c4ccsc4
CHEMBL101311,2.7456188,CN(C)CC(O)COc1ccc(Nc2nccc(Nc3cc(Cl)ccc3Cl)n2)cc1
CHEMBL1944739,-0.09213853,CN(C)CCCNC(=O)c1nc(Cl)c(N)nc1N
CHEMBL855,1.6998218,Cc1ccc(cc1)\C(=C/CN2CCCC2)\c3ccccn3
CHEMBL1806525,2.8621392,COc1cc(ccc1Nc2ncc(C#N)c(n2)c3cnc4ccccn34)N5CCN(CC5)C(=O)C
CHEMBL559078,2.0661626,CCCCC(CC)CNC(=O)c1cc(ccc1Cl)N2N=CC(=O)NC2=O
CHEMBL2024676,3.1848176,CN(C)C(=O)N[C@@H]1CC[C@@H](CCN2CCN(CC2)c3ccc(Cl)c(Cl)c3)CC1
CHEMBL126048,0.8446171,Oc1c2ncc3ccccc3c2nn1c4ccccc4
CHEMBL1917440,1.2524872,Cc1c(Sc2ccc(Cl)cc2)c3c(cccc3n1CC(=O)O)c4cnccn4
CHEMBL502684,0.013100386,C(Oc1ccccc1)C2CNCCO2
CHEMBL1783286,3.655998,COc1ncc(C)cc1c2cccc3c(N)c(nnc23)C(=O)NC4CC4
CHEMBL1689114,0.48431575,OC(=O)COc1ccc(Cl)cc1CN2CCCN(CC2)S(=O)(=O)c3ccccc3
CHEMBL1947157,2.5030067,O[C@@H](CNCCc1cccc(CNCCc2c(Cl)cccc2Cl)c1)c3ccc(O)c4NC(=O)Sc34
CHEMBL535,2.153952,CCN(CC)CCNC(=O)c1c(C)[nH]c(\C=C\2/C(=O)Nc3ccc(F)cc23)c1C
CHEMBL2171033,1.8596714,Clc1ccc(OC2CCN(CC2)C3CCN(CC3)C(=O)NS(=O)(=O)c4ccccc4)cc1Cl
CHEMBL490,1.8287226,Fc1ccc(cc1)[C@@H]2CCNC[C@H]2COc3ccc4OCOc4c3
CHEMBL178737,1.8435676,O=C(N1CCOCC1)N2CCn3cc(C4=C(C(=O)NC4=O)c5cnc6ccccn56)c7cccc(C2)c37
CHEMBL183425,3.445043,CN1CCN(CCCOc2ccc(cc2)c3onc(c3)c4ccc(F)cc4)CC1
CHEMBL1321641,1.4732983,N#Cc1nc(nc(n1)N2CCOCC2)N3CCOCC3
CHEMBL93124,3.645288,CNc1ccc(cc1)c2nc3ccc(O)cc3s2
CHEMBL436381,2.092994,CN1CCN(CC1)C(=O)c2cc3cc(F)ccc3[nH]2
CHEMBL1586531,2.9897065,Clc1ccc(cc1)C(=O)\C=C\Sc2nc[nH]n2
CHEMBL228761,0.9500183,O=C1C2CCC(N2)C(=O)N1Cc3ccccc3
CHEMBL810,-1.0763052,CN1N=Nc2c(ncn2C1=O)C(=O)N
CHEMBL1430414,2.283327,Fc1cc2[nH]cnc2cc1Cl
CHEMBL189181,3.7480564,CC(=O)Nc1ccc(CNc2[nH]nc3cccc(Oc4ccc(F)cc4)c23)cc1
CHEMBL1910654,3.0116305,N[C@H](CNC(=O)c1cc2c(cccc2[nH]1)c3ccccc3Cc4ccccc4)C(=O)O
CHEMBL182380,3.0038335,CCN(C1CCN(CCC(c2ccccc2)c3ccccc3)CC1)C(=O)NCc4ccc(cc4)S(=O)(=O)C
CHEMBL341324,1.7174826,CCN(CC)C(=O)Cc1csc(NS(=O)(=O)c2cccc(Cl)c2C)n1
CHEMBL214637,2.1555037,CCCN(CCO)CCCOc1ccc2c(Nc3cc(CC(=O)Nc4cccc(F)c4F)[nH]n3)ncnc2c1
CHEMBL1565348,3.5715632,CCCc1c(cnn1c2ccccc2)C(=O)Nc3cc(C)on3
CHEMBL552512,1.1084676,O=C(CC1CCCCCC1)Nc2cccc3C(=O)N(C=Cc23)[C@H]4CCNC4
CHEMBL421,-0.39277148,OC(=O)c1cc(ccc1O)N=Nc2ccc(cc2)S(=O)(=O)Nc3ccccn3
CHEMBL370152,2.8652835,OC(=O)c1c(Sc2ccccc2)c3cc(Cl)ccc3n1Cc4ccc(Cl)cc4
CHEMBL2059872,3.3975694,Cc1ccc(cc1NC(=O)c2ccc(OCc3ccccn3)cc2)c4ncc(CN5CCOCC5)s4
CHEMBL1531981,1.3528354,Cc1oc(cc1C(=O)Nc2cccc(c2)C(=O)O)c3ccccc3
CHEMBL1944652,3.7965956,CCN(CC)C(=O)c1ccc(cc1)C(=C2CCN(Cc3ccc(F)cc3)CC2)c4cccc5cccnc45
CHEMBL168073,2.9198503,CCN(CC)S(=O)(=O)c1ccc(NC(=O)C(C)(O)C(F)(F)F)cc1
CHEMBL380130,3.5740175,COc1ccc2NC(=O)C(NC(=O)c3ccccc3OC)N=C(c4ccccc4)c2c1
CHEMBL389792,2.8482928,CC(CO)(CO)Nc1nc(SCc2cccc(F)c2F)nc3nc(N)sc13
CHEMBL1770465,3.3070507,C[C@@H](Oc1ccc(SCCCCCc2ccccc2)cc1)C(=O)c3nc(C)c(CCCC(=O)O)s3
CHEMBL48190,1.7405674,COC(=O)COc1ccc(OCCNCC(O)COc2ccccc2)cc1
CHEMBL51478,2.9072049,COc1ccnc(CSc2nc3ccccc3[nH]2)c1
CHEMBL1224288,2.613637,Oc1cccc(O[C@H]2C[C@H]3CC[C@@H](C2)N3Cc4ccccc4)c1
CHEMBL1180250,1.2777536,Oc1c2C(=O)N(NC(=O)c2nc3cc(Cl)ccc13)C(C4CC4)c5ccccn5
CHEMBL2010832,2.9582815,CN(C1CCN(Cc2ccc(cc2)C(F)(F)F)CC1)C(=O)Cc3ccc(cc3F)S(=O)(=O)C
CHEMBL308538,-0.9025414,Fc1ncccc1OC[C@@H]2CCN2
CHEMBL1824369,2.5270605,Oc1cccc(NC(=O)c2ccc(OCCCN3CCCC3)cc2OCc4ccccc4C#N)c1
CHEMBL2011928,2.532057,COc1ccc(cc1)c2nc3c(NCCCNC(=O)C)c(Br)cnc3[nH]2
CHEMBL471412,3.5530093,COc1ccc(N(C(C(=O)NC2CCCC2)c3ccccc3F)C(=O)c4ccccc4)c(OC)c1
CHEMBL1306424,3.516726,Cc1ccnc(NCc2ccc(Cl)cc2)c1
CHEMBL1762547,3.319718,CCN(c1ccnc(Nc2cc(cc(c2)N3CCOCC3)N4CCOCC4)n1)c5cc(CO)ccc5C
CHEMBL215275,1.9761325,CCN(CCO)CCCOc1cc2ncnc(Nc3cc(CC(=O)Nc4cccc(F)c4)[nH]n3)c2cc1OC
CHEMBL355236,2.5290499,CCCc1c(O)c(ccc1OCc2ccc(cc2OC)c3nn[nH]n3)C(=O)C
CHEMBL211265,2.2492359,Nc1nc(N)c(c(COCc2ccccc2)n1)c3ccc(NC(=O)C4CC4)cc3
CHEMBL1946615,2.258588,O=C(N1CCOCC1)c2ccc(cc2)C(=C3CCN(Cc4cscn4)CC3)c5cccc6cccnc56
CHEMBL2171215,2.0554936,Clc1ccc(OC2CCN(CC2)C3CCN(CC3)C(=O)NS(=O)(=O)Cc4ccccc4)cc1Cl
CHEMBL571526,2.7145767,C[C@@H](Oc1nc(Nc2cc(C)[nH]n2)c(C)nc1C#N)c3ccc(F)cn3
CHEMBL1738748,2.6807907,O[C@]1(CN2CCC1CC2)C#Cc3ccc(Oc4ccc(cc4)C(=O)NCc5ccncc5)cc3
CHEMBL575099,3.3954625,COc1cc(Nc2cc(Oc3cc(C)c(C)nc3c4ccccn4)ccn2)cc(OC)c1OC
CHEMBL459219,1.371825,CSc1nc(C(=O)N)c(N)s1
CHEMBL2068817,3.2951753,COc1ccccc1CN(C(=O)C)c2cnccc2Oc3ccccc3
CHEMBL1891338,3.742229,COc1cccc(CNc2nc(NC(C)C)nc3ccsc23)c1OC
CHEMBL560219,3.0441313,OCCN1C=Cc2c(NC(=O)Cc3ccc(Cl)c(c3)C(F)(F)F)cccc2C1=O
CHEMBL1934426,1.5077684,C[C@H](NC(=O)c1c(C)nn(C2CCOCC2)c1NS(=O)(=O)c3ccc(cc3)C4CC4)C(C)(C)C
CHEMBL1829442,3.8627071,CCC(NC(=O)c1ccc(C)cc1)C2=Nc3ccsc3C(=O)N2Cc4ccccc4
CHEMBL396724,3.1183443,OC[C@@H](O)CN1C(=O)[C@H](Cc2ccccc12)NC(=O)c3cc4cc(Cl)sc4[nH]3
CHEMBL2164747,0.4965539,COc1ccc2N=CC(=O)N(CCN3CC[C@@H](NCc4ccc5OCC(=O)Nc5n4)[C@@H](O)C3)c2c1
CHEMBL14474,1.7871578,c1ccc2ncccc2c1
CHEMBL384684,3.0576055,C[C@H](NC1=NC(=O)[C@@](C)(S1)C(F)(F)F)c2ccccc2F
CHEMBL147507,0.70712197,C[C@@H](N)COc1c(C)cccc1C
CHEMBL93484,-0.91907907,CC1N=C(N)N=C(N)N1c2ccc(Cl)cc2
CHEMBL384699,3.288599,COc1cc2ncnc(Nc3cc(Cl)ccc3F)c2cc1OCCCN4CCOCC4
CHEMBL1213082,2.3197346,Cc1ccccc1N2C(=Nc3cccc(C)c3C2=O)Cn4cnc5c(N)ncnc45
CHEMBL578723,1.531337,COc1ccc2nc3ccccc3c(N)c2c1
CHEMBL214350,1.6948617,Cc1ccc2c(c1)c(c(C)n2CC(=O)O)c3ccnc4c(cccc34)C(F)(F)F
CHEMBL1682950,3.0650887,CC[C@H](NC(=O)c1c([S+](C)[O-])c(nc2ccccc12)c3ccsc3)c4ccccc4
CHEMBL960,3.3532114,Cc1oncc1C(=O)Nc2ccc(cc2)C(F)(F)F
CHEMBL1079324,3.7392235,C[C@@H]1CN(C[C@H](C)O1)c2nc(N3CCOCC3)c4ccc(Nc5ccccc5)nc4n2
CHEMBL1090173,2.2852838,OCC(=O)N1CCC(CC1)c2n[nH]c(c3ccc(Cl)cc3)c2c4ccncn4
CHEMBL413558,3.1967044,COc1ccc(cc1OC)C(=O)Nc2cc(NC(=O)c3cccc(c3)N(C)C)ccc2C
CHEMBL2336329,1.6455188,CNCc1cccc(c1)c2ccc3c(nc(nc3n2)N4C[C@@H](C)O[C@@H](C)C4)N5CCOCC5
CHEMBL2011927,1.3422265,COc1ccc(cc1)c2nc3c(OCC4CCNCC4)c(Br)cnc3[nH]2
CHEMBL2011937,3.1302874,COc1ccc(cc1)c2nc3c(NCCCNC(=O)c4ccccc4)c(Br)cnc3[nH]2
CHEMBL1933594,1.348896,C[C@H]1O[C@H]([C@H](O)[C@@H]1O)n2cnc3c(N)nc(OCC4CC(F)(F)C4(F)F)nc23
CHEMBL495727,2.512832,O=C(NC1CC1)Nc2c[nH]nc2c3nc4cc(CN5CCOCC5)ccc4[nH]3
CHEMBL2059865,2.9745905,Cc1ccc(cc1NC(=O)c2ccc(OCc3ccccn3)cc2)c4ncc[nH]4
CHEMBL1770733,1.5504673,Nc1cc(ncn1)c2ccccc2
CHEMBL443,0.33280122,Cc1onc(NS(=O)(=O)c2ccc(N)cc2)c1
CHEMBL388337,2.5520382,Clc1ccc2C(=O)C3=C(Nc2c1)C(=O)NN(Cc4cc5ccccc5s4)C3=O
CHEMBL2030815,-0.047848225,OC(=O)[C@H](Cc1ccc(OCCCNc2ccccn2)cc1)NC(=O)c3c(Cl)cccc3Cl
CHEMBL2086653,3.3769464,CC(C)(C)OC(=O)N1CCN(CC1)c2cnc(OCc3ccc(cc3)S(=O)(=O)C)cn2
CHEMBL1214827,2.5451636,CC(C)c1cc(C(=O)N2Cc3ccc(CN4CCN(C)CC4)cc3C2)c(O)cc1O
CHEMBL20403,3.5566325,COC1(CCOCC1)c2cc(F)cc(OCc3ccc4N(C)C(=O)C=Cc4c3)c2
CHEMBL320777,1.8121414,Oc1ccc(CCNCCS(=O)(=O)CCCOCCNc2ccccc2)c3sc(O)nc13
CHEMBL1650697,1.8436301,C[C@H](Nc1ncc(F)c(Nc2cc(C)[nH]n2)n1)c3ncc(F)cn3
CHEMBL481230,2.6043189,COc1cc2c(Nc3ccc(F)c(Cl)c3)c(cnc2cc1OCCN(C)CCO)C(=O)N
CHEMBL102726,3.184976,C(Nc1ncnc2ccccc12)c3ccccc3
CHEMBL1704514,2.47149,CC(N1C(=O)c2ccccc2C1=O)C(=O)N3CCc4ccccc4C3
CHEMBL1472545,3.076873,Nc1ccc(cc1)C2(CCCCC2)c3ccc(N)cc3
CHEMBL1096435,3.7351494,CS(=O)(=O)c1ccc(cc1)[C@@H](CC2CCCC2)C(=O)Nc3nccs3
CHEMBL13485,2.5208259,CCN(CC)CCNC(=O)c1c(C)[nH]c(\C=C\2/C(=O)Nc3ccc(Cl)cc23)c1C
CHEMBL1081913,3.219151,CC(C)(C)OC(=O)N1CCC(CC1)OCc2onc(n2)c3ccncc3
CHEMBL73048,2.136699,C[C@@](O)(C(=O)Nc1ccc(cc1Cl)S(=O)(=O)C)C(F)(F)F
CHEMBL1079,0.6925216,Clc1ccc2nsnc2c1NC3=NCCN3
CHEMBL1917459,-0.34424877,CCS(=O)(=O)Nc1cccc2c1c(Oc3ccc(Cl)cc3)c(C)n2CC(=O)O
CHEMBL2030799,0.36526048,CNc1cccc(CCOc2ccc(C[C@H](NC(=O)c3ccc(F)cc3Cl)C(=O)O)cc2)n1
CHEMBL167597,2.4999359,CCCc1c(O)c(ccc1OCc2ccc(cc2)c3nn[nH]n3)C(=O)C
CHEMBL1951164,1.3293839,COc1cc(OC)c(cc1NC(=O)C)S(=O)(=O)N(C)c2ccccc2
CHEMBL549635,3.1840136,OCCCN(Cc1ccc(F)cc1)C(=O)CC2CCN(Cc3ccn(c3)c4ccc(cc4)C(F)(F)F)CC2
CHEMBL2010841,2.3056834,CN(C1CCN(Cc2ccc(cc2)c3noc(C)n3)CC1)C(=O)Cc4ccc(cc4)n5cnnn5
CHEMBL941,2.6158938,CN1CCN(Cc2ccc(cc2)C(=O)Nc3ccc(C)c(Nc4nccc(n4)c5cccnc5)c3)CC1
CHEMBL401158,3.1699557,CCCCNc1nc(SCCC)nc2c1nnn2[C@@H]3C[C@H](CO)[C@@H](O)[C@H]3O
CHEMBL1950861,0.2129476,CN[C@@H](C)C(=O)N[C@H](C(=O)N[C@H]1CCCN(CCc2ccccn2)C1)C(C)(C)C
CHEMBL23588,1.4064586,OC(=O)c1ccccc1Nc2cccc(c2)C(F)(F)F
CHEMBL1689118,0.6067425,CC1CN(Cc2cc(Cl)ccc2OCC(=O)O)CCN1S(=O)(=O)c3ccccc3
CHEMBL2207280,3.354446,O[C@H](CNC(=O)C1=CNC(=O)c2ccc(F)cc12)CN3CCC(CC3)Oc4ccc(Cl)c(Cl)c4
CHEMBL378405,3.4164448,CC(C)CN1C(=O)N(C)C(=O)c2c1sc(Cc3ccccc3C(F)(F)F)c2S(=O)(=O)N4CC[C@@H](O)C4
CHEMBL2171038,2.0605836,Cc1ccccc1S(=O)(=O)NC(=O)N2CCC(CC2)N3CCC(CC3)Oc4ccc(Cl)c(Cl)c4
CHEMBL1762534,2.9462304,COc1cccc(n1)N(C)c2ccnc(Nc3cc(cc(c3)N4CCOCC4)N5CCOCC5)n2
CHEMBL1168,-0.393579,CCOC(=O)[C@H](CCc1ccccc1)N[C@@H](C)C(=O)N2[C@H]3CCC[C@H]3C[C@H]2C(=O)O
CHEMBL1775161,0.7798518,OC(=O)c1cn(Cc2ccccc2)c3ccccc13
CHEMBL366255,3.1472607,CN(C)c1cccc(c1)C(=O)Nc2ccc(C)c(NC(=O)c3ccc(OCc4ccccn4)cc3)c2
CHEMBL249966,0.84425735,CC(C)(C)Cn1c(CN2C(=O)CC3(CCNCC3)C2=O)cc4cnc(nc14)C#N
CHEMBL402542,1.7166269,CCN1CCN(Cc2cnc(c(Cl)c2)c3ccc(cc3)C(=O)Nc4ccccc4N)CC1
CHEMBL383723,2.5164213,CNC(=O)Nc1cc(sc1C(=O)N)c2ccccc2
CHEMBL2153176,3.0172215,CCCSc1ncccc1C(=O)NC2CCC(F)(F)CC2
CHEMBL1576801,3.4618149,Cc1ccc(cc1)C(=O)C2CCN(CC2)C(=O)c3ccc(C)cc3
CHEMBL1809207,3.3929076,COc1cc(ccc1Nc2ncc(Cl)c(n2)c3cnc4cc(CO)ccn34)N5CCN(CC5)C(=O)C
CHEMBL484738,1.5736969,Cc1ncc(c2ccnc(Nc3ccc(cc3)S(=O)(=O)N)n2)n1C
CHEMBL2348642,1.7890701,CNc1nc(C)c(s1)c2nc(Nc3cccc(c3)N4CCNCC4)ncc2C#N
CHEMBL2036774,3.0205812,Clc1ccc(NC(=O)N2CCN(C[C@H]3CN(CCO3)C4CC4)CC2)cc1Cl
CHEMBL1829270,1.5905104,CCC(N(CCCN)C(=O)c1ccccc1)C2=Nc3ccsc3C(=O)N2Cc4ccccc4
CHEMBL1221607,0.8883972,NC1=NC(Nc2cccc(F)c12)c3cccs3
CHEMBL12,2.9410148,CN1C(=O)CN=C(c2ccccc2)c3cc(Cl)ccc13
CHEMBL2087847,3.724749,Cn1cncc1c2c3C(=O)N(CC=C)C(=O)N(CC4CC4)c3nn2Cc5ccnc6ccc(Cl)cc56
CHEMBL278623,1.0621666,CC(C)(N)C(=O)N[C@H](Cc1c[nH]c2ccccc12)C(=O)N[C@H](Cc3c[nH]c4ccccc34)NC=O
CHEMBL327027,3.626492,c1ccc(cc1)c2c[nH]c(n2)c3ccccc3
CHEMBL861,1.4289627,CCC1(NC(=O)N(C)C1=O)c2ccccc2
CHEMBL2164741,0.6958177,O[C@H]1CN(CCN2C(=O)C=Cc3ccc(cc23)C#N)CC[C@H]1NCc4cc5OCCOc5cn4
CHEMBL344319,0.84914553,Cc1c(CCC(=O)O)c[nH]c1\C=C\2/C(=O)Nc3ccccc23
CHEMBL481205,2.3324955,COCCOc1cc2ncc(C(=O)N)c(Nc3ccc(C)cc3F)c2cc1N4CCN(C)CC4
CHEMBL214798,3.172093,COc1cc2ncnc(Nc3cccc(Cl)c3F)c2cc1OC4CCN(C)CC4
CHEMBL305406,3.9008684,Clc1cccc(Cl)c1\C(=C\n2cncn2)\OC3CCCCCC3
CHEMBL1312599,3.8991375,Brc1oc(cc1)c2nc3cc(NS(=O)(=O)c4ccccc4)ccc3[nH]2
CHEMBL1631466,2.0005527,Nc1c2C(=O)N(Cc2nc3c(cccc13)c4ncccn4)C5CCC5
CHEMBL192894,3.4274173,COc1ccc(cc1)c2c(C)[nH]nc2c3ccc(O)cc3O
CHEMBL1175,2.0273702,CNCC[C@H](Oc1cccc2ccccc12)c3cccs3
CHEMBL44245,3.0402176,CC(N1Cc2ccccc2C1=O)c3ccccc3
CHEMBL472258,3.232729,COc1ccc(N(C(C)C(=O)NC2CCCC2)C(=O)c3ccccc3)c(OC)c1
CHEMBL235821,1.7235184,NC1=NC(=CC(=O)N1)CCc2ccccc2
CHEMBL2335886,3.3648028,COCCOc1ccc(Nc2ncc3cc(ccc3n2)c4ccncc4)cc1
CHEMBL1774056,2.8442762,C[C@H](Nc1nc(Nc2cc(C)[nH]n2)c(F)cc1C#N)c3ccc(F)cn3
CHEMBL232627,1.057347,OC(=O)CN1C(=O)C(Cc2ccccc12)NC(=O)c3cc4sc(Cl)c(Cl)c4[nH]3
CHEMBL325226,3.5632935,CC(C)n1c2ccccc2c3c(C)c(NC(=O)N4CCOCC4)ccc13
CHEMBL300664,3.553451,Fc1ccccc1c2ccc3c(c2)C(=O)C(=O)c4ccccc34
CHEMBL110941,2.6891847,Cc1cc(C)cc(CCOCCS(=O)(=O)NCCNCCc2ccc(O)c3nc(O)sc23)c1
CHEMBL1575581,2.293884,Cc1ccc2c(N)c(C#N)sc2n1
CHEMBL1340091,1.5407144,O=S(=O)(Nc1ccc(cc1)S(=O)(=O)Nc2nccs2)c3ccc4OCCOc4c3
CHEMBL1709618,2.2223914,COc1ccc(cc1)C(CNC(=O)Nc2ccccc2)N3CCN(C)CC3
CHEMBL573287,3.505511,COc1ccc(Nc2cc(Oc3cc(C)c(C)nc3c4ccccn4)ccn2)cc1
CHEMBL1908856,2.727239,COc1ccc(NC(=O)c2ccc(c(C)c2)c3ccncc3)cc1N4CCN(C)CC4
CHEMBL2153175,3.4822934,CCCSc1ncccc1C(=O)N(C)C2CCCCC2
CHEMBL155103,1.2639344,CCOC(=O)C1=Cc2ccc(O)cc2OC1=O
CHEMBL301018,3.6613011,COc1cc2ncnc(Nc3ccc(F)c(Cl)c3)c2cc1OC
CHEMBL1778612,-0.36113572,OC(=O)COc1ccc(cc1c2ccccc2)[N+](=O)[O-]
CHEMBL2177110,0.64736056,CCCSc1c(cnn1c2cccc(c2)C(=O)O)C(=O)NC3CCCCC3
CHEMBL13589,1.5336344,Nc1ncnc(Nc2ccccc2)n1
CHEMBL520734,1.3567884,NC(=O)Nc1sc(cc1C(=O)N[C@H]2CCCNC2)c3ccsc3
CHEMBL954,3.7560186,CCN(CC)CCOc1ccc(cc1)\C(=C(\Cl)/c2ccccc2)\c3ccccc3
CHEMBL1077979,1.7340949,COc1cc(O)c2C(=O)O[C@@H](C)C\C=C/C(=O)[C@@H](O)[C@@H](O)C\C=C\c2c1
CHEMBL1967560,2.572129,CCN1N(C2CCCC2)c3nc(Nc4ccc(cc4OC)C(=O)NC5CCN(C)CC5)ncc3N(C)C1=O
CHEMBL108939,1.8807619,COc1ccccc1Oc2ccc(cc2)N(Cc3cccnc3)S(=O)(=O)CC(F)(F)F
CHEMBL1289717,1.9194654,O=C1C=C(C=CN1c2ccc3c(cnn3CCN4CCCC4)c2)c5ccccc5
CHEMBL178397,3.8192542,CC1=NC(=C(NC1=O)c2ccccc2)c3ccc(CN4CCC(CC4)N5C(=O)Nc6ccccc56)cc3
CHEMBL1290108,3.1071,Clc1ccc(N2CCN(CC2)C(=O)COCc3ccccn3)c(Cl)c1
CHEMBL2179276,0.8888155,CC(C)C[C@H](N1CCC[C@@H](C1)N2C=C(C)C(=O)NC2=O)c3ccc(C(=O)O)c(Oc4cccc(Cl)c4)c3
CHEMBL778,3.1534579,C[C@H](c1c[nH]cn1)c2cccc(C)c2C
CHEMBL1946617,2.014826,OC1CCN(CC1)C(=O)c2ccc(cc2)C(=C3CCN(Cc4cscn4)CC3)c5cccc6cccnc56
CHEMBL327502,3.0417588,COc1ccc(cc1)N2Sc3ccccc3C2=O
CHEMBL1829261,1.8338394,CCC(N(CC1CCNCC1)C(=O)c2ccc(C)cc2)C3=Nc4ccsc4C(=O)N3Cc5ccccc5
CHEMBL2326864,-0.22718692,CC(=O)Nc1nc(CCc2ccc(NC(=N)N)cc2)cs1
CHEMBL400964,1.9669207,CN1C[C@H](c2ccccc2)c3cccc(N)c3C1
CHEMBL460102,2.2993145,CC(C)n1c(C)ncc1c2nc(Nc3ccc(cc3)C(=O)N4CC[C@@H](C4)N(C)C)ncc2F
CHEMBL2036581,3.3154168,COc1ccc(NC(=O)c2oc(Nc3ccccc3F)nn2)cn1
CHEMBL322722,2.2891986,Cc1ccc(CCCOCCS(=O)(=O)CCCNCCc2ccc(O)c3nc(O)sc23)s1
CHEMBL2208425,3.574026,O[C@H](CNC(=O)c1cn2cc(F)ccc2n1)CN3CCC(CC3)Oc4ccc(Cl)c(Cl)c4
CHEMBL2031158,0.48645258,OC(=O)[C@H](Cc1ccc(CCCCNc2ccccn2)cc1)NC(=O)c3c(Cl)cccc3Cl
CHEMBL2059376,2.4190137,CCNC(=O)c1cc2c(c(cnc2[nH]1)c3cncc(c3)C(=O)NC)n4ccc(n4)C(F)(F)F
CHEMBL420055,1.6470625,COc1cc(ccc1Cn2cnc3ccc(NC(=O)CC4CCCC4)cc23)C(=O)NS(=O)(=O)c5ccccc5
CHEMBL60088,0.31770515,NC(=N)c1cc2c(I)cccc2s1
CHEMBL2030006,2.5832512,Oc1ccc(cc1)C2=CC(=O)c3ccccc3N2
CHEMBL2110579,2.0929496,CN(C)N(C)C(=O)[C@@]1(Cc2ccccc2)CCCN(C1)C(=O)[C@@H](Cc3c[nH]c4ccccc34)NC(=O)C(C)(C)N
CHEMBL1421,2.838307,Cc1nc(Nc2ncc(s2)C(=O)Nc3c(C)cccc3Cl)cc(n1)N4CCN(CCO)CC4
CHEMBL324875,2.093696,Cc1ccc(CCOCCNS(=O)(=O)CCCNCCc2ccc(O)c3nc(O)sc23)cc1
CHEMBL134074,3.9109442,Cc1ccc2NC(=O)OC3(CCN(CCc4nc(oc4C)c5ccccc5)CC3)c2c1
CHEMBL1718768,2.3144004,CCn1c(SCC(=O)Nc2c(cnn2c3ccccc3)C#N)nnc1c4cccs4
CHEMBL266094,1.6353306,Nc1ncnc2c1ncn2Cc3ccccc3
CHEMBL452464,2.854651,CC(C)C[C@@H](CO)NS(=O)(=O)c1ccc(Cl)s1
CHEMBL1951011,3.6930847,CC(C)OC(=O)N1CCC(CC1)Oc2ncnc(Oc3ccc(cc3F)S(=O)(=O)C)c2C
CHEMBL203567,1.906324,Nc1c(cnn1c2ccc(F)cc2)C(=O)c3cccc(OC[C@@H](O)CO)c3
CHEMBL1829408,2.4092941,CCC(N(CCCN)C(=O)c1ccc(cc1)C(C)C)C2=Nc3ccsc3C(=O)N2Cc4ccccc4
CHEMBL325873,0.6938189,CC(C)C(NC(=O)CN1C(=O)C(=CC=C1c2cccc(c2)C(=O)O)NC(=O)OCc3ccccc3)C(=O)C(F)(F)F
CHEMBL1020,-0.5217092,Cc1ccc(cc1)C(=O)c2ccc(CC(=O)O)n2C
CHEMBL300846,2.307439,COc1cc(ccc1Cc2c[nH]c3ccc(NC(=O)CC4CCCC4)cc23)C(=O)NS(=O)(=O)c5ccccc5C
CHEMBL2335889,3.092772,CC(=O)Nc1ccc(Nc2ncc3cc(ccc3n2)c4ccncc4)cc1
CHEMBL206200,2.3273745,COCCNc1nc(N)c2nc(O)n(Cc3ccccc3)c2n1
CHEMBL1818381,-0.14110494,OC(=O)C1=CN(C2CC2)c3cc(N4CCN(CC4)C(=O)CC[N+](=O)[O-])c(F)cc3C1=O
CHEMBL1257578,2.2967677,Cc1ccc(CN2[C@@H]3CC[C@H]2C[C@@H](C3)Oc4cccc(c4)C(=O)N)s1
CHEMBL257269,3.2201705,C[C@H](CO)Nc1nc(SCc2cccc(F)c2F)nc3NC(=O)C=Cc13
CHEMBL224013,3.4450607,COc1cc2ncnc(Nc3ccc(F)cc3)c2cc1OC
CHEMBL1087398,3.1022828,C[C@H](Nc1nc(Nc2ncc(C#N)s2)cc(n1)N3CCOCC3)c4ccc(F)cn4
CHEMBL1951074,-0.9502282,COc1cc(OC)c(cc1NC(=S)NCC(=O)O)S(=O)(=O)N2C(C)CCc3ccccc23
CHEMBL268362,2.1946096,COc1ccccc1CNC(=O)c2ccc3cnccc3n2
CHEMBL2062580,3.0273857,CC(=O)Nc1ccc2c(c1)c(cn2C)c3cc(NC4CC4)n5ncc(C#N)c5n3
CHEMBL2151325,2.5107057,CCOc1cc(Nc2nc3c(cc2F)ncn3[C@@H](CO)c4ccc(F)cn4)n[nH]1
CHEMBL187709,3.9701781,CCN(CC)CCOc1ccc(cc1)C(O)(Cc2ccc(Cl)cc2)c3ccc(C)cc3
CHEMBL2331743,1.5194782,CC1=CN([C@H]2CCCN(C2)S(=O)(=O)c3ccc(C(=O)N)c(Oc4cccc(Cl)c4)c3)C(=O)NC1=O
CHEMBL2012863,2.1110873,NC1=CC2=NNC(=O)N2c3cc(ccc13)c4occc4
CHEMBL336619,3.946597,Clc1ccccc1C(=O)NCC23CC4CC(CC(C4)C2)C3
CHEMBL1458783,1.8555433,Nc1nccc(n1)c2cccs2
CHEMBL324465,2.6109073,CN1CCC(CC1)(C#N)c2cccc3ccccc23
CHEMBL519779,3.2857428,COc1cc2ncc(C(=O)N)c(Nc3cccc(Cl)c3Cl)c2cc1OC
CHEMBL261237,3.4222507,N\C(=C(\C#N)/c1ccccc1C(F)(F)F)\Sc2ccc(N)cc2
CHEMBL191083,-0.7361462,CN(C)c1ccc2N=C3C=CC(=[N+](C)C)C=C3Sc2c1
CHEMBL1682944,3.4206705,CC[C@H](NC(=O)c1c(CS(=O)(=O)C)c(nc2ccccc12)c3ccccc3)c4ccccc4
CHEMBL423,1.0498042,CC(C)NCC(O)COc1ccc(CCOCC2CC2)cc1
CHEMBL1784366,1.2925239,Cc1nsc(C)c1CCC2CCN(CC2)S(=O)(=O)CC3(CCOCC3)N(O)C=O
CHEMBL379828,1.200999,COc1ccc2c(c1)c(c(C)n2CC(=O)O)c3ccnc4cc(Cl)ccc34
CHEMBL1807858,1.9109716,Nc1nc(OC2CCCC2)nc3c1ncn3[C@@H]4O[C@H](CO)[C@H](Cl)[C@H]4O
CHEMBL1916546,0.8722893,COc1cc2N(CCN3CCC(CC3)NCc4cc5OCCOc5cn4)C(=O)C=Cc2cn1
CHEMBL100539,3.9858727,O=C(NCC12CC3CC(CC(C3)C1)C2)c4ccccc4
CHEMBL1741329,3.5102558,Cc1ccn2c(NC(=O)c3ccccc3)c(nc2c1)c4cccs4
CHEMBL341161,2.7512465,Fc1cc(ccc1C2=CCOCC2)N3C[C@H](COc4ccon4)OC3=O
CHEMBL115,2.9124355,CC(C)(C)NC(=O)[C@@H]1CN(Cc2cccnc2)CCN1C[C@@H](O)C[C@@H](Cc3ccccc3)C(=O)N[C@@H]4[C@H](O)Cc5ccccc45
CHEMBL2158829,1.7363464,OC(=O)COc1cccc(c1)N2CCC(CN3CCC(CC3)Oc4ccc(Cl)c(Cl)c4)CC2
CHEMBL1824364,3.1116958,Oc1cccc(NC(=O)c2ccc(OCCCN3CCCC3)cc2OCc4ccc(F)cc4)c1
CHEMBL112,0.6892245,CC(=O)Nc1ccc(O)cc1
CHEMBL1386638,3.7228975,Cc1cc(NCc2ccccc2)nc3ccccc13
CHEMBL2177601,0.5852138,Cc1c(cnn1c2ccc(cc2)C(=O)O)C(=O)NC3C4CC5CC(CC3C5)C4
CHEMBL2078812,1.8424187,NC(=O)Nc1sc(cc1C(=O)N[C@H]2CCCNC2)c3cc(F)cc(F)c3
CHEMBL1778625,0.37906063,COc1ccc(cc1)c2cc(ccc2OCC(=O)O)C(F)(F)F
CHEMBL254361,0.95042276,Nc1ccccc1NC(=O)c2ccccn2
CHEMBL92172,1.4775143,O=C(Nc1nccs1)c2cccnc2
CHEMBL1571801,2.2624989,Nc1nc(nc(N)c1Cc2ccccc2F)c3ccccn3
CHEMBL1916540,1.7968298,COc1ccc2C(=CC(=O)N(CCN3CCC(CC3)NCc4cc5OCCOc5cn4)c2c1)C
CHEMBL2062559,3.1163888,N#Cc1cnn2c(NC3CC3)cc(nc12)c4cccs4
CHEMBL1778636,-0.16535139,OC(=O)COc1ccc(Cl)cc1c2cccc(c2)C#N
CHEMBL1916263,1.7068121,CCC(CC)NC(=O)c1cn(nc1NS(=O)(=O)c2ccc(C)cc2)c3ccccc3
CHEMBL1888044,2.6967752,FC(F)(F)c1nnc2ccc(nn12)N3CCCC3
CHEMBL385049,1.8724073,COc1cc2c(Nc3cc(CC(=O)Nc4cccc(F)c4F)[nH]n3)ncnc2cc1OCCCN5CCC[C@@H]5CO
CHEMBL16293,3.0516543,c1ccc2ccccc2c1
CHEMBL2325986,2.3561668,CC(NC(=O)C1(N)CCN(CC1)c2ncnc3[nH]ccc23)c4ccccc4
CHEMBL1824045,1.6087023,O=C1COc2ccc(CNC3CCN(CCN4C(=O)COc5ccc(cc45)c6occc6)CC3)nc2N1
CHEMBL1829424,2.213075,CCC(N(CCCN)C(=O)c1ccc(C)cc1)C2=Nc3sccc3C(=O)N2Cc4ccccc4
CHEMBL1669170,3.335967,O=C(CN1CCOCC1)Nc2ccc(cc2c3ccccc3)c4cccc5C(=O)C=C(Oc45)N6CCOCC6
CHEMBL1389402,1.7884833,Cc1onc(CO)c1C(=O)Nc2nccs2
CHEMBL1539253,3.8002234,Cc1ccnc(NCc2c(O)ccc3ccccc23)c1
CHEMBL401874,4.076145,CC(C)CN1C(=O)N(C)C(=O)c2c1nn(Cc3cccc4ccccc34)c2c5ccncc5
CHEMBL110599,3.354422,COc1ccc(C(CN2CCCC2)N(C)C(=O)Cc3ccc(Cl)c(Cl)c3)c(OC)c1
CHEMBL455651,3.0828931,CNC(=O)c1ccc(Nc2ncc(F)c(n2)c3cnc(C)n3C(C)C)cc1F
CHEMBL291514,3.159432,COc1cc2ncnc(Nc3ccc(F)c(Cl)c3)c2cc1OCCCN4CCCCC4
CHEMBL460087,1.4281499,CN[C@H]1CCN(C1)C(=O)c2ccc(Nc3nccc(n3)c4cnc(C)n4C(C)C)cc2
CHEMBL1441229,2.2188058,Cc1cc(C)n(n1)c2cccc(Cl)c2C#N
CHEMBL2164683,3.1010528,Fc1cccc2c3CN(CCc3[nH]c12)C(=O)[C@@H]4CCCC[C@H]4C(=O)NC5(CC5)C#N
CHEMBL1187646,1.8425565,NCCCC(=O)OCCN1CCN(CCCN2c3ccccc3Sc4ccc(Cl)cc24)CC1
CHEMBL2325702,2.3293643,Cn1ccc2c(cccc12)c3nc(CS(=O)(=O)C)cc(n3)N4CCOCC4
CHEMBL1599839,3.040712,Oc1nc2ccccc2nc1NCc3ccccc3
CHEMBL1950856,2.2942307,CN[C@@H](C)C(=O)N[C@H](C(=O)N[C@H]1CCCN(CCc2ccc(Br)cc2)C1)C(C)(C)C
CHEMBL114123,2.6477163,CCCCCCN1CC[C@@]2(C)[C@@H](C)C1Cc3ccc(O)cc23
CHEMBL275742,1.085991,CC(C)NC[C@@H](O)COc1cccc2ccccc12
CHEMBL280916,0.8418876,CC(C)C(NC(=O)CN1C(=O)C(=CC=C1c2ccccc2)NC(=O)OCc3ccc(cc3)C(=O)O)C(=O)C(F)(F)F
CHEMBL1313164,3.569448,Cc1nc(CSc2ccc(Cl)cc2)cc(n1)N3CCOCC3
CHEMBL2178948,0.83455086,Cc1nc(C)c(nc1C(=O)N)c2ccc3c(CC[C@@]34CC[C@H](CC4)C(=O)O)c2
CHEMBL2336326,2.4512033,C[C@H]1COCCN1c2nc(N3CCOC[C@@H]3C)c4ccc(nc4n2)c5cccc(c5)C(=O)NCCO
CHEMBL592374,1.7498666,Clc1ccc(cc1Cl)[C@]23CNC[C@H]2C3
CHEMBL2031233,2.0309205,CN1CCN(CC1)c2ccc3N=CN(C(=O)c3c2)c4cc(NC(=O)C5CC5)ccc4C
CHEMBL1289283,2.3930874,O=C1C=C(OCc2ccccc2)C=CN1c3ccc4c(cnn4CCN5CCCC5)c3
CHEMBL1461377,3.1324458,Fc1ccc(cc1)C(=O)C2CCN(CC2)C(=O)NCc3ccccc3
CHEMBL1824035,0.2780198,CN(C)S(=O)(=O)c1ccc2OCC(=O)N(CCN3CCC(CC3)NCc4ccc5OCC(=O)Nc5n4)c2c1
CHEMBL563545,2.2967143,O\N=C\1/C(=O)N(Cc2ccccc2[N+](=O)[O-])c3ccccc13
CHEMBL2171277,3.2433767,Cc1ccc(NC(=O)[C@H]2CCCN2S(=O)(=O)c3cccc4cccnc34)c(C)c1
CHEMBL2158773,2.8394148,Cc1cccc(C[C@H](N2CCC(CN3CCC(CC3)Oc4ccc(Cl)c(Cl)c4)CC2)C(=O)O)c1
CHEMBL1852508,0.49925303,Cc1cc(nn1C[C@H](O)CN)c2ccc(Cl)c(c2)C(=O)NCC3(O)CCCCCC3
CHEMBL2158470,3.055007,CCCSc1nc(ccc1C(=O)N[C@@H]2C3CC4CC2C[C@@](O)(C4)C3)N5CCOCC5
CHEMBL2207599,-0.7553232,COc1cc(OC)c(cc1NC(=O)CCC(=O)O)S(=O)(=O)N(c2ccccc2)c3ccccc3
CHEMBL2346970,3.4254136,OC1(CCN(CC1)c2ccc3nnc(n3n2)C(F)(F)F)c4ccc(F)cc4
CHEMBL2207276,2.3921463,Cc1cc(Cl)ccc1OC2CCN(C[C@H](O)CNC(=O)C3=CNC(=O)c4cc(ccc34)S(=O)(=O)C)CC2
CHEMBL2062569,3.1456335,CC(=O)Nc1cc2c(ccn2c3cc(NC4CC4)n5ncc(C#N)c5n3)cc1C
CHEMBL183406,3.6940985,CN(C1CCN(CCC(c2ccccc2)c3ccccc3)CC1)C(=O)NCc4ccccc4
CHEMBL2059195,0.70556724,OC(=O)\C=C\c1cccc(c1)c2cnc3[nH]ccc3c2
CHEMBL1464754,3.8297718,Clc1ccccc1N2CCN(CC2)C(=O)NC3CCCCC3
CHEMBL1951072,1.6603485,COc1cc(OC)c(cc1NC(=O)C)S(=O)(=O)N2C(C)Cc3ccccc23
CHEMBL121889,2.7785373,CC(=O)NC[C@H]1CN(C(=O)O1)c2ccc(N3CCN(CC3)c4ccc(cn4)C#N)c(F)c2
CHEMBL62993,2.8362517,O=C1Nc2ccc(cc2C1=O)S(=O)(=O)N3CCC[C@H]3COc4ccccc4
CHEMBL176219,3.6469226,Clc1cc(Cl)cc(NC(=O)NCC2(CCN(CC3CC3)CC2)c4ccc(cc4)c5cccc(c5)C#N)c1
CHEMBL577241,3.2217069,Oc1ccc(CCc2ccc(O)cc2)cc1
CHEMBL2170992,2.323771,CC(C)c1ccc(NC(=O)NCCCSC[C@H]2O[C@H]([C@H](O)[C@@H]2O)n3cnc4c(N)ncnc34)cc1
CHEMBL437526,1.0476708,CCO[C@@H]1OC(=O)C[C@@H]1NC(=O)[C@@H]2CCCN3N2C(=O)[C@H](CCC3=O)NC(=O)c4nccc5ccccc45
CHEMBL2153178,2.260714,CCCSc1ncccc1C(=O)N[C@@H]2[C@@H]3CC4C[C@H]2C[C@@](O)(C4)C3
CHEMBL2179283,1.7812306,CCCC(C)(C)C[C@@H](N1CCC[C@@H](C1)N2C=C(C)C(=O)NC2=O)c3ccc(C(=O)O)c(Oc4cccc(Cl)c4)c3
CHEMBL499,-0.04233837,CC(C)(C)NC[C@H](O)COc1nsnc1N2CCOCC2
CHEMBL320882,3.2506762,CN(C(CN1CCCC1)c2ccccc2)C(=O)Cc3ccc(Cl)c(Cl)c3
CHEMBL452,3.0588307,[O-][N+](=O)c1ccc2NC(=O)CN=C(c3ccccc3Cl)c2c1
CHEMBL376055,2.7665908,CN(CCCc1ccccc1)S(=O)(=O)c2cc(C(=O)N3CCc4ccc(cc4C3)S(=O)(=O)NCCc5ccccc5)c(O)c(O)c2O
CHEMBL511782,2.5810177,COc1ccc(N(C(C(=O)NC[C@@H](C)O)c2ccccc2F)C(=O)c3ccccc3)c(OC)c1
CHEMBL1950848,2.063974,CN[C@@H](C)C(=O)N[C@@H](C1CCCCC1)C(=O)N[C@H]2CCCN(CCc3ccccc3F)C2
CHEMBL403672,3.1463184,COc1cc(Nc2ncnc(Nc3c(Cl)ccc4OCOc34)n2)cc(OC)c1OC
CHEMBL1783279,3.440794,CCCNC(=O)c1nnc2c(cccc2c1N)c3cnc(OC)nc3OC
CHEMBL597803,2.9961538,CN(Cc1ccc(Cl)cc1)C(=O)C2(N)CCN(CC2)c3ncnc4[nH]ccc34
CHEMBL2030439,2.074203,Fc1ccc(cc1)S(=O)(=O)Cc2cc(nc(n2)c3ccccn3)N4CCOCC4
CHEMBL2031162,-0.47684717,OC(=O)[C@H](Cc1ccc(NC(=O)Cc2ccc3CCCNc3n2)cc1)NC(=O)c4c(Cl)cccc4Cl
CHEMBL2158817,1.8599536,OC(=O)C(N1CCO[C@@H](CN2CCC(CC2)Oc3ccc(Cl)c(Cl)c3)C1)c4ccccc4
CHEMBL382565,2.6393886,NC(=O)c1cc(sc1N)c2ccccc2
CHEMBL1503415,1.5198665,OC1=CC(=O)C2=C(O1)c3ccccc3N(C2=O)c4ccccc4
CHEMBL93354,0.87597036,Clc1ccc(NCCNCC(=O)N2CCC[C@H]2C#N)nc1
CHEMBL2171026,2.2822163,Clc1ccc(OC2CCN(CC2)C3CCN(CC3)C(=O)c4ccc(cc4)c5nn[nH]n5)cc1Cl
CHEMBL2338020,2.6745455,CCc1[nH]c2nc(Sc3cnc4ccc[n+]([O-])c4c3)nc(N5C[C@@H]6[C@@H](N)[C@@H]6C5)c2c1Cl
CHEMBL342357,2.8479304,O=C1NC(=O)c2cc(OCc3ccccc3)ccc12
CHEMBL2325642,0.6053935,Fc1cc(c(F)cc1Oc2ccc(Cl)cc2c3ccnn3C4CNC4)S(=O)(=O)Nc5ncns5
CHEMBL426658,3.5809414,Clc1cccc(c1)c2cnc3ccc(NC4CCOCC4)nn23
CHEMBL2086652,3.192487,CC(C)(C)OC(=O)N1CCN(CC1)c2ccc(OCc3ccc(cc3)S(=O)(=O)C)nn2
CHEMBL25236,3.2287536,COc1ccccc1N2CCN(CCCCNC(=O)c3ccc4ccccc4c3)CC2
CHEMBL141157,1.6649922,CCOC(=O)\C=C\[C@H](C[C@@H]1CCNC1=O)NC(=O)[C@H](CC#C)N2C=CC=C(NC(=O)c3cc(C)on3)C2=O
CHEMBL2325698,3.1894937,CC[C@@H]1COCCN1c2cc(nc(n2)c3cccc4[nH]ccc34)C5(CC5)S(=O)(=O)C
CHEMBL460103,2.3878295,CC(C)n1c(C)ncc1c2nc(Nc3ccc(cc3)C(=O)N4CC[C@H](C4)N(C)C)ncc2F
CHEMBL178457,3.3889847,CC1=C(C(=O)N(C[C@H](N)c2ccccc2)C(=O)N1Cc3c(F)cccc3F)c4ccc5OCOc5c4
CHEMBL484663,2.952952,Oc1ccc(cc1)C2=CC(=O)c3cc(O)ccc3O2
CHEMBL2010842,3.0947618,CN(C1CCN(Cc2nc3cc(F)ccc3s2)CC1)C(=O)Cc4ccc(cc4)n5cnnn5
CHEMBL233034,2.645598,ONC(=O)CN1C(=O)C(Cc2ccccc12)NC(=O)c3cc4cc(Cl)sc4[nH]3
CHEMBL561,-0.77156734,CCN1C=C(C(=O)O)C(=O)c2cc(F)c(N3CCNC(C)C3)c(F)c12
CHEMBL13311,1.650405,O=C1C=COc2ccccc12
CHEMBL602745,3.6203275,CS(=O)(=O)N1CC[C@@H](C1)N(Cc2ccccc2Cl)c3ccc(C#N)c(Cl)c3
CHEMBL46,2.4808733,Cc1nccn1CC2CCc3c(C2=O)c4ccccc4n3C
CHEMBL229948,2.715524,Oc1ccccc1NC(=O)c2cc(ccc2Cl)[N+](=O)[O-]
CHEMBL267044,-0.9863939,CCN1CCC[C@H]1CNC(=O)c2cc(ccc2OC)S(=O)(=O)N
CHEMBL1270874,2.7273407,CS(=O)(=O)c1cccc(Nc2nccc(Nc3cccc4ocnc34)n2)c1
CHEMBL1880028,1.9100616,ONC(=O)Cc1ccc(Oc2ccccc2)cc1
CHEMBL179128,1.7077138,Cc1cn(C[C@H]2CN(C(=O)O2)c3ccc(C4=CCS(=O)(=O)CC4)c(F)c3)nn1
CHEMBL87785,4.1222253,C[C@H](CNCCc1ccncc1)c2c([nH]c3ccc(cc23)C(C)(C)C(=O)N4C5CCC4CC5)c6cc(C)cc(C)c6
CHEMBL477786,2.395212,CC(C)n1c(C)ncc1c2ccnc(Nc3ccc(cc3)N4CCN(CC4)C(=O)CO)n2
CHEMBL2036778,1.9999133,CCN1CCC[C@H](C1)C(=O)N2CCN(CC2)C(=O)Nc3ccc(Cl)c(Cl)c3
CHEMBL118,3.200112,Cc1ccc(cc1)c2cc(nn2c3ccc(cc3)S(=O)(=O)N)C(F)(F)F
CHEMBL279200,1.0620652,C(Oc1cccc2ccccc12)C3=NCCN3
CHEMBL1934267,1.1596347,CC(C)n1nc(C)c(C(=O)N[C@@H](C)C(C)(C)C)c1NS(=O)(=O)c2ccc(C)cc2
CHEMBL407,1.2641158,CCOC(=O)c1ncn2c1CN(C)C(=O)c3cc(F)ccc23
CHEMBL62,2.8346841,CN1CCc2cc(Cl)c(O)cc2[C@H](C1)c3ccccc3
CHEMBL1513,1.283454,CCCCC1=NC2(CCCC2)C(=O)N1Cc3ccc(cc3)c4ccccc4c5nn[nH]n5
CHEMBL402561,3.4099913,CCNC(=O)OC[C@@H](C)N(c1cc(Cl)ccc1CO)S(=O)(=O)c2ccc(Cl)cc2
CHEMBL244183,3.3291466,C1Oc2ccc(Oc3cc(Oc4ccc(cc4)n5ccnc5)ncn3)cc2O1
CHEMBL66761,2.502207,O=C1NN=C(Cc2ccccc2)c3ccccc13
CHEMBL1721885,2.405077,Cc1[nH]c(\C=C\2/C(=O)Nc3ccc(F)cc23)c(C)c1C(=O)NC[C@H](O)CN4CCOCC4
CHEMBL1539037,1.7561696,COc1ccc(NC(=O)CCc2c(C)nc3nc(C)nn3c2C)cc1
CHEMBL2178369,2.0062788,Cc1nc(C)c(nc1C(=O)N)c2ccc3c(CC[C@@]34CC[C@H](Cc5nnn[nH]5)CC4)c2
CHEMBL2010847,3.0427868,CO[C@H]1CN(Cc2ccc(cc2)C(F)(F)F)CC[C@H]1N(C)C(=O)Cc3ccc(cc3)n4cnnn4
CHEMBL298019,3.9494514,CCOC(=O)c1ccc(OCCC2CCN(CC2)c3ccc(C)nn3)cc1
CHEMBL1257015,1.2249852,COc1ccc(cc1C(=O)NCc2cccnc2)C(=O)NCc3cccnc3
CHEMBL452021,1.462044,CN(C)CCOc1ccc(cc1)c2cc(C(=O)N)c(NC(=O)N)s2
CHEMBL2347404,4.192277,Fc1cccc(COc2ccc(Nc3ncnc4ccc(cc34)c5cccc(c5)N6CCOCC6)cc2Cl)c1
CHEMBL2171044,1.6804763,Clc1ccc(OC2CCN(CC2)C3CCN(CC3)C(=O)NS(=O)(=O)c4cccc(c4)C#N)cc1Cl
CHEMBL1891277,3.3710198,Cc1ccc(cc1)c2cc(C(=O)N3CCOCC3)c4cc(C)ccc4n2
CHEMBL1078411,1.2674041,N[C@@H](Cc1cccs1)C(=O)N[C@@]2(C[C@@H]2c3ccccc3)C#N
CHEMBL2153189,1.913075,CCCSc1nc(ccc1C(=O)NC2CCCCC2)N3CCC(CC3)C(=O)O
CHEMBL109514,3.1625652,Fc1ccc(cc1)C(COCc2cc(cc(c2)C(F)(F)F)C(F)(F)F)N3CCNCC3
CHEMBL135386,3.4578753,CC(C)(C)C(O)\C(=C/c1ccc(Cl)cc1Cl)\n2cncn2
CHEMBL287726,0.84476256,C[C@@H]1C2CCCC1(CCN2C)c3cccc(O)c3
CHEMBL1949859,0.94124687,Fc1cc2N=CNC(=O)c2cc1F
CHEMBL191528,2.6000714,CCOc1ccc2C=CC(=O)Oc2c1
CHEMBL381724,2.5764773,COc1cc2c(Nc3cnc(NC(=O)c4ccccc4)nc3)ncnc2cc1OCCCN5CCOCC5
CHEMBL190,-0.28424215,CN1C(=O)N(C)c2nc[nH]c2C1=O
CHEMBL485240,3.2875328,CCCS(=O)(=O)c1ccc(Nc2nccc(n2)c3cnc(C)n3C(C)C)cc1
CHEMBL300940,1.8985496,COc1cc(ccc1Cn2ccc3ccc(NC(=O)OC4CCCC4)cc23)C(=O)O
CHEMBL2207217,3.3052456,Brc1cnc(Nc2cccc(NC(=O)N3CCCC3)c2)nc1NCCCNC(=O)c4cccs4
CHEMBL1807825,0.9759003,CCOc1ccc(CCNCCCSCCNC[C@H](O)c2ccc(O)c3NC(=O)Sc23)cc1
CHEMBL477567,2.9627252,CC(C)n1c(C)ncc1c2ccnc(Nc3ccc(cc3)N4CCN(CC4)S(=O)(=O)C)n2
CHEMBL1071,1.2103891,OC(=O)CCc1oc(c2ccccc2)c(n1)c3ccccc3
CHEMBL402507,3.6765552,C[C@@H](Oc1cccc2ncnc(Nc3ccc(Oc4ccc(C)nc4)c(C)c3)c12)C(=O)N5CCOCC5
CHEMBL2172002,2.6519322,COc1ccc(nc1OC)N2CCN([C@H](C)C2)C(=O)[C@@H]3CCCC[C@H]3C(=O)NC4(CC4)C#N
CHEMBL1775179,3.2831101,CC(C)OC(=O)N1CCC(CC1)Oc2ncnc3c2cnn3c4ccc(cc4F)S(=O)(=O)C
CHEMBL208118,3.3928008,COc1cc2ncnc(Nc3cccc(Cl)c3F)c2cc1CN(C)[C@H](C)C(=O)N
CHEMBL117711,2.1325939,N(c1cccnc1)c2ncnc3ccccc23
CHEMBL1770476,4.2142477,CCOc1ccc2oc(C(=O)NC(CCSC)c3nc4cnccc4[nH]3)c(C)c2c1
CHEMBL184189,2.9970794,COCCOc1ccc(cc1)C(=O)Nc2cc(NC(=O)c3cccc(c3)N(C)C)ccc2C
CHEMBL2323239,3.8514276,O=C(CSC1=NC2=C(SCC2)C(=O)N1c3ccccc3)Nc4ncc(s4)c5ccccc5
CHEMBL2086680,3.36107,CC(C)(C)OC(=O)N1CCN(CC1)c2ncc(OCc3ccncc3C#N)cn2
CHEMBL2078762,0.68588114,NC(=O)Nc1cc(sc1C(=O)N[C@H]2CCCNC2)c3ccc(cc3)C#N
CHEMBL1282,2.8612614,CC(C)Cn1cnc2c(N)nc3ccccc3c12
CHEMBL2059862,3.0196614,Cc1ccc(cc1NC(=O)c2ccc(OCc3ccccn3)cc2)c4ncc(C)n4C
CHEMBL15770,0.3431685,C[S+]([O-])c1ccc(\C=C/2\C(=C(CC(=O)O)c3cc(F)ccc23)C)cc1
CHEMBL13030,0.36326194,CN1C2CC(CC1C3OC23)OC(=O)C(CO)c4ccccc4
CHEMBL1800472,1.6327872,CN(CCNC[C@H](O)c1ccc(O)c2NC(=O)Sc12)C(=O)CCOCCc3ccccc3
CHEMBL107367,3.2247849,Cc1oc(nc1CCOc2ccc(C[C@H](Nc3ccccc3C(=O)c4ccccc4)C(=O)O)cc2)c5ccccc5
CHEMBL570,3.2839916,CN(C)CCCN1c2ccccc2Sc3ccc(cc13)C(F)(F)F
CHEMBL2087861,4.0549355,CCN1C(=O)N(CC2CC2)c3nn(Cc4ccnc5ccc(Cl)cc45)c(c3C1=O)c6cc(cn6C)C#N
CHEMBL1409708,1.6219893,CN(C)c1ccnc2sc(C(=O)N)c(N)c12
CHEMBL1269107,2.6359198,CC1=C(C(=O)c2cc(O)c(O)c(Cc3ccccc3)c2C1=O)C4=C(C)C(=O)c5c(Cc6ccccc6)c(O)c(O)cc5C4=O
CHEMBL452529,1.0685604,CN(C)CCCOc1ccc(cc1)c2cc(C(=O)N)c(NC(=O)N)s2
CHEMBL1287979,1.8137912,COc1cccc(c1)c2cc3c(N[C@H]4CCCNC4)ncc(C(=O)N)c3s2
CHEMBL637,1.2029744,COc1ccc(cc1)C(CN(C)C)C2(O)CCCCC2
CHEMBL402208,1.4021554,Cc1cc(CN2CCC2)cnc1c3ccc(cc3)C(=O)Nc4ccccc4N
CHEMBL172714,-0.00045490265,Cc1oc2C=NN(B(O)c2c1)S(=O)(=O)c3ccc(C)cc3
CHEMBL455467,2.2425961,CC(C)n1c(C)ncc1c2ccnc(Nc3ccc(cc3)C(=O)N4CCN(C)CC4)n2
CHEMBL112994,2.267837,Oc1ccc(CCNCCNS(=O)(=O)CCOCCCc2ccccc2)c3sc(O)nc13
CHEMBL1809221,3.3820016,COc1cc(ccc1Nc2ncc(Cl)c(n2)c3cnc4cc(ccn34)C#N)N5CCN(CC5)C(=O)C
CHEMBL226960,1.898984,COC(=O)c1ccc(cc1)C(C)N2NC(=O)C3=C(C2=O)C(=O)c4ccc(Cl)cc4N3
CHEMBL1346,2.9905825,NC(=O)C([C@@H]1CCN(CCc2ccc3OCCc3c2)C1)(c4ccccc4)c5ccccc5
CHEMBL1829250,2.3029218,CCC(N(CCCN)C(=O)c1ccc(C)cc1)C2=Nc3ccsc3C(=O)N2Cc4ccc(C)cc4
CHEMBL1789187,-0.3991146,NCC[C@@H](Oc1nc(ccc1C#N)C(F)(F)F)c2oncc2
CHEMBL214304,1.7633435,Cc1ccc2c(c1)c(c(C)n2CC(=O)O)c3ccnc4cc(ccc34)C(F)(F)F
CHEMBL1241,1.6039045,CN(C)CCN(Cc1ccccc1)c2ccccn2
CHEMBL1236962,2.6964598,COc1ncc(cc1NS(=O)(=O)c2ccc(F)cc2F)c3ccc4nccc(c5ccnnc5)c4c3
CHEMBL2171039,1.8855938,Clc1ccc(OC2CCN(CC2)C3CCN(CC3)C(=O)NS(=O)(=O)c4ccccc4Cl)cc1Cl
CHEMBL429,1.166057,CC(CCc1ccccc1)NCC(O)c2ccc(O)c(c2)C(=O)N
CHEMBL86,0.367288,CCN(CC)CCNC(=O)c1cc(Cl)c(N)cc1OC
CHEMBL113014,2.1669211,CC(C)C(NC(=O)CN1C(=O)C(=CC=C1c2ccccc2)NC(=O)NCc3ccccn3)C(=O)C(F)(F)F
CHEMBL139,0.9136237,OC(=O)Cc1ccccc1Nc2c(Cl)cccc2Cl
CHEMBL1944694,0.91861844,COc1ccccc1CCNCc2ccc(CCNC[C@H](O)c3ccc(O)c4NC(=O)Sc34)cc2
CHEMBL1881943,2.320424,NC(=O)C1=CN(Cc2ccc(Cl)cc2Cl)C(=O)C=C1
CHEMBL1441,1.0457574,CCc1cc(ccn1)C(=S)N
CHEMBL561771,3.804071,COc1cccc(NC(=O)c2cccc(Cc3c(C)nn(CCO)c3c4ccccc4)c2)c1
CHEMBL1472189,3.093064,COc1ccc(CC(=O)Nc2nc3ccccc3[nH]2)cc1
CHEMBL56942,2.2948976,COc1cc(OC)cc(c1)c2cc3cnc(N)nc3nc2N
CHEMBL1078983,3.174853,COc1ccc(cc1CO)c2ccc3c(nc(nc3n2)N4C[C@@H](C)O[C@@H](C)C4)N5CCOCC5
CHEMBL2346975,2.622483,CC(=O)N1CCN(CCOc2ccc(cc2)C3(O)CCN(CC3)c4ccc5nnc(n5n4)C(F)(F)F)CC1
CHEMBL551707,3.1690328,Clc1ccc2nc(ccc2c1C(=O)NCC34CC5CC(CC(C5)C3)C4)N6CCC[C@@H](C6)NCCc7nnn[nH]7
CHEMBL1917424,2.2314003,Cc1c(Sc2ccc(Cl)cc2)c3ccc(Cl)cc3n1CC(=O)O
CHEMBL1519083,0.75133,Cc1nc2c(cnn2c(O)c1Cc3ccccc3)C#N
CHEMBL455428,2.822838,CNC(=O)c1ccc(Nc2nccc(n2)c3cnc(C)n3C(C)C)cc1F
CHEMBL268313,3.3664434,CC12CCC3C(CCC4=CC(=O)CCC34C)C1CCC2O
CHEMBL383669,3.6967463,CC(C)CN1C(=O)N(C)C(=O)c2c1sc(Cc3ccccc3C(F)(F)F)c2C(=O)N4CCCC4
CHEMBL1359240,0.052450895,O=C1N2CCS(=O)(=O)C2=Nc3ccccc13
CHEMBL1486510,3.4221218,CCOC(=O)c1c(C)n(Cc2occc2)c3ccc(O)cc13
CHEMBL466006,3.4179492,Cc1cccc(NC(=O)c2ccc(c3ccccc3)c(c2)C#N)n1
CHEMBL1923435,3.278513,CONC(=O)c1cnc(s1)N2CCC(CC2)NC(=O)c3[nH]c(C)c(Cl)c3Cl
CHEMBL1288278,0.73999774,NC(=O)c1ccc(cc1)c2cc3c(N[C@H]4CCCNC4)ncc(C(=O)N)c3s2
CHEMBL1477,2.0476632,COCc1c(nc(C(C)C)c(\C=C\[C@@H](O)C[C@@H](O)CC(=O)O)c1c2ccc(F)cc2)C(C)C
CHEMBL50973,3.1445591,[O-][N+](=O)c1ccc2C(=O)C(=O)c3ccccc3c2c1
CHEMBL2349339,3.7964535,CCC[C@H](CO)Nc1nc(SCc2ccccc2)nc3nc(N)sc13
CHEMBL508739,3.0536754,CC(C)n1c(C)ncc1c2nc(Nc3ccc(C(=O)N(C)C)c(C)c3)ncc2F
CHEMBL129814,2.3552446,CNC(=O)C1(CCN(CC[C@H](CN(C)C(=O)c2c(OC)c(cc3ccccc23)C#N)c4ccc(Cl)c(Cl)c4)CC1)N5CCCNC5=O
CHEMBL1824375,2.0448847,Oc1cccc(NC(=O)c2ccc(OCCCN3CCCC3)cc2OCc4cccnc4)c1
CHEMBL807,-0.013424635,CC12CC3CC(C)(C1)CC(N)(C3)C2
CHEMBL2165060,1.3097603,CO[C@H]1CN(CCN2C(=O)C=Nc3ccc(OC)cc23)CC[C@@H]1NCc4cc5OCCOc5cn4
CHEMBL1209511,3.5362167,Brc1ccc(s1)S(=O)(=O)NCC(N2CCCCCC2)c3ccccc3
CHEMBL1586302,2.1113913,Cc1cc(Nc2ccc(F)cc2)nc(N)n1
CHEMBL12132,0.57014143,CC(=O)Nc1ccccn1
CHEMBL1938680,2.7852416,Clc1ccc(cc1)c2oc(cc2)C(=O)Nc3ccc(cc3)N4CCNCC4
CHEMBL802,0.9545095,Nc1cc(nc(N)[n+]1[O-])N2CCCCC2
CHEMBL2035033,2.257767,NC1(CCC1)c2ccc(cc2)c3c(ccn4ccnc34)c5ccccc5
CHEMBL322318,2.4334073,Oc1ccc(CCNCCS(=O)(=O)CCCOCCc2nccc3ccccc23)c4sc(O)nc14
CHEMBL1448393,2.5781434,CCOC(=O)c1ccccc1c2csc(NS(=O)(=O)c3ccc(Cl)cc3)n2
CHEMBL517859,2.1066658,CN1CCN(CC1)C(=O)c2cc(sc2NC(=O)N)c3ccccc3
CHEMBL388474,1.9510039,Oc1ccc(cc1)N2C(=O)c3ccccc3C2=O
CHEMBL1868114,3.5601802,COCCNc1nc(NCc2ccccc2F)c3sccc3n1
CHEMBL152676,0.117019415,Cn1cc(cc1C=O)C(=O)CCCCOc2ccc(cc2)C(=O)O
CHEMBL27759,1.0429966,Nc1ccccc1NC(=O)c2ccc(CNC(=O)OCc3cccnc3)cc2
CHEMBL2171047,2.4812105,Cc1ccc(cc1)S(=O)(=O)NC(=O)N2CCC(CC2)N3CCC(CC3)Oc4ccc(Cl)c(C)c4Cl
CHEMBL2078754,3.5202727,CN1CCC(CC1)n2cc(cn2)c3cnc(N)c(c3)c4oc5cc(F)ccc5n4
CHEMBL570002,1.9166236,C[C@H](Nc1nc(Nc2cc(C)[nH]n2)cnc1C#N)c3ncc(F)cn3
CHEMBL1950857,1.9020298,CN[C@@H](C)C(=O)N[C@H](C(=O)N[C@H]1CCCN(CCc2ccc(C)cc2)C1)C(C)(C)C
CHEMBL109205,3.0926967,CC(C)[C@@H](CN1CCCCC1)N(C)C(=O)Cc2ccc(Cl)c(Cl)c2
CHEMBL1497909,3.3375096,COc1ccc(cc1OC)C(=O)Nc2cccc(NC(=O)c3ccc(OC)c(OC)c3)n2
CHEMBL57758,3.2382002,COc1cc2ncnc(Nc3ccc(F)c(Cl)c3)c2cc1OCCN4CCCC4
CHEMBL427486,0.9339391,CC(=O)NC[C@H]1CN(C(=O)O1)c2ccc(c(F)c2)n3ccnc3
CHEMBL334167,0.3475741,CN1SC(=O)c2cc(ccc12)S(=O)(=O)N
CHEMBL1807815,0.91943336,Nc1nc(OC2CCCC2)nc3c1ncn3[C@@H]4O[C@H](CO)[C@@H](O)[C@H]4O
CHEMBL320971,1.5830495,Cc1ncsc1CCOCCCS(=O)(=O)CCNCCc2ccc(O)c3nc(O)sc23
CHEMBL1945291,1.920491,COc1ccccc1CN(C)Cc2cccc(CCNC[C@H](O)c3ccc(O)c4NC(=O)Sc34)c2
CHEMBL397192,2.974379,OC1CCN(CC1)C(=O)CN2C(=O)C(Cc3ccccc23)NC(=O)c4cc5cc(Cl)sc5[nH]4
CHEMBL1718800,2.9420362,C(Cc1nc2ccccc2[nH]1)Cc3nc4ccccc4[nH]3
CHEMBL1917442,1.9086949,Cc1ccc2c(c1)c(Sc3ccccc3Cl)c(C)n2CC(=O)O
CHEMBL59438,2.859139,Oc1ccc(cc1)c2ccc3cc(O)ccc3n2
CHEMBL2087622,4.1976485,CN1C(=O)N(CC2CC2)c3nn(Cc4ccnc5ccc(Cl)cc45)c(c6oc(cc6C)C#N)c3C1=O
CHEMBL2165057,0.7441392,CO[C@H]1CN(CCN2C(=O)C=Nc3ccc(OC)cc23)CC[C@H]1NCc4ccc5OCC(=O)Nc5n4
CHEMBL1951898,2.8834522,CCN(C1CCN(CC[C@H](N2CCN(CC2)S(=O)(=O)C(F)(F)F)c3ccccc3)CC1)C(=O)Cc4ccc(cc4)S(=O)(=O)C
CHEMBL1224069,1.5515265,NC(=O)c1cccc(O[C@H]2C[C@H]3CC[C@@H](C2)N3Cc4ccccc4)n1
CHEMBL236779,2.605383,NC1=NC(=CC(=O)N1)CCc2cccc(Br)c2
CHEMBL1363,0.53361535,COc1ccc(C[C@@H](C)NC[C@H](O)c2ccc(O)c(NC=O)c2)cc1
CHEMBL234952,3.2684932,OC[C@H](O)CN1C(=O)C(Cc2ccccc12)NC(=O)c3cc4cc(Cl)ccc4[nH]3
CHEMBL189963,1.423388,CC(=O)C1=C(C)c2cnc(Nc3ccc(cn3)N4CCNCC4)nc2N(C5CCCC5)C1=O
CHEMBL1682947,3.3708854,CC[C@H](NC(=O)c1c([S+](C)[O-])c(nc2ccccc12)c3cccc(F)c3)c4ccccc4
CHEMBL2349321,3.969574,CC(C)C[C@H](CO)Nc1nc(SCc2ccccc2)nc3NC(=O)Sc13
CHEMBL2036577,2.853744,CC(=O)N1CCN(CC1)c2ccc(NC(=O)c3oc(Nc4ccccc4F)nn3)cc2
CHEMBL359810,3.329238,CC1=C(C(=O)N(C[C@H](N)c2ccccc2)C(=O)N1Cc3c(F)cccc3F)c4ccccc4F
CHEMBL750,0.31193495,OS(=N)(=O)Cc1noc2ccccc12
CHEMBL555013,3.0434363,Clc1ccc2[nH]ccc2c1
CHEMBL327504,3.4948335,CN(C)C(=O)[C@H](Cc1ccccc1)NC(=O)c2cc3cc(F)ccc3[nH]2
CHEMBL304087,3.450889,COc1cc(NC(=O)Nc2cccc(CNC(=O)O[C@H]3CCOC3)c2)ccc1c4ocnc4
CHEMBL11348,3.2284727,CCN1C(=O)N(CC)c2[nH]c(nc2C1=O)c3ccccc3
CHEMBL2024524,2.680422,CN(C)C(=O)N[C@@H]1CC[C@@H](CCN2CCN(CC2)c3ccc(Cl)cc3)CC1
CHEMBL2171035,2.4209974,Clc1ccc(cc1)S(=O)(=O)NC(=O)N2CCC(CC2)N3CCC(CC3)Oc4ccc(Cl)c(Cl)c4
CHEMBL7728,1.3423867,CN1C(=O)NC(=O)C(C)(C2=CCCCC2)C1=O
CHEMBL1760039,3.786686,COc1cc(Nc2nccc(Oc3cnc4ccccc4c3)n2)cc(OC)c1OC
CHEMBL219916,3.196062,Clc1ccc2N(C3CCN(CCCN4C(=O)Nc5ccccc45)CC3)C(=O)Nc2c1
CHEMBL320876,1.2081966,COc1cc(cc(OC)c1O)[C@H]2[C@@H]3C(COC3=O)C(O[C@@H]4O[C@@H]5CO[C@@H](C)O[C@H]5[C@H](O)[C@H]4O)c6cc7OCOc7cc26
CHEMBL1255978,2.8559399,CC1=C(C(=O)Oc2cc(O)ccc12)c3ccc(O)cc3
CHEMBL9,-0.9458482,CCN1C=C(C(=O)O)C(=O)c2cc(F)c(cc12)N3CCNCC3
CHEMBL1951165,1.8144304,COc1cc(OC)c(cc1NC(=O)C)S(=O)(=O)N(C(C)C)c2ccccc2
CHEMBL117869,0.6324543,COC(=O)c1c(O)cccc1OC\C=C\c2ccc(F)c(c2)c3onc(c3)C(=O)O
CHEMBL48082,2.1095257,Nc1nccc(n1)c2c[nH]c3ccccc23
CHEMBL2177607,1.3873353,OC(=O)c1ccc(cc1)n2ncc(C(=O)NC3C4CC5CC(CC3C5)C4)c2C(F)(F)F
CHEMBL279416,0.2352047,Fc1ccc(cc1)c2ncn(C3CCNCC3)c2c4ccncc4
CHEMBL1829251,2.0711865,CCC(N(CCCN)C(=O)c1ccc(C)cc1)C2=Nc3ccsc3C(=O)N2Cc4ccc(OC)cc4
CHEMBL376632,3.118864,Cc1cc(nc(n1)n2ccnc2)N3CCC[C@@H]3C(=O)NCCc4ccc5OCOc5c4
CHEMBL2177603,1.227201,CC(C)c1c(cnn1c2ccc(cc2)C(=O)O)C(=O)NC3C4CC5CC(CC3C5)C4
CHEMBL2035026,2.4627192,CCn1cnc2cnc(c3ccc(cc3)C4(N)CCC4)c(c5ccccc5)c12
CHEMBL488085,2.6035151,CC(C)n1c(C)ncc1c2ccnc(Nc3ccc(cc3)C(=O)N(C)C)n2
CHEMBL207100,2.1034656,CC(C)CN1C(=O)N(C)C(=O)c2c1sc(Cc3cncc4ccccc34)c2C(=O)N5CC[C@@H](O)C5
CHEMBL49722,0.9531119,OCCNC(=O)COc1ccc(OCCNCC(O)COc2ccccc2)cc1
CHEMBL563886,2.6061807,CCc1cc(C(=O)N[C@@H](Cc2cccc(Cl)c2)C(=O)NCC#N)n(C)n1
CHEMBL487066,3.0856066,CC(C)n1c(C)ncc1c2ccnc(Nc3ccc(cc3)C(=O)NC4CC4)n2
CHEMBL2086677,3.7357483,Cc1cnccc1COc2cnc(nc2)N3CCN(CC3)C(=O)OC(C)(C)C
CHEMBL179701,2.1730938,C=CCCCCCCCCC(=O)N[C@H]1CCC(=O)NC1=O
CHEMBL1683037,2.3935308,COc1cc2nnc(C(=O)N)c(Nc3cc(C)ccc3F)c2cc1N4CCN(C)CC4
CHEMBL2208435,3.4473698,O[C@H](CNC(=O)c1cnnc2ccccc12)CN3CCC(CC3)Oc4ccc(Cl)c(Cl)c4
CHEMBL1086473,3.7813478,CCCCc1nc2c(N)nc3ccccc3c2n1Cc4ccccc4
CHEMBL484304,0.8139999,COc1ccccc1CNC(=O)NS(=O)(=O)c2ccc(Cl)cc2
CHEMBL1824377,1.3064921,Oc1cccc(NC(=O)c2ccc(OCCCN3CCCC3)cc2OCc4cscn4)c1
CHEMBL2086682,3.8103795,CC(C)(C)OC(=O)N1CCN(CC1)c2ncc(OCc3c(F)cncc3F)cn2
CHEMBL2094588,2.467052,Clc1ccc(cc1)C(=O)CN2C3=NCCN3c4ccccc24
CHEMBL2087433,0.56954324,COc1cc(C)c(c(C)c1)S(=O)(=O)N(C)CCOCC(=O)N2CCC(CC2)C3CCN(C)CC3
CHEMBL1916270,0.81247926,CCC(CC)NC(=O)c1cnn(c1NS(=O)(=O)c2ccc(cc2)c3ocnc3)c4ccccc4
CHEMBL2331738,2.3154361,CC1=CN([C@H]2CCCN(C2)S(=O)(=O)c3cccc(Oc4ccccc4)c3)C(=O)NC1=O
CHEMBL1525826,-0.6469307,COc1nccnc1NS(=O)(=O)c2ccc(N)cc2
CHEMBL1288103,2.4135268,NC(=O)c1cnc(N[C@H]2CCCNC2)c3cc(sc13)c4ccc(Cl)c(F)c4
CHEMBL1917449,-0.5328634,CC(=O)Nc1cccc2c1c(c(C)n2CC(=O)O)S(=O)(=O)c3ccc(Cl)cc3
CHEMBL2153303,2.3556325,CCCNc1nc(ccc1C(=O)NC2CCCCC2)N3CCC[C@@H](CC(=O)O)C3
CHEMBL1197102,2.6347804,NC1CCc2cc(OC(=O)c3ccccc3)c(OC(=O)c4ccccc4)cc2C1
CHEMBL1351138,1.3231349,CC(C)C(=O)Nc1ccc2C(=O)NC(=O)c2c1
CHEMBL1324,1.0268888,Cc1ccc(cc1)C(=O)c2cc(O)c(O)c(c2)[N+](=O)[O-]
CHEMBL1779008,1.7192872,COc1cc(F)ccc1c2cncc(CNC(C)C)c2
CHEMBL1917454,0.8554479,Cc1c(Oc2ccc(Cl)cc2)c3cc(F)ccc3n1CC(=O)O
CHEMBL2018969,2.1577687,COc1cccc2c1c(NS(=O)(=O)c3ccc(Cl)s3)nn2Cc4cccc(CNC(=O)C(C)(C)O)c4
CHEMBL1762178,3.187299,CC(=O)Nc1cc(CN2C(=O)N(C(=O)C2(C)C)c3ccc(SC(F)(F)F)cc3)ccn1
CHEMBL1916536,1.899685,COc1ccc2SCC(=O)N(CCN3CCC(CC3)NCc4cc5OCCOc5cn4)c2c1
CHEMBL1809202,3.3819656,COc1cc(ccc1Nc2ncc(Cl)c(n2)c3cnc4c(CO)cccn34)N5CCN(CC5)C(=O)C
CHEMBL436826,3.6523623,CCOc1ccc(cc1)N2C(=O)c3ccccc3N=C2[C@@H](C)N(Cc4cccnc4)C(=O)Cc5ccc(cc5)C(F)(F)F
CHEMBL1231,3.947019,CCN(CC)CC#CCOC(=O)C(O)(C1CCCCC1)c2ccccc2
CHEMBL405790,3.92697,Brc1ccccc1C(=O)NCC23CC4CC(CC(C4)C2)C3
CHEMBL2011943,2.5972254,COc1ccc(cc1)c2nc3c(NCCCNC(=O)C4CCCC4)c(cnc3[nH]2)C(=O)N
CHEMBL797,1.0184008,CN1C(=O)CC(C1=O)c2ccccc2
CHEMBL380979,3.067022,[O-][N+](=O)c1ccc2[nH]c(nc2c1)c3ccccn3
CHEMBL1631889,4.1846657,c1ccc(cc1)C#Cc2n[nH]c3ccccc23
CHEMBL1411716,3.3211088,CSc1ccc(cc1)C(=O)C(C)(C)N2CCOCC2
CHEMBL140689,3.0085576,CCN1C(=O)C=Cc2cnc(Nc3ccc(OC)c(OC)c3)nc12
CHEMBL473,0.98539126,CN(CCOc1ccc(NS(=O)(=O)C)cc1)CCc2ccc(NS(=O)(=O)C)cc2
CHEMBL1016,0.1698873,CCOc1nc2cccc(C(=O)O)c2n1Cc3ccc(cc3)c4ccccc4c5nnn[nH]5
CHEMBL2036751,2.1365724,CCN1CCC[C@@H](CN2CCN(CC2)C(=O)Nc3ccc(Cl)c(Cl)c3)C1
CHEMBL441550,2.933865,CC(C)N1C(=O)N(C)C(=O)c2c1sc(Cc3ccccc3C(F)(F)F)c2C(=O)N4CCS(=O)(=O)C4
CHEMBL112880,3.0568185,COc1cc(OC)cc(c1)C2=CC=C(NC(=O)OCc3ccccc3)C(=O)N2CC(=O)NC(C(C)C)C(=O)C(F)(F)F
CHEMBL206266,2.4456391,COc1cc2c(Nc3ncc(NC(=O)c4ccccc4)cn3)ncnc2cc1OCCCN5CCOCC5
CHEMBL2059377,2.8159068,CCNC(=O)c1cc2c(c(cnc2[nH]1)c3cncc(c3)C#N)n4ccc(n4)C(F)(F)F
CHEMBL1778646,-0.16383791,CCS(=O)(=O)c1ccc(c(Cl)c1)c2cc(Cl)ccc2OCC(=O)O
CHEMBL2153302,2.517682,CCCOc1nc(ccc1C(=O)NC2CCCCC2)N3CCC[C@@H](CC(=O)O)C3
CHEMBL487622,0.7196703,CNC(=O)c1ccc(cc1)c2cc(C(=O)N[C@H]3CCCNC3)c(NC(=O)N)s2
CHEMBL2086655,3.28979,CC(C)(C)OC(=O)N1CCN(CC1)c2ccc(OCc3ccc(cc3)S(=O)(=O)C)nc2
CHEMBL1418939,3.119906,COc1cnc(nc1Oc2ccc(F)cc2F)c3ccccn3
CHEMBL522892,2.949995,CN1CCN(CC1)c2ccc3nc([nH]c3c2)C4=C(N)c5c(F)cccc5NC4=O
CHEMBL2062577,3.093294,CN(C(=O)C)c1ccc2ccn(c3cc(NC4CC4)n5ncc(C#N)c5n3)c2c1
CHEMBL363462,3.0816422,COc1cc2ncnc(Nc3cc(NC(=O)c4ccnc(c4)N5CCOCC5)ccc3C)c2cc1OCCN(C(C)C)C(C)C
CHEMBL1412475,1.4836848,Cc1cc(O)nc(n1)n2nc(C)c(Oc3ccccc3O)c2C
CHEMBL567508,2.0869024,NC(=O)c1c(N)sc2CCCCc12
CHEMBL1289465,2.9924564,Fc1ccc(C2CCN(CC2)C(=O)COCc3ccncc3)c(Cl)c1
CHEMBL1426965,3.407176,FC(F)(F)c1nnc2ccc(nn12)N3CCCCCC3
CHEMBL181326,3.1801581,OCCN(C(=O)CNC(=O)c1cc2cc(Cl)ccc2[nH]1)c3ccccc3
CHEMBL184012,3.0264418,Cc1ccc(NC(=O)c2ccnc(c2)N3CCOCC3)cc1NC(=O)c4ccc(OCc5ccccn5)cc4
CHEMBL188705,3.8191266,COc1ccc(OC)c(CNc2[nH]nc3cccc(Oc4ccc(cc4)S(=O)(=O)C)c23)c1
CHEMBL212689,2.3716252,CCN(C1CCN(CC[C@H](c2ccc(cc2)S(=O)(=O)C)c3cc(F)cc(F)c3)CC1)C(=O)Cc4ccc(cc4)S(=O)(=O)C
CHEMBL221118,3.0692077,Nc1cccc(CCc2ccc3cc[nH]c3c2)n1
CHEMBL218628,1.9479465,CNc1nc2ccccc2n1Cc3sc4N(CC(C)C)C(=O)N(C)C(=O)c4c3C(=O)N5C[C@H](O)CO5
CHEMBL1471720,0.17799878,CN1CCN(CC(=O)Nc2c(cnn2c3ccccc3)C#N)CC1
CHEMBL578235,2.319979,Cc1cc(Oc2ccnc(Nc3ccc(cc3)S(=O)(=O)N)c2)c(nc1C)c4ccccn4
CHEMBL192,2.893433,CCCc1nn(C)c2C(=O)NC(=Nc12)c3cc(ccc3OCC)S(=O)(=O)N4CCN(C)CC4
CHEMBL247479,3.4193263,CN(C)CCOc1ccc(cc1)c2oc3ncnc(NC[C@@H]4CCCO4)c3c2c5ccccc5
CHEMBL682,2.9224062,CCN(CC)Cc1cc(Nc2ccnc3cc(Cl)ccc23)ccc1O
CHEMBL110855,2.399396,CCN(CCCOCCOCCc1ccccc1)CCc2ccc(O)c3nc(O)sc23
CHEMBL2036568,3.4213772,Fc1ccccc1Nc2oc(nn2)C(=O)Nc3ccc(N4CCOCC4)c(F)c3
CHEMBL181,1.1539308,CC1=NS(=O)(=O)c2cc(Cl)ccc2N1
CHEMBL1652621,2.3866084,CN(Cc1oc2ccccc2c1C)C(=O)\C=C\c3cnc4NC(=O)CCc4c3
CHEMBL2331745,2.9217818,COc1ccc(cc1Oc2cccc(Cl)c2)S(=O)(=O)N3CCC[C@@H](C3)N4C=C(C)C(=O)NC4=O
CHEMBL2181926,2.7651198,CCOC(=O)C1=C(C)NC(=C([C@H]1c2cccc3C(=O)C=C(C)Oc23)C(=O)C)C
CHEMBL1352372,2.1283221,Nc1nc2OC(COc3ccccc3)Cc2c(N)c1C#N
CHEMBL2069421,4.1222196,COc1ncc(cn1)c2cccc3OC[C@H](Cc23)NC(=O)c4ccc(OCC(F)(F)F)nc4
CHEMBL192666,3.1762984,Fc1ccc(F)c(NS(=O)(=O)c2ccc(Cl)cc2)c1
CHEMBL277863,2.1482687,COC(=O)N1CCN([C@H](CN2CCCC2)C1)C(=O)Cc3ccc(Cl)c(Cl)c3
CHEMBL1393651,3.1105561,CCN(C(=O)Nc1ccccc1)c2ccccc2
CHEMBL503605,1.8283927,Clc1ccc2[nH]c(cc2c1)C(=O)N3CCNCC3
CHEMBL2316396,3.5275507,O=C(Nc1cccnc1C(=O)NCC2CCOCC2)c3cccc4ccccc34
CHEMBL578675,2.0789738,COc1cnc(nc1NC(C)C)c2ccccn2
CHEMBL1800659,2.5943549,CCCCN(CCNCCc1ccc(O)c2NC(=O)Sc12)C(=O)CCOCCc3ccccc3
CHEMBL84158,-0.67265964,CCN(CC)CCNC(=O)c1cc(ccc1OC)S(=O)(=O)C
CHEMBL1784354,1.4769804,CC(C)(CS(=O)(=O)N1CCN(CC1)c2ccc(F)cc2)N(O)C=O
CHEMBL244521,3.2459059,CC(C)N1CCC[C@H](CN2C(=O)c3cc(ccc3N=C2C(C)C)c4ccc(F)cc4)C1
CHEMBL228739,3.24262,COCCN1CCC(Cc2ccc(cc2)C(=O)NCc3cnc(nc3NCC(C)(C)C)C#N)CC1
CHEMBL204772,1.5016148,CC(C)CN1C(=O)N(C)C(=O)c2c1sc(Cn3c(C)nc4ccccc34)c2C(=O)N5CC[C@@H](O)C5
CHEMBL1951073,1.9383678,COc1cc(OC)c(cc1NC(=O)C)S(=O)(=O)N2C(C)CCc3ccccc23
CHEMBL190354,2.0655851,Brc1ccc(s1)N2C[C@@]3(CN4CCC3CC4)OC2=O
CHEMBL295135,1.3236988,OC(=O)c1[nH]c2cc(Cl)cc(Cl)c2c1\C=C\3/CCN(C3=O)c4ccccc4
CHEMBL382435,2.7253408,CCN(C1CCN(CC[C@H](c2ccc(cc2)S(=O)(=O)C)c3cc(F)cc(Cl)c3)CC1)C(=O)Cc4ccc(cc4)S(=O)(=O)C
CHEMBL2165059,0.692531,CO[C@@H]1CN(CCN2C(=O)C=Cc3ccc(cc23)C#N)CC[C@H]1NCc4ccc5OCC(=O)Nc5n4
CHEMBL425518,2.2417347,CNC1CCN(C1)c2ccc(NC(=O)c3ccc(cc3)c4ccccc4)cn2
CHEMBL1231533,2.9332225,FC1(F)Oc2ccc(\C=C\3/SC(=O)NC3=O)cc2O1
CHEMBL2335504,2.8310819,C[C@H](NC(=O)C)c1ccc(Nc2ncc3cc(ccc3n2)c4ccncc4)cc1
CHEMBL1778617,-0.10290003,OC(=O)COc1ccc(cc1c2ccccc2)c3nccs3
CHEMBL2208431,3.5940487,O[C@H](CNC(=O)C1=NNC(=O)c2ccccc12)CN3CCC(CC3)Oc4ccc(Cl)c(Cl)c4
CHEMBL112924,1.3115972,CC(C)C(NC(=O)CN1C(=O)C(=CC=C1c2ccccc2)NC(=O)NCc3cc[n+]([O-])cc3)C(=O)C(F)(F)F
CHEMBL1456,2.3984964,COc1c(C)c2COC(=O)c2c(O)c1C\C=C(/C)\CCC(=O)OCCN3CCOCC3
CHEMBL1186433,-0.30207896,CC(=N)NCc1ccccc1
CHEMBL1460615,1.2828422,OC1CS(=O)(=O)CC1N2CCC(CC2)c3ccccc3
CHEMBL128637,1.9449748,COc1ccc2[nH]c(cc2c1)C(=O)N3CCN(C)CC3
CHEMBL1893999,2.928465,CC(C)C1NCCc2c1sc3ccccc23
CHEMBL191003,1.6219337,Nc1nc(Nc2ccc(cc2)S(=O)(=O)N)nn1C(=O)c3c(F)cccc3F
CHEMBL1458292,3.5869439,CCCCCc1ccc(cc1)c2nnc(N)s2
CHEMBL1461445,2.5487666,Cc1sc2ncnc(SCC(=O)N3CCCC3)c2c1C
CHEMBL2030957,-0.040572643,OC(=O)[C@H](Cc1cccc(OCCCNc2ccccn2)c1)NC(=O)c3c(Cl)cccc3Cl
CHEMBL1916278,0.24294293,Cc1ccc(cc1)S(=O)(=O)Nc2c(C(=O)NC3CCOCC3)c(C)nn2c4ccccc4
CHEMBL1809222,3.6751611,COc1cc(ccc1Nc2ncc(Cl)c(n2)c3cnc4cc(Cl)ccn34)N5CCN(CC5)C(=O)C
CHEMBL2158781,2.041451,Cc1cc(F)ccc1OC2CCN(CC3CCN(CC3)[C@@H](Cc4ccc(F)cc4)C(=O)O)CC2
CHEMBL1573297,2.8064919,FC(F)(F)c1nnc2ccc(NCn3nnc4ccccc34)nn12
CHEMBL2089279,0.7192582,C[C@@H]1N[S@@](=O)(=NC1=O)c2cccc(c2)c3cccc(c3)C#N
CHEMBL2153177,1.9023509,CCCSc1ncccc1C(=O)N(C)C2CCOCC2
CHEMBL897,-0.35859704,CCCN(CCC)S(=O)(=O)c1ccc(cc1)C(=O)O
CHEMBL418841,1.799768,CC(C)C(NC(=O)CN1C(=O)C(=CC=C1c2ccccc2)NC(=O)C)C(=O)C(F)(F)F
CHEMBL415,3.027604,CN(C)CCCN1c2ccccc2CCc3ccc(Cl)cc13
CHEMBL469728,2.071915,COc1ccc(N(C(C(=O)NC[C@@H](C)O)c2ccccc2F)C(=O)c3occc3Cl)c(OC)c1
CHEMBL177756,0.2907549,OC(=O)c1ccccc1C2=C3C=CC(=O)C=C3Oc4cc(O)ccc24
CHEMBL324519,0.9009801,Oc1nc2ccccc2c(O)c1c3ccccc3
CHEMBL1201212,-0.42732072,COc1ccc(OC)c(c1)C(O)CNC(=O)CN
CHEMBL2031234,1.9413548,CN1CCN(CC1)c2ccc3N=CN(C(=O)c3c2)c4cc(NC(=O)c5cccnc5)ccc4C
CHEMBL2336318,2.9532268,COc1ccc(cc1CO)c2ccc3c(nc(nc3n2)n4ccnc4)N5CCOC[C@@H]5C
CHEMBL75435,0.008857727,C[C@H](C(=O)O)c1cccc(c1)C(=O)c2ccccc2
CHEMBL2031237,1.8954232,CN1CCN(CC1)c2ccc3N=CN(C(=O)c3c2)c4cc(NC(=O)c5cncs5)ccc4C
CHEMBL454648,2.9497817,CC(C)n1c(C)ncc1c2nc(Nc3ccc(C(=O)N(C)C)c(F)c3)ncc2F
CHEMBL51776,2.6616645,COC(=O)CCC(=O)Nc1ccc2c(c1)C(=O)C(=O)c3cc(NC(=O)CCC(=O)OC)ccc23
CHEMBL1917458,0.13890004,CCS(=O)(=O)c1ccc(Oc2c(C)n(CC(=O)O)c3ccc(cc23)C(F)(F)F)cc1
CHEMBL1736016,2.8664114,O=C(NC1CCCCC1)C2CCCN(C2)S(=O)(=O)c3cccs3
CHEMBL2325733,2.149509,NC1(CCN(CC1)c2ncnc3[nH]ccc23)C(=O)NC(CS(=O)(=O)N)c4ccc(Cl)cc4
CHEMBL1180257,0.96921027,CCC(N1NC(=O)C2=C(C1=O)C(=O)c3ccc(Cl)cc3N2)c4ccncc4
CHEMBL2036732,3.3519297,O=C(Nc1ccc(nc1)N2CCOCC2)c3oc(Nc4cccc(OCc5cccnc5)c4)nn3
CHEMBL1835906,2.7848597,CCOC(=O)c1ccc(OCCC2CN(CCO2)c3ccc(C)nn3)cc1
CHEMBL2178947,1.5658364,Cc1nc(C)c(nc1C(=O)N)c2ccc3c(CC[C@@]34CC[C@H](CC(=O)O)CC4)c2
CHEMBL1779512,1.2361525,COC[C@@H](O)CN1C(=O)C=NN(C1=O)c2ccc(Cl)c(c2)C(=O)NCC3(O)CCCCCC3
CHEMBL201800,3.1181774,Nc1nc2nc(SCc3ccccc3)nc(N)c2s1
CHEMBL2010830,2.9267597,CCN(C1CCN(Cc2ccc(cc2)C(F)(F)F)CC1)C(=O)Cc3ccc(cc3)S(=O)(=O)C
CHEMBL2312113,4.0970387,COc1cc(O)c(C(CC(=O)N2CC(C)CC(C)C2)c3ccc4OCOc4c3)c(OC)c1
CHEMBL1448605,3.3407192,CCNc1nc(N)c(s1)C(=O)c2ccc(Cl)s2
CHEMBL1778637,-0.19266891,CS(=O)(=O)c1ccc(c(Cl)c1)c2cc(ccc2OCC(=O)O)C(F)(F)F
CHEMBL234524,1.7141621,Oc1ccc(cc1)N2C(=O)c3ccc(O)cc3C2=O
CHEMBL1451838,-0.045713186,C1CCC(CC1)NC2CCCCC2
CHEMBL2321995,2.9811835,CN1CC=CCC(C1)c2ccc(Cl)c(Cl)c2
CHEMBL366205,3.6073675,Oc1ccc(Br)cc1C(=O)C(=O)c2cc(Br)ccc2O
CHEMBL2011923,2.0949783,CNc1c(cnc2[nH]c(nc12)c3ccc(OCCN4CCOCC4)cc3)C(=O)N
CHEMBL274737,3.5218282,CC[C@H](CO)Nc1nc(SCc2ccccc2)nc3nc(N)sc13
CHEMBL1916289,2.1612866,C[C@H](NC(=O)c1c(C)nn(c1NS(=O)(=O)c2ccc(cc2)C(F)(F)F)c3ccc(F)cc3)C(C)(C)C
CHEMBL370387,2.8765755,Nc1nc2nc(SCc3cccc(F)c3F)nc(O)c2s1
CHEMBL558,0.5036818,CC(N)COc1c(C)cccc1C
CHEMBL403296,2.4415624,CCCCC(O)c1[nH]c2cc(C)c(cc2c1CCc3ccccc3)C(=O)O
CHEMBL1343875,3.8395681,CC(C(=O)Nc1ccc(Cl)cc1)c2ncc(cc2Cl)C(F)(F)F
CHEMBL434063,2.0501974,CN(CCOc1ccc(C[C@H](Nc2ccccc2C(=O)c3ccccc3)C(=O)O)cc1)c4ccccn4
CHEMBL102047,1.7783052,CN(C)CC(O)COc1ccc(Nc2nccc(Nc3ccccc3)n2)cc1
CHEMBL2335884,2.919529,C(CN1CCCC1)Oc2ccc(Nc3ncc4cc(ccc4n3)c5ccncc5)cc2
CHEMBL8,-0.6122699,OC(=O)C1=CN(C2CC2)c3cc(N4CCNCC4)c(F)cc3C1=O
CHEMBL319136,3.617901,CN(C)C(=O)[C@H](O)[C@H](Cc1ccccc1)NC(=O)c2cc3cc(Cl)ccc3[nH]2
CHEMBL2165058,1.0501088,CO[C@H]1CN(CCN2C(=O)C=Cc3ccc(cc23)C#N)CC[C@@H]1NCc4cc5OCCOc5cn4
CHEMBL549,1.6459811,CN(C)CCCC1(OCc2cc(ccc12)C#N)c3ccc(F)cc3
CHEMBL1950859,1.7642729,CN[C@@H](C)C(=O)N[C@H](C(=O)N[C@H]1CCCN(CCc2ccc(cc2)[N+](=O)[O-])C1)C(C)(C)C
CHEMBL413065,3.3516989,CCc1nc2c(N)nc3ccccc3c2n1CC(C)C
CHEMBL2011931,2.825616,COc1ccc(cc1)c2nc3c(NCCCNC(=O)C4CC4)c(Br)cnc3[nH]2
CHEMBL218490,0.27592945,CCN[C@H]1C[C@H](C)S(=O)(=O)c2sc(cc12)S(=O)(=O)N
CHEMBL1783280,2.9176593,CCCNC(=O)c1nnc2c(cccc2c1N)c3cnccc3OC
CHEMBL1255834,0.9421675,CC(N)Cc1c[nH]c2ccc(OCc3cccs3)cc12
CHEMBL436281,0.52800417,C1CC2(CCN1)OC(c3ccccc3)c4ccccc24
CHEMBL1809194,3.5451093,COc1cc(ccc1Nc2ncc(Br)c(n2)c3cnc4ccccn34)N5CCN(CC5)C(=O)C
CHEMBL211866,1.8822495,CCN(C1CCN(CC[C@@H](c2ccccc2)c3ccc(cc3)S(=O)(=O)C)CC1)C(=O)Cc4ccc(cc4)S(=O)(=O)C
CHEMBL831,3.0261517,CN1CCN(CC1)C2=Nc3ccccc3Oc4ccc(Cl)cc24
CHEMBL2207596,-0.3232925,COc1cc(O)c(cc1NC(=O)CCC(=O)O)S(=O)(=O)N2C(C)CCc3ccccc23
CHEMBL1994944,1.6385095,Cn1ncc2C(=O)NC(=Nc12)c3ccccc3
CHEMBL126224,2.9872155,CN(C)CCCn1c2CCCCCCc2c3ccccc13
CHEMBL242341,3.1607118,COc1ccc(cc1)C2=COc3cc(O)ccc3C2=O
CHEMBL1431859,1.4042964,NC(=O)c1cccnc1Oc2ccccc2
CHEMBL578061,3.6011982,N(c1ccccc1)c2ccnc(Nc3ccccc3)n2
CHEMBL289330,1.0980648,CCN1CCC[C@H]1CNC(=O)c2cc(Br)cc(OC)c2OC
CHEMBL1824029,0.19240856,CC(O)c1ccc2OCC(=O)N(CCN3CCC(CC3)NCc4ccc5OCC(=O)Nc5n4)c2c1
CHEMBL494480,0.91119516,CCN(CC)C(=O)c1ccc(cc1)C2=CC3(CCNCC3)Oc4cccc(O)c24
CHEMBL317629,2.341543,CN(C)CC(O)COc1ccc(Nc2nccc(Nc3cccc(Cl)c3)n2)cc1
CHEMBL1568309,1.3302854,CC(=O)Nc1ccccc1C
CHEMBL393384,1.8144474,Clc1ccc(OC2CCNCC2)cc1C(=O)NCC34CC5CC(CC(C5)C3)C4
CHEMBL2048868,1.1544024,COc1cccc(\C=C\2/SC(=O)NC2=O)c1N3CCC[C@@H](N)C3
CHEMBL1429296,3.745841,COc1ccccc1CN2C(C(=O)NC3CCC(C)CC3)c4ccccc4C2=O
CHEMBL402011,3.295109,C[C@@H](Oc1cccc2ncnc(Nc3ccc4c(cnn4Cc5ccccn5)c3)c12)C(=O)N(C)C
CHEMBL227148,1.10965,COCCNC(=O)c1cccc(CN2NC(=O)C3=C(C2=O)C(=O)c4ccc(Cl)cc4N3)c1
CHEMBL2059868,2.8646696,Cc1ccc(cc1NC(=O)c2ccc(OCc3ccccn3)cc2)c4[nH]cnc4C
CHEMBL1570112,3.3638449,CCn1c2ccccc2c3cc(NC(=O)C)ccc13
CHEMBL2011895,2.8490913,CNc1c(Br)cnc2[nH]c(nc12)c3ccc(OCCN4CCCCC4)cc3
CHEMBL1917425,2.032107,Cc1c(Sc2ccc(Cl)cc2)c3c(Cl)cccc3n1CC(=O)O
CHEMBL44326,3.6933174,Oc1cccc(c1)c2nc3ccc(O)cc3s2
CHEMBL341175,2.7101374,CN(C)C(=O)C1(CCN(CC[C@H](CN(C)C(=O)c2cc(cc3ccccc23)C#N)c4ccc(Cl)c(Cl)c4)CC1)N5CCCCC5=O
CHEMBL1224142,1.9662318,Cc1c(O[C@H]2C[C@H]3CC[C@@H](C2)N3Cc4ccccc4)cccc1C(=O)N
CHEMBL1374738,1.5374032,[O-][N+](=O)c1oc(C=NN2CCOC2=O)cc1
CHEMBL1917443,0.24338555,Cc1ccc2c(c1)c(Sc3ccc(cc3)S(=O)(=O)C)c(C)n2CC(=O)O
CHEMBL224769,3.6021671,Cc1ccc(cc1S(=O)(=O)n2ccc(n2)c3c(C)nc4ccc(Br)cn34)[N+](=O)[O-]
CHEMBL1796300,1.0305434,OC1(CCc2ccc(Oc3ccc(cc3)C(=O)NCc4ccncn4)cc2)CN5CCC1CC5
CHEMBL206229,4.4589214,CC(C)CN1C(=O)N(C)C(=O)c2c(SC(C)C)c(Cc3ccccc3C(F)(F)F)sc12
CHEMBL49,2.2116544,O=C1CC2(CCCC2)CC(=O)N1CCCCN3CCN(CC3)c4ncccn4
CHEMBL12315,1.8336728,c1ccc2cnccc2c1
CHEMBL447983,1.7395142,C[C@](N)(Cc1ccccc1)c2ccccc2
CHEMBL2030402,2.2382936,Clc1ccc2oc3C(=O)NC(=Nc3c2c1)[C@@H]4CCCN4
CHEMBL1950847,0.9556638,CN[C@@H](C)C(=O)N[C@H](C(=O)N[C@H]1CCCN(C1)S(=O)(=O)Cc2ccccc2)C(C)(C)C
CHEMBL1809055,3.3744216,COc1cc(ccc1Nc2ncc(Cl)c(n2)c3cnc4ccccn34)C(=O)N5CCOCC5
CHEMBL2335880,2.2164798,O=C(NCCN1CCCC1)c2ccc(Nc3ncc4cc(ccc4n3)c5ccncc5)cc2
CHEMBL509406,2.1712894,CC(C)n1c(C)ncc1c2nc(Nc3ccc(C(=O)NC4CCN(C)CC4)c(F)c3)ncc2F
CHEMBL2178943,1.9566184,Cc1nc(C)c(nc1C(=O)N)c2ccc([C@@H]3CC[C@@H](CC(=O)O)CC3)c(Cl)c2
CHEMBL462192,2.3494737,CC(C)n1c(C)ncc1c2nc(Nc3ccc(cc3)C(=O)N4CCCN(C)CC4)ncc2F
CHEMBL271013,3.1353104,C[C@H](CO)Nc1nc(SCc2ccccc2)nc3nc(N)sc13
CHEMBL327151,3.021559,O=C(CCc1ccncc1)Nc2ccc(cc2)C(=O)c3ccccc3
CHEMBL2086694,3.432341,C[C@@H]1CN(CCN1c2ncc(OCc3ccncc3C#N)cn2)c4noc(n4)C(F)F
CHEMBL370552,3.0680647,CCN(C1CCN(CCC(c2ccccc2)c3ccc(NC(=O)C(C)(C)C)cc3)CC1)C(=O)Cc4ccc(cc4)S(=O)(=O)C
CHEMBL24137,3.2549157,COc1cc2c(Nc3ccc(Cl)cc3F)ncnc2cc1OCCCN4CCOCC4
CHEMBL2171021,3.4142518,Cc1c(Cl)ccc(OC2CCN(CC2)C3CCN(CC3)C(=O)c4cccc(c4)S(=O)(=O)C)c1Cl
CHEMBL192307,3.7102437,CCCCc1nc2c(N)nc3ccccc3c2n1CC(C)C
CHEMBL399510,0.5189297,CCN(CC)CCNC(=O)c1cc(Br)c(N)cc1OC
CHEMBL2036743,1.6695716,OC(=O)Cc1ccc(cc1)c2ccc(NC(=O)c3oc(Nc4ccccc4F)nn3)cc2
CHEMBL1818328,1.4104109,O=S(=O)(N1CCCC1)c2ccccc2c3ccc(CNC4CCOCC4)cc3
CHEMBL2086478,2.290778,Cc1ccc(NC(=O)C=C)cc1
CHEMBL1779003,2.0581577,COc1cc(F)ccc1c2cncc(CNC3CCCC3)c2
CHEMBL32800,0.80167353,CC(Cc1ccc(O)cc1)NCC(O)c2cc(O)cc(O)c2
CHEMBL257478,3.6675653,C[C@@H](Oc1cccc2ncnc(Nc3ccc(Oc4ccc(C)nc4)c(C)c3)c12)C(=O)N(C)CCO
CHEMBL2208427,2.839839,COc1cc(ccc1N)C(=O)NC[C@@H](O)CN2CCC(CC2)Oc3ccc(Cl)c(Cl)c3
CHEMBL2011918,2.6270854,CNc1c(Br)cnc2[nH]c(nc12)c3ccc(OCCN4CCN(C)CC4)cc3
CHEMBL2,1.759249,COc1cc2nc(nc(N)c2cc1OC)N3CCN(CC3)C(=O)c4occc4
CHEMBL1478592,2.065491,Cc1c(sc2ncnc(O)c12)C(=O)Nc3ccccc3
CHEMBL1199945,3.6568332,COCC(=O)N1CCC(CC1)n2cc(cn2)c3cnc(N)c(c3)c4oc5ccccc5n4
CHEMBL14642,2.336981,CCCC(=O)C1(CCN(CC1)C(=O)[C@@H](Cc2ccc(OC)cc2)NC(=O)[C@@H](N)Cc3cncn3C)c4ccccc4
CHEMBL1951899,1.7875419,CCN(C1CCN(CC[C@H](N2CCN(CC2)S(=O)(=O)CC(F)(F)F)c3ccccc3)CC1)C(=O)Cc4ccc(cc4)S(=O)(=O)C
CHEMBL459236,3.6532302,CCN1C(=O)C=Cc2cc(COc3cc(F)cc(c3)C4(CCOCC4)OC)ccc12
CHEMBL448474,3.144589,CC(=O)OCCn1c(Sc2nc3cccc(Cl)c3s2)nc4c(N)ncnc14
CHEMBL249295,2.99407,CN1CCN(CC1)[C@@H]2C[C@@H](C2)c3nc(c4ccc5ccc(nc5c4)c6ccccc6)c7c(N)nccn37
CHEMBL455427,2.4837685,CC(C)n1c(C)ncc1c2ccnc(Nc3ccc(C(=O)N)c(F)c3)n2
CHEMBL2059378,2.1469827,CCNC(=O)c1cc2c(c(cnc2[nH]1)c3cncc(c3)C4=NNC(=O)O4)n5ccc(n5)C(F)(F)F
CHEMBL564,2.5383546,CN(C)CCCN1c2ccccc2Sc3ccccc13
CHEMBL2158780,2.4243248,Cc1cc(Cl)ccc1OC2CCN(CC3CCN(CC3)[C@@H](Cc4ccc(F)cc4)C(=O)O)CC2
CHEMBL1200147,3.2995558,Nc1ncc(cc1c2oc3ccccc3n2)c4cnn(c4)C5CCN(CC5)C(=O)CO
CHEMBL418226,2.0967515,CCc1cc(OCc2ccc(cc2)c3ccccc3c4nn[nH]n4)c5CCCCc5n1
CHEMBL2216839,4.0993423,C[C@@H]1CN(Cc2oc(nn2)c3cc(cc4[nH]ncc34)c5cccc6[nH]ccc56)C[C@H](C)O1
CHEMBL507177,2.3536582,NC(=O)Nc1sc(cc1C(=O)N2CCOCC2)c3ccccc3
CHEMBL290663,1.4390104,O=C(NCCCN1CCCCC1)C(c2ccccc2)c3ccccc3
CHEMBL471578,2.8940375,Nc1c(Nc2ccccc2)nc(nc1N3CCOCC3)C#N
CHEMBL224399,2.3719518,COc1cc(N2CCN(C)CC2)c3NC(=CC(=O)c3c1)C(=O)Nc4ccc(cc4)N5CCOCC5
CHEMBL2207805,4.5442834,O=C(NCc1occc1)c2ccc3[nH]c(COc4ccc(cc4)C56CC7CC(CC(C7)C5)C6)nc3c2
CHEMBL1831214,1.9705904,NC(=O)Nc1cc(sc1C(=O)N)c2ccccc2
CHEMBL114868,2.0903568,CC(C)C(NC(=O)CN1C(=O)C(=CC=C1c2ccccc2)NS(=O)(=O)c3cccc(NC(=O)C)c3)C(=O)C(F)(F)F
CHEMBL1314022,-0.55310845,CCN(c1ccccc1)c2cc(NC)[n+](C)c(C)n2
CHEMBL1829428,1.3773115,CCC(N(CCCN)C(=O)c1ccc(C)cc1)C2=Nc3ncccc3C(=O)N2Cc4ccccc4
CHEMBL1835919,0.20795512,Nc1ncnc2OCCN(C(=O)c12)c3ccc(cc3)[C@@H]4CC[C@@H](CC(=O)O)CC4
CHEMBL244184,3.672482,Cc1cnc(Oc2ccc(cc2)n3ccnc3)nc1Oc4ccc5OCOc5c4
CHEMBL489514,2.3794105,Cc1csc(NC(=O)c2cc(Sc3nncn3C)ccc2N)n1
CHEMBL1956129,2.8581715,C[C@@](CCc1ccc(cc1)c2ccc(Cl)cc2)(C(=O)NO)S(=O)(=O)C
CHEMBL9967,-0.06536269,CN1CCN(CC(=O)N2c3ccccc3C(=O)Nc4cccnc24)CC1
CHEMBL2171989,1.3154447,O=C(NCC#N)[C@@H]1CCCC[C@H]1C(=O)N2CCN(CC2)c3ccc(cc3)C#N
CHEMBL1337984,3.3858776,Nc1ccc2nc(sc2c1)c3ccc(O)cc3
CHEMBL2206788,3.4857101,COCCC(Oc1ncnc2c1cnn2c3ccccc3C(F)(F)F)C(=O)Nc4ccc(C)cn4
CHEMBL1946027,2.698343,CCN(C)C(=O)c1ccc(cc1)C(=C2CCN(Cc3cscn3)CC2)c4cccc5cccnc45
CHEMBL1807852,1.669703,C[C@H]1O[C@H]([C@H](O)[C@@H]1O)n2cnc3c(N)nc(OC4CC5CC5C4)nc23
CHEMBL2364611,1.8348114,Cc1cccc(n1)c2nn3CCCc3c2c4ccnc5ccc(cc45)C(=O)N
CHEMBL1493,3.291702,CC1=C(Oc2c(cccc2C1=O)C(=O)OCCN3CCCCC3)c4ccccc4
CHEMBL1916260,0.65953887,CCC(CC)NC(=O)c1cnn(c1NS(=O)(=O)C2CCCC2)c3ccccc3
CHEMBL383235,3.186688,CC[C@@H](CO)Nc1nc(SCc2ccccc2)nc3nc(N)sc13
CHEMBL6549,1.715363,Nc1nc(N)c2cc(Br)ccc2n1
CHEMBL456,-0.054960012,CCC(=C)C(=O)c1ccc(OCC(=O)O)c(Cl)c1Cl
CHEMBL1180254,1.27862,Oc1c2C(=O)N(NC(=O)c2nc3cc(Cl)ccc13)C(c4ccccc4)c5ccncc5
CHEMBL479,3.6175234,CSc1ccc2Sc3ccccc3N(CCC4CCCCN4C)c2c1
CHEMBL1933588,-0.25818014,C[C@H]1O[C@H]([C@H](O)[C@@H]1O)n2cnc3c(N)nc(OC4CCOC4)nc23
CHEMBL253741,3.185482,COc1cc(Nc2cc(Nc3c(Cl)ccc4OCOc34)ncn2)cc(OC)c1OC
CHEMBL2179290,3.5620127,CC1=CN(C2CCCN(Cc3cccc(Oc4ccc(Cl)cc4)c3)C2)C(=O)NC1=O
CHEMBL1773,0.7736335,CCCCCOC(=O)NC1=NC(=O)N(C=C1F)[C@@H]2O[C@H](C)[C@@H](O)[C@H]2O
CHEMBL476578,3.16644,CC(C)n1c(C)ncc1c2nc(Nc3ccc(cc3)N4CC[C@H](C4)NC(=O)C)ncc2F
CHEMBL2179271,0.33265674,CC[C@@H](N1CCC[C@@H](C1)N2C=C(C)C(=O)NC2=O)c3ccc(C(=O)O)c(Oc4cccc(Cl)c4)c3
CHEMBL2144380,3.4013662,COc1ccc(cc1OC)c2csc(NC(=O)c3c(C)onc3C)n2
CHEMBL2030440,1.9923013,CS(=O)(=O)Cc1cc(nc(n1)c2ccccc2)N3CCOCC3
CHEMBL2010853,2.6774082,CN([C@@H]1CCN(Cc2nc3cc(F)ccc3s2)C[C@@H]1F)C(=O)Cc4ccc(cc4)S(=O)(=O)C
CHEMBL2036777,2.1315482,CC(C)N1CCN[C@@H](CN2CCN(CC2)C(=O)Nc3ccc(Cl)c(Cl)c3)C1
CHEMBL1076330,2.6747637,Cn1cnc(c2ccccc2)c1c3nc4c(N)ncnc4s3
CHEMBL214849,2.041185,CCCN(CCO)CCCOc1cc2ncnc(Nc3cc(CC(=O)Nc4cccc(F)c4F)[nH]n3)c2cc1OC
CHEMBL437501,2.8432734,CC(C)C[C@H](N[C@@H](c1ccc(cc1)c2ccc(cc2)S(=O)(=O)C)C(F)(F)F)C(=O)NCC#N
CHEMBL181913,2.5869641,CN(C1CCN(CCC(c2ccccc2)c3ccccc3)CC1)C(=O)Cc4ccc(cc4)S(=O)(=O)N
CHEMBL2086660,3.6922317,C[C@@H]1CN(CCN1c2ncc(OCc3ccc(cc3)S(=O)(=O)C)cn2)C(=O)OC(C)(C)C
CHEMBL1223528,2.944799,CC1=CC2=NNC(=O)N2c3cc(ccc13)c4cn[nH]c4
CHEMBL2030807,-0.13511515,CNc1cccc(CCOc2ccc(C[C@H](NC(=O)c3c(Cl)cccc3Cl)C(=O)O)cc2)n1
CHEMBL1829429,0.9432008,CCC(N(CCCN)C(=O)c1ccc(C)cc1)C2=Nc3nccnc3C(=O)N2Cc4ccccc4
CHEMBL11032,1.8847895,CC(C)C(NC(=O)CN1C(=O)C(=CN=C1c2cccnc2)NC(=O)OCc3ccccc3)C(=O)C(F)(F)F
CHEMBL184817,0.88974166,OC(=O)CCn1c2ccccc2c3ccccc13
CHEMBL1388277,3.3563848,CSc1ncccc1C(=O)NCCc2ccc(Cl)cc2
CHEMBL6412,1.9075011,COc1nc(Cl)cnc1NS(=O)(=O)c2cccc3c(cccc23)N(C)C
CHEMBL1945037,1.2270014,O[C@@H](CNCCc1cccc(CNCCCc2ccccc2)c1)c3ccc(O)c4NC(=O)Sc34
CHEMBL110940,2.50329,CCCN(CCCOCCOCCc1ccccc1)CCc2ccc(O)c3nc(O)sc23
CHEMBL403225,3.6380918,C[C@H](CO)Nc1nc(SCc2cccc(Cl)c2F)nc3NC(=O)Sc13
CHEMBL20969,-0.20064807,C1CC(CCN1)c2ccccc2
CHEMBL495841,1.8589805,Nc1cccc(NS(=O)(=O)c2ccc(cc2)c3ccc(cc3)C#N)n1
CHEMBL180155,3.1655178,CS(=O)(=O)c1ccc(CC(=O)N(CC=C)C2CCN(CCC(c3ccccc3)c4ccccc4)CC2)cc1
CHEMBL385723,2.1091406,COc1cc2c(Nc3c(Cl)ccc4OCOc34)ncnc2cc1OCCCN5CCCC5
CHEMBL186720,2.464728,CN(C)CCOc1ccccc1Cc2ccccc2
CHEMBL1191,-1.4514544,Cc1nnc(NS(=O)(=O)c2ccc(N)cc2)s1
CHEMBL412142,3.652073,Cc1c[nH]c(n1)c2cnc(NCCNc3ccc(cn3)C#N)nc2c4ccc(Cl)cc4Cl
CHEMBL2059860,2.7203496,Cc1ccc(cc1NC(=O)c2ccc(OCc3ccccn3)cc2)c4c[nH]cn4
CHEMBL261713,3.2076173,ONC(=O)[C@@H](Cc1ccc2ccccc2c1)NS(=O)(=O)c3ccc4ccccc4c3
CHEMBL231450,1.4608989,COc1cc(\C=C/2\SC(=O)NC2=O)cc(OC)c1O
CHEMBL193093,2.60855,NC(=O)c1sc(cc1N)c2ccsc2
CHEMBL450061,2.7512052,CC(C)CNc1nc(nc(N2CCOCC2)c1N)C#N
CHEMBL1223456,3.4165187,CC1=CC2=NNC(=O)N2c3cc(ccc13)c4ccc(CO)cc4
CHEMBL1209656,3.2757473,Fc1ccc(cc1F)S(=O)(=O)NCC(N2CCCCCC2)c3ccccc3
CHEMBL2178284,2.7321992,CCc1cc(O)c(Oc2ccc(cc2F)C(=O)N)cc1F
CHEMBL2171015,2.3473175,Clc1ccc(OC2CCN(CC2)C3CCN(CC3)S(=O)(=O)NC(=O)c4ccccc4)cc1Cl
CHEMBL339851,2.8166206,OC(=O)c1cc2cc(ccc2n1Cc3ccc(Cl)c(Cl)c3)C(F)(F)F
CHEMBL550436,3.3169775,C[C@H](CO)N1C=Cc2c(NC(=O)Cc3ccc(Cl)c(c3)C(F)(F)F)cccc2C1=O
CHEMBL1916538,0.6869334,COc1ccc2COC(=O)N(CCN3CCC(CC3)NCc4ccc5OCC(=O)Nc5n4)c2c1
CHEMBL266128,1.0262885,Nc1ncnc2ccccc12
CHEMBL2059380,2.6811852,CCNC(=O)c1cc2c(c(cnc2[nH]1)c3cc(cnc3OC)C4=NNC(=O)O4)n5ccc(n5)C(F)(F)F
CHEMBL257006,3.1574488,C[C@H](CO)Nc1nc(SCc2cccc(F)c2F)nc3[nH]c(N)nc13
CHEMBL1573309,2.187221,CCN(CC)CCn1c2ccccc2c3cnc(N)c(C#N)c13
CHEMBL1618018,-0.8772485,CN1[C@@H]2CC[C@H]1C[C@H](C2)OC(=O)C(O)c3ccccc3
CHEMBL146855,0.8416492,C[C@H](N)COc1c(C)cccc1C
CHEMBL340978,2.2639337,CC(C(=O)O)c1ccc2oc(nc2c1)c3ccc(Cl)cc3
CHEMBL593196,3.3439546,Cn1c(CN2CCC(CC2)c3ccccc3)nc4ccccc14
CHEMBL605114,0.77817893,COc1cccc(c1OC)c2ccc(\C=C\3/SC(=S)N([C@@H](Cc4ccccc4)C(=O)O)C3=O)cn2
CHEMBL572016,3.2237344,Cc1cnc([nH]1)c2cc(NC(=O)c3ccc(nc3C)C(F)(F)F)ccc2Cl
CHEMBL134194,3.3121698,Nc1cccc(C(=O)NCC23CC4CC(CC(C4)C2)C3)c1Cl
CHEMBL470916,2.3502316,Nc1c(nc(nc1N2CCOCC2)C#N)N3CCCC3
CHEMBL1778868,1.4487376,COCCNCc1cncc(n1)c2ccc(F)cc2OC
CHEMBL256985,1.0416147,CCN1CCN(Cc2cnc(c3ccc(cc3)C(=O)Nc4ccccc4N)c(c2)C#N)CC1
CHEMBL561426,2.798375,CSc1nc(N)nc(n1)c2ccccc2
CHEMBL595134,3.103499,O=C1N=C2C(=C1C#N)c3ccc(N4CCSCC4)c5cccc2c35
CHEMBL489340,3.141647,CC1=C(C(=O)c2ccc(O)cc2O1)c3ccccc3
CHEMBL1783275,3.5984383,COc1ccc(OC)c(c1)c2c(F)ccc3c(N)c(nnc23)C(=O)NC(C)C
CHEMBL445565,1.7362971,Oc1c2ncc3ccccc3c2nn1c4ccc(Cl)cc4
CHEMBL2335895,2.9934685,CC(NC(=O)C)c1ccc(Nc2ncc3cc(ccc3n2)c4ccncc4)cc1
CHEMBL380005,2.1542902,CCN(C1CCN(CC[C@@H](c2ccc(F)cc2)c3ccc(cc3)S(=O)(=O)C)CC1)C(=O)Cc4ccc(cc4)S(=O)(=O)C
CHEMBL2036587,3.0711195,O=C(Nc1ccc(nc1)N2CCOCC2)c3oc(Nc4ccccc4)nn3
CHEMBL1381989,1.9670565,CC1(C)CNC(=O)c2sc(nc2C1)N3CCOCC3
CHEMBL1200374,3.2805738,C[C@]12CC[C@H]3[C@@H](CC(=C)C4=CC(=O)C=C[C@]34C)[C@@H]1CCC2=O
CHEMBL468970,3.0913913,Clc1ccc2OCOc2c1Nc3ccnc(Nc4cc(cc(c4)N5CCOCC5)N6CCOCC6)n3
CHEMBL1079590,3.7592425,CC(C)Cn1cnc(c2ccccc2)c1c3nc4c(N)ncnc4s3
CHEMBL487273,1.4196852,NC(=O)Nc1sc(cc1C(=O)N[C@H]2CCCNC2)c3ccccc3
CHEMBL278078,1.1961939,CCN(CC)C(=O)c1ccc(cc1)C(=C2CCNCC2)c3ccccc3OC
CHEMBL467399,1.4247535,COc1c(C)cnc(Cn2cnc3c(Cl)nc(N)nc23)c1C
CHEMBL573108,2.1018713,CC(C)(C(=O)N)C(=O)NCCCNc1nc(Nc2cccc(NC(=O)N3CCCC3)c2)ncc1Br
CHEMBL1950843,2.2233906,CN[C@@H](C)C(=O)N[C@@H](C1CCCCC1)C(=O)N(C)[C@H]2CCCN(CCc3ccccc3)C2
CHEMBL1223458,2.9270432,CC1=CC2=NNC(=O)N2c3cc(ccc13)c4ccncc4
CHEMBL486504,1.7517967,COc1cc2CC[C@H](NC(=O)C)c3cc(O)ccc3c2c(OC)c1OC
CHEMBL475817,3.1176562,Nc1ncc(NC(=O)c2cc(NC(=O)c3cccc(c3)C(F)(F)F)ccc2Cl)cc1Cl
CHEMBL698,1.9741552,CCCCNc1ccc(cc1)C(=O)OCCN(C)C
CHEMBL17860,0.84381664,CC(Oc1c(Cl)cccc1Cl)C2=NCCN2
CHEMBL1916287,0.4192295,C[C@H](NC(=O)c1c(C)nn(c1NS(=O)(=O)c2cccnc2)c3ccc(F)cc3)C(C)(C)C
CHEMBL1917456,-0.51103926,Cc1c(Oc2ccc(Cl)cc2)c3c(NS(=O)(=O)C)cccc3n1CC(=O)O
CHEMBL1078979,1.3633177,c1ccc(nc1)c2n[nH]c(n2)c3ccncc3
CHEMBL1829246,1.9687762,CCC(N(CCCN)C(=O)c1ccc(C)cc1)C2=Nc3ccsc3C(=O)N2Cc4ccccc4
CHEMBL270995,3.2558346,C[C@H](COc1cn2ncnc(Oc3ccc4[nH]c(C)cc4c3F)c2c1C)OC(=O)[C@H](C)N
CHEMBL2346968,3.4702427,Fc1ccc(CN2CCN(CC2)c3ccc4nnc(n4n3)C(F)(F)F)cc1
CHEMBL131842,0.9847187,Oc1c2C(=O)NNC(=O)c2nc3cc(Cl)cc(Cl)c13
CHEMBL339898,2.2025404,CCN(CC)C(=O)c1ccc(cc1)C(=C2CCNCC2)c3cccc(c3)C(F)(F)F
CHEMBL472151,2.786134,CC[C@H](C)[C@@H](CO)NS(=O)(=O)c1ccc(Cl)s1
CHEMBL1219,0.17505431,COCCCOc1ccnc(C[S+]([O-])c2nc3ccccc3[nH]2)c1C
CHEMBL2207282,2.3745189,NS(=O)(=O)c1ccc2C(=CNC(=O)c2c1)C(=O)NC[C@@H](O)CN3CCC(CC3)Oc4ccc(Cl)c(Cl)c4
CHEMBL2140153,3.6157565,O=C1OC(=Cc2ccccc12)c3ccccc3
CHEMBL267144,2.0562184,CC(C)[C@@H]1N(C)c2ccccc2C[C@@H](CO)NC1=O
CHEMBL170307,1.9975044,CC(=O)NCc1ccc(CN2CCN(CC2)c3ccccc3)cc1
CHEMBL14121,2.8950903,COc1ccc(CN2C(=O)NC3=C(C=C(N(CC(=O)NC(C(C)C)C(=O)C(F)(F)F)C3=O)c4ccccc4)C2=O)cc1
CHEMBL57990,2.5269074,COc1cc2ncnc(Nc3ccc(F)c(Cl)c3)c2cc1OCCCN(C)C
CHEMBL1835911,2.8633752,CCOC(=O)c1ccc(COC2CN(C2)c3ccc(C)nn3)cc1
CHEMBL1475,3.6396236,CC1=CC(=O)Oc2c(C)c3oc(C)cc3cc12
CHEMBL2036758,2.3304582,CC(C)N1CCC[C@@H](CN2CCN(CC2)C(=O)Nc3ccc(Cl)c(Cl)c3)C1
CHEMBL1272,2.1904693,CCOc1cc(CC(=O)N[C@@H](CC(C)C)c2ccccc2N3CCCCC3)ccc1C(=O)O
CHEMBL1668935,2.8958552,CS(=O)(=O)N1CCC(CC1)NC(=O)NC23CC4CC(CC(C4)C2)C3
CHEMBL1721722,2.1168225,Oc1ncnc2onc(c3ccc(F)cc3)c12
CHEMBL1917432,0.38905203,Cc1c(Sc2ccc(Cl)cc2)c3c(cccc3n1CC(=O)O)S(=O)(=O)C
CHEMBL2325738,2.4045818,NC1(CCN(CC1)c2ncnc3[nH]ccc23)C(=O)NC(CCO)c4ccc(Cl)cc4
CHEMBL1385850,-0.81142616,OC(=O)c1ccc2[nH]c(nc2c1)C(F)(F)F
CHEMBL71,3.1531258,CN(C)CCCN1c2ccccc2Sc3ccc(Cl)cc13
CHEMBL1172929,1.8992953,C[C@H]1NC(C)(C)CO[C@]1(O)c2cccc(Cl)c2
CHEMBL2325704,2.5019379,CS(=O)(=O)C1(CC1)c2cc(nc(n2)c3cccc4[nH]ccc34)N5CCOCC5
CHEMBL2178940,1.4424175,Cc1nc(C)c(nc1C(=O)N)c2ccc(cc2)[C@@H]3CC[C@@H](Cc4nnn[nH]4)CC3
CHEMBL479447,1.9567072,COc1cc2c(Nc3ccc(F)cc3F)c(cnc2cc1NCCN(C)C)C(=O)N
CHEMBL570015,2.5238366,COc1cccc(Nc2c(cnc3c(C)cc(cc23)S(=O)(=O)c4cccc(c4)C(=O)N(C)C)C(=O)N)c1
CHEMBL179242,2.3624203,O=C1C=C(N=C2N1C=Cc3ccccc23)N4CCOCC4
CHEMBL1439795,1.7426541,O=S(=O)(N1CCOCC1)c2cccc(c2)c3cn4cccnc4n3
CHEMBL1669159,3.04673,CC(C)Oc1cc(ccc1NC(=O)CN2CCOCC2)c3cccc4C(=O)C=C(Oc34)N5CCOCC5
CHEMBL112866,3.0759492,COc1ccnc(NC2CCN(CC2)C(=O)c3ccc(Cl)cc3)c1
CHEMBL523829,1.1451529,CN1CCN(CC1)C(=O)c2cccc(CC3=NNC(=O)c4ccccc34)c2
CHEMBL1950732,1.8413689,CN[C@@H](C)C(=O)N[C@@H](C1CCCCC1)C(=O)N[C@H]2CCCCN(Cc3ccccc3)C2
CHEMBL81324,1.872,Clc1ccc(cc1)C(N2CCNCC2)c3ccccc3
CHEMBL1682814,2.6084783,CC(=O)N1CCOc2nc(OCc3ccccc3)ccc12
CHEMBL2031464,2.1172512,CN1CCN(CC1)c2ccc3N=CN(C(=O)c3c2)c4cc(ccc4C)C(=O)NC5CCC5
CHEMBL2035021,2.7906537,NC1(CCC1)c2ccc(cc2)c3nc4ccccn4c3c5ccccc5
CHEMBL1302851,3.2083228,CC(C)(C)NC(=O)C(N(Cc1occc1)C(=O)c2ccc([nH]2)c3ccccc3)c4ccncc4
CHEMBL2088101,2.7529728,Cc1cc(Nc2nc(NCc3ccccn3)ncc2Br)n[nH]1
CHEMBL454,1.479146,CC(C)CC1(CC=C)C(=O)NC(=O)NC1=O
CHEMBL2312487,1.767255,CCOC(=O)C1=COc2ccccc2C1=O
CHEMBL2335888,3.07649,CN(C(=O)C)c1ccc(Nc2ncc3cc(ccc3n2)c4ccncc4)cc1
CHEMBL1916277,1.7762796,CC1CCCCC1NC(=O)c2c(C)nn(c2NS(=O)(=O)c3ccc(C)cc3)c4ccccc4
CHEMBL218468,2.2959454,CC(C)CN1C(=O)N(C)C(=O)c2c1sc(Cc3ccnc4ccc(F)cc34)c2C(=O)N5CC[C@@H](O)C5
CHEMBL1945040,1.0448023,COc1ccccc1CNCc2ccc(CCNC[C@H](O)c3ccc(O)c4NC(=O)Sc34)cc2
CHEMBL306835,2.0135777,C[C@@](O)(C(=O)Nc1ccc(cc1Cl)S(=O)(=O)NCCCO)C(F)(F)F
CHEMBL1289110,0.61544144,CN1c2ccccc2C(NCCCCCCC(=O)O)c3ccc(Cl)cc3S1(=O)=O
CHEMBL255130,2.8163042,COc1ccc(\C=C\2/SC(=S)NC2=O)cc1OC
CHEMBL2163581,1.8243287,CS(=O)(=O)c1ccc2[nH]c3CCN(Cc3c2c1)C(=O)[C@@H]4CCCC[C@H]4C(=O)NC5(CC5)C#N
CHEMBL480825,2.848967,COc1cc2ncc(C(=O)N)c(Nc3cc(F)ccc3F)c2cc1OC
CHEMBL1489611,3.2466507,Cc1cc(C)cc(c1)c2oc(SCC(=O)N3CCN(CC3)C(=O)c4occc4)nn2
CHEMBL1809197,3.2306228,COc1cc(ccc1Nc2ncc(OC)c(n2)c3cnc4ccccn34)N5CCN(CC5)C(=O)C
CHEMBL2031160,0.10623622,OC(=O)[C@H](Cc1ccc(OCCc2ccc3CCCNc3n2)cc1)NC(=O)c4c(Cl)cccc4Cl
CHEMBL2088096,3.610507,COc1cc(CCc2cc(Nc3ccnc(NCc4onc(C)c4)n3)n[nH]2)cc(OC)c1
CHEMBL2030449,0.97150636,CS(=O)(=O)Cc1cc(nc(n1)c2ccc(NS(=O)(=O)C)cc2)N3CCOCC3
CHEMBL261849,2.4871619,COc1ccc(COc2ccc(Cc3cnc(N)nc3N)cc2OC)cc1
CHEMBL349803,-0.9649167,NS(=O)(=O)c1cc(cc(N2CCCC2)c1Oc3ccccc3)C(=O)O
CHEMBL53366,1.5079951,Cc1nccn1CCC(C(=O)N)(c2ccccc2)c3ccccc3
CHEMBL1297,0.5956532,CC(C(=O)O)c1cccc(Oc2ccccc2)c1
CHEMBL1917435,0.4876238,CNC(=O)c1cccc2c1c(Sc3ccc(Cl)cc3)c(C)n2CC(=O)O
CHEMBL198750,3.9870574,O=C1C=C(Oc2c1cccc2c3cccc4c5CCCCc5sc34)N6CCOCC6
CHEMBL2335879,1.913373,CN1CCCC1CCNC(=O)c2ccc(Nc3ncc4cc(ccc4n3)c5ccncc5)cc2
CHEMBL1307677,1.9561832,CC(=O)c1noc(C)c1C(=O)Nc2nccs2
CHEMBL1809201,3.2407517,COc1cc(ccc1Nc2ncc(Cl)c(n2)c3cnc4c(N)cccn34)N5CCN(CC5)C(=O)C
CHEMBL1181881,2.1896417,O=C(N[C@@H]1CN2CCC1CC2)c3ccc(s3)c4ccccc4
CHEMBL442995,3.5868587,Cc1c(c2ccc(O)cc2)n(C)c3ccc(O)cc13
CHEMBL453655,3.0347357,CNC(=O)c1ccc(Nc2ncc(F)c(n2)c3cnc(C)n3C(C)C)cc1
CHEMBL399539,3.7164598,COC(=O)C1=C(C)NC(=C([C@@H]1c2cccc3nonc23)C(=O)OC(C)C)C
CHEMBL1779016,3.1863787,COc1cc(F)ccc1c2cncc(CNC(=O)C3CCC3)c2
CHEMBL314566,2.5402257,Oc1cc(Cl)cc(Cl)c1
CHEMBL17370,4.0331984,CSc1ccc(cc1)c2nc(c3ccc(F)cc3)c([nH]2)c4ccncc4
CHEMBL32,-0.37702203,COc1c(N2C[C@@H]3CCCN[C@@H]3C2)c(F)cc4C(=O)C(=CN(C5CC5)c14)C(=O)O
CHEMBL1683030,2.4922373,CCOc1cc2nnc(C(=O)N)c(Nc3ccc(F)cc3F)c2cc1N4CCN(C)CC4
CHEMBL1423809,2.474174,CC(=O)Nc1ccc(cc1)S(=O)(=O)Nc2ccc(Cc3ccncc3)cc2
CHEMBL1257457,2.1757436,NC(=O)c1cccc(OC2CCN(Cc3ccccc3)CC2)c1
CHEMBL1650734,2.5615466,C[C@H](Nc1nc(Nc2cc(C)[nH]n2)c(Cl)c(n1)N3CCOCC3)c4ncc(F)cn4
CHEMBL481312,1.118786,CN(C(=O)C)c1ccccc1
CHEMBL260200,1.555455,CN(C)C(=O)c1ccc(CN2CCC(CC2)c3ccc(cc3)C(=O)Nc4ccccc4N)cc1
CHEMBL107,1.366724,COC1=CC=C2C(=CC1=O)[C@H](CCc3cc(OC)c(OC)c(OC)c23)NC(=O)C
CHEMBL244522,3.7125924,CC(C)(C)c1ccc(cc1)c2n[nH]c(NC(=O)c3ccccc3Cl)c2Br
CHEMBL1683689,3.1849947,CC(C)[C@@H]1N=C(c2ccccc2)c3ccccc3NC1=O
CHEMBL2171022,1.0922239,OC(=O)COc1cccc(c1)C(=O)N2CCC(CC2)N3CCC(CC3)Oc4ccc(Cl)c(Cl)c4
CHEMBL1916535,1.0618824,O=C1COc2ccccc2N1CCN3CCC(CC3)NCc4cc5OCCOc5cn4
CHEMBL445,2.0564754,CNCCC=C1c2ccccc2CCc3ccccc13
CHEMBL639,2.73983,CN1CCCC(CC1)N2N=C(Cc3ccc(Cl)cc3)c4ccccc4C2=O
CHEMBL1170522,1.2481407,O=C(Nc1ccccc1)N2CCOCC2
CHEMBL119247,3.3303351,CCn1c2ccccc2c3cc(NC(=O)N4CCOCC4)ccc13
CHEMBL186791,3.1381667,Cc1ccc(NC(=O)c2cccc(c2)N3CCOCC3)cc1NC(=O)c4ccc(OCc5ccncc5)cc4
CHEMBL99948,2.5642886,CN(C)CC(O)COc1ccc(Nc2nccc(Nc3cc(C)ccc3Cl)n2)cc1
CHEMBL1735467,2.537965,CC(=O)Nc1cccc(OCc2cnc(Cl)s2)c1
CHEMBL403569,3.4267774,OCC(=O)N1CCC[C@H]1COc2cccc3ncnc(Nc4ccc(OCc5ccccn5)c(Cl)c4)c23
CHEMBL347164,0.7170689,COc1ccc(cc1)c2nc(nc(O)c2C#N)N3CCOCC3
CHEMBL216105,2.3433154,CN1CCC(COc2cc(OC3CCOCC3)c4c(Nc5c(Cl)ccc6OCOc56)ncnc4c2)CC1
CHEMBL325245,3.1966329,COc1cc2ncnc(NCc3ccccc3)c2cc1OC
CHEMBL1221551,3.6631055,CC(C)CN1C(=O)N(C)C(=O)c2c1sc(Cc3ccccc3C(F)(F)F)c2C(=O)N4CC=CC4
CHEMBL7568,2.441153,CCN(CC)CCCC(C)Nc1c2ccc(Cl)cc2nc3ccc(OC)cc13
CHEMBL1705098,3.567294,Cc1ccc(Oc2ccc(OCC(=O)Nc3ccncc3)cc2)cc1
CHEMBL1682808,2.5553749,Cn1cnc2cc(OC(=O)c3ccccc3)cnc12
CHEMBL108667,3.0695946,Brc1cc(Br)cc(COC[C@@H](N2CCNCC2)c3ccccc3)c1
CHEMBL817,0.16924357,Cc1ccc(cc1)S(=O)(=O)NC(=O)NN2CCCCCC2
CHEMBL32571,2.7121093,Oc1ccc(cc1)C2CC(=O)c3c(O)cc(O)cc3O2
CHEMBL1721725,2.5193303,Nc1c(c(CN2CCOCC2)nn1c3ccc(F)cc3)c4ccccc4
CHEMBL403656,2.6143239,C[C@H](CO)Nc1nc(SCc2cccc(F)c2F)nc3NC(=O)C(=Cc13)C#N
CHEMBL16687,3.3913112,Nc1nc2ccc(Cl)cc2c3nc(nn13)c4occc4
CHEMBL1916533,1.2485595,COc1ccc2ncc(F)c(CCN3CCC(CC3)NCc4ccc5OCC(=O)Nc5n4)c2n1
CHEMBL968,2.4957633,CCN(CC)CCN1C(=O)CN=C(c2ccccc2F)c3cc(Cl)ccc13
CHEMBL2035027,3.0343904,NC1(CCC1)c2ccc(cc2)c3ncc4ccccc4c3c5ccccc5
CHEMBL2338347,2.4894972,CS(=O)(=O)c1ccc(cc1Cl)[C@@H](CC2CCCC2)C(=O)Nc3cnc(cn3)[C@H](O)CO
CHEMBL1917434,1.4498444,CCN(C(=O)C)c1cccc2c1c(Sc3ccc(Cl)cc3)c(C)n2CC(=O)O
CHEMBL217904,3.209789,COc1ccc(COC(=O)N2CCC(CNc3ncccn3)CC2)cc1
CHEMBL1144,-0.69163346,CC[C@H](C)C(=O)O[C@H]1C[C@H](O)C=C2C=C[C@H](C)[C@H](CC[C@@H](O)C[C@@H](O)CC(=O)O)[C@@H]12
CHEMBL2208423,3.3334765,O[C@H](CNC(=O)c1cccc(c1)C#N)CN2CCC(CC2)Oc3ccc(Cl)c(Cl)c3
CHEMBL227198,1.2075169,CN(C)C(=O)Nc1ccc(CN2NC(=O)C3=C(C2=O)C(=O)c4ccc(Cl)cc4N3)cc1
CHEMBL572823,2.9877398,COc1cc(Nc2cc(Oc3cccnc3C)ccn2)cc(OC)c1OC
CHEMBL300663,3.688074,CCOc1ccccc1c2ccc3c(c2)C(=O)C(=O)c4ccccc34
CHEMBL1718354,2.1677516,Cc1cccc(NC(=O)NCC(N2CCOCC2)c3cccnc3)c1
CHEMBL2164684,3.1268961,Fc1ccc2c3CN(CCc3[nH]c2c1)C(=O)[C@@H]4CCCC[C@H]4C(=O)NC5(CC5)C#N
CHEMBL475387,1.8825307,CNC1=Nc2ncccc2C(=NC1c3cccs3)c4ccns4
CHEMBL1829416,1.1856208,CCC(N(CCCN)C(=O)c1ccc(C)nc1)C2=Nc3ccsc3C(=O)N2Cc4ccccc4
CHEMBL2086672,3.7998276,C[C@@H]1CN(CCN1c2ncc(OCc3ccc(cc3F)S(=O)(=O)C)cn2)C(=O)OC(C)(C)C
CHEMBL728,3.4842906,CN1CCN(CCCN2c3ccccc3Sc4ccc(Cl)cc24)CC1
CHEMBL2325984,3.5483813,NC1(CCN(CC1)c2ncnc3[nH]ccc23)C(=O)NC(c4ccccc4)c5ccc(Cl)cc5
CHEMBL2048500,2.43006,CN[C@@H](C)C(=O)N[C@@H](C1CCCCC1)C(=O)N2CCC[C@H]2C(=O)N[C@@H](C(c3ccccc3)c4ccccc4)C(=O)OC
CHEMBL1645495,3.385945,O=C1C=C(Nc2cc(Cc3ccccc3)ccc12)c4cccnc4
CHEMBL1162395,1.9573777,COc1cc(O)ccc1\C=C\2/CCCN=C2c3cccnc3
CHEMBL1783246,3.711135,CCCNC(=O)c1nnc2c(cccc2c1N)c3ccccc3
CHEMBL81624,1.95205,COc1cc(ccc1Cn2ncc3ccc(NC(=O)CC4CCCC4)cc23)C(=O)NS(=O)(=O)c5ccccc5
CHEMBL124660,3.0147998,COc1cc2c(ncnc2cc1OCCCN3CCCCC3)N4CCN(CC4)C(=O)Nc5ccc(OC(C)C)cc5
CHEMBL570135,3.3312602,CC1=CC(=O)Nc2sc(C(=O)c3ccc(Br)cc3)c(N)c12
CHEMBL50347,3.0354595,COC(=O)CCCCCCC(=O)Nc1ccc2c(c1)C(=O)C(=O)c3ccccc23
CHEMBL2207663,2.7605104,Cc1cc(Cl)ccc1OC2CCN(C[C@H](O)CNC(=O)C3=CNC(=O)C=C3C(F)(F)F)CC2
CHEMBL2177610,3.0557406,CCCSc1c(cnn1C)C(=O)NC2CCCCC2
CHEMBL1778621,-0.583446,CS(=O)(=O)c1ccc(cc1)c2cc(ccc2OCC(=O)O)C(F)(F)F
CHEMBL1255781,2.0636806,O=C(OCCN1CCCCC1)c2c[nH]c3ccccc23
CHEMBL560739,2.2920744,CO[C@H]1CN(CCCOc2ccc(F)cc2)CC[C@H]1NC(=O)c3cc(Cl)c(N)cc3OC
CHEMBL362902,2.3606555,CN(C)CC(C)(C)COc1nccc(Nc2cc(NC(=O)c3ccnc(c3)N4CCOCC4)ccc2C)n1
CHEMBL1289779,2.828529,CCc1cc2C(=NCc3nnc(C)n3c2s1)c4ccccc4Cl
CHEMBL1778618,-0.915215,OC(=O)COc1ccc(cc1c2ccccc2)C#N
CHEMBL2030436,2.2923977,CS(=O)(=O)Cc1cc(nc(n1)c2ccc3[nH]ccc3c2)N4CCOCC4
CHEMBL1089168,2.8939378,FC(F)(F)c1nn(cc1C(=O)NCCNC(=O)c2ccc(Cl)cn2)c3ccccc3
CHEMBL337962,3.6028693,CNC(=O)c1cccc(NC(=O)Nc2cccc(c2)C#N)c1CN3CCC(Cc4ccc(F)cc4)CC3
CHEMBL2325985,3.777268,NC1(CCN(CC1)c2ncnc3[nH]ccc23)C(=O)NC(Cc4ccccc4)c5ccc(Cl)cc5
CHEMBL1438047,1.4870453,Cc1oc(cc1C(=O)O)c2ccc(Cl)cc2
CHEMBL71936,3.1740177,CSc1nc2cc(Cl)ccc2[nH]1
CHEMBL2349329,3.7531614,CC(C)C[C@H](CO)Nc1nc(SCc2cccc(c2)C#N)nc3nc(N)sc13
CHEMBL2364624,2.5381553,OC(=O)C[C@@H]1CC[C@H](CC1)c2ccc(cc2)c3ccc(Nc4ccc(nc4)C(F)(F)F)cn3
CHEMBL22,0.86197543,COc1cc(Cc2cnc(N)nc2N)cc(OC)c1OC
CHEMBL1223817,-0.1280489,CN(C)C(=O)N[C@@H]1CC[C@@H](CN2[C@@H]3CC[C@H]2C[C@H](C3)Oc4cccc(c4)C(=O)N)CC1
CHEMBL1944691,1.2905959,O[C@@H](CNCCc1cccc(CNCCc2ccccc2F)c1)c3ccc(O)c4NC(=O)Sc34
CHEMBL1896341,3.222849,Cc1ccc(CNC(=O)C2CCCN2S(=O)(=O)c3ccc(F)cc3)cc1
CHEMBL2325990,1.2771904,CC(NC(=O)C1(N)CCN(CC1)c2ncnc3[nH]ccc23)c4ccc(cc4)S(=O)(=O)C
CHEMBL1000,1.1704473,OC(=O)COCCN1CCN(CC1)C(c2ccccc2)c3ccc(Cl)cc3
CHEMBL2086686,2.7487528,C[C@@H]1CN(CCN1c2ncc(OCc3ccncc3C#N)cn2)C(=O)OC(C)(C)C#N
CHEMBL2010833,2.8665128,CN(C1CCN(Cc2ccc(cc2)C(F)(F)F)CC1)C(=O)Cc3ccc(c(F)c3)S(=O)(=O)C
CHEMBL2163590,3.2702932,CCOc1cccc2c3CN(CCc3[nH]c12)C(=O)[C@@H]4CCCC[C@H]4C(=O)NC5(CC5)C#N
CHEMBL1698932,0.020589113,Oc1cc(nc2ncnn12)c3ccccc3
CHEMBL1881806,0.75209403,NC(=O)c1nnn(c1N)c2ccccc2
CHEMBL1467518,1.4927531,OC(c1ccccc1)c2cccnc2
CHEMBL2031241,2.392059,CN1CCN(CC1)c2ccc3N=CN(C(=O)c3c2)c4cc(ccc4C)C(=O)Nc5nccs5
CHEMBL467803,4.0974045,CN1C(=O)N(CC2CC2)c3nn(Cc4cn(C)c5ccc(Cl)cc45)c(c6cc(oc6C)S(=O)(=O)C)c3C1=O
CHEMBL643,2.912304,CC(CN1c2ccccc2Sc3ccccc13)N(C)C
CHEMBL1083637,3.5197096,CCc1nc2c(N)nc3ccccc3c2n1Cc4ccccc4
CHEMBL1789328,0.9867606,NCC[C@@H](Oc1ccc(Cl)cc1C#N)c2ccccc2
CHEMBL2140607,1.0959537,CCn1c(nc2c(ncc(OCC3CCCNC3)c12)C#CC(C)(C)O)c4nonc4N
CHEMBL574413,3.1265001,Cc1cc(Oc2ccnc(Nc3cccc(c3)N4CCOCC4)c2)c(nc1C)c5ccccn5
CHEMBL2158785,2.2291946,Cc1c(Cl)c(ccc1OC2CCN(CC3CCN(CC3)[C@@H](Cc4ccc(F)cc4)C(=O)O)CC2)C#N
CHEMBL625,2.4682267,c1ccc2[nH]c(nc2c1)c3cscn3
CHEMBL1952100,2.5772178,CCN(C1CCN(CC[C@H](C2CCN(CC2)S(=O)(=O)C)c3cc(Cl)cc(Cl)c3)CC1)C(=O)Cc4ccc(cc4)S(=O)(=O)C
CHEMBL257659,3.1356432,C[C@H](CO)Nc1nc(SCc2cccc(F)c2F)nc3nc(C)cnc13
CHEMBL1764,3.2817965,COc1ccc2Sc3ccccc3N(C[C@H](C)CN(C)C)c2c1
CHEMBL127066,2.6620183,Oc1nc(nc2ccccc12)c3ccccc3
CHEMBL469008,3.727725,CN1C(=O)N(CC2CC2)c3nn(Cc4ccnc5ccc(Cl)cc45)c(c6cc(oc6C)S(=O)(=O)C)c3C1=O
CHEMBL57759,3.096179,COc1cc2ncnc(Nc3ccc(F)c(Cl)c3)c2cc1OCCN(C)C
CHEMBL1184584,1.005846,NC(=N)Nc1ccc(cc1)C(=O)Oc2ccc(Cl)cc2
CHEMBL327693,2.9085693,C[C@@](O)(C(=O)Nc1ccc(cc1Cl)C(=O)N2CCCCC2)C(F)(F)F
CHEMBL397162,1.651252,CC1(CC(=O)NC(=N1)N)c2ccc(Cl)c(Cl)c2
CHEMBL178835,1.8944681,CC(C)[C@H](NC(=O)C[C@H](NC(=O)\C=C\c1ccccc1)c2ccccc2)C(=O)[C@H]3[C@H](C)C(=O)NC3=O
CHEMBL362962,0.88952446,O=C1O[C@]2(CN3CCC2CC3)CN1c4cccs4
CHEMBL214848,1.8998172,CCN(CCO)CCCOc1cc2ncnc(Nc3cc(CC(=O)Nc4cccc(F)c4F)[nH]n3)c2cc1OC
CHEMBL231835,3.3528752,OC[C@H](O)CN1C(=O)[C@H](Cc2ccccc12)NC(=O)c3cc4cc(Cl)sc4[nH]3
CHEMBL1184160,2.9676485,CC(O)C(C)OC(=O)[C@@H]1CC2C(Cc3cn(C(C)C)c4cccc2c34)N(C)C1
CHEMBL1809060,3.291436,COc1cc(ccc1Nc2ncc(Cl)c(n2)c3cnc4ccccn34)N5CC6COCC(C5)N6
CHEMBL114500,1.8720065,COc1ccnc(NC2CCN(CC2)C(=O)c3ccc(cc3)C#N)c1
CHEMBL2158790,2.8390703,Cc1c(Cl)c(Cl)ccc1OC2CCN(CC3CCN(CC3)[C@@](C)(Cc4ccc(F)cc4)C(=O)O)CC2
CHEMBL2036731,3.155868,O=C(Nc1ccc(nc1)N2CCOCC2)c3oc(Nc4cccc(OCc5ccccn5)c4)nn3
CHEMBL163711,3.050859,CC(O)(C(=O)Nc1ccc(cc1)S(=O)(=O)Nc2ccccc2)C(F)(F)F
CHEMBL245180,3.6479821,CNc1nc2nc(SCc3cccc(F)c3F)nc(N[C@H](C)CO)c2s1
CHEMBL85752,3.9814386,CC(C)CN1C(=O)N(C)C(=O)c2c(SCCCO)n(Cc3cccc4ccccc34)cc12
CHEMBL325713,1.1967211,CC(C)C(NC(=O)CN1C(=O)C(=CC=C1c2ccccc2)NC(=O)CN3C(=O)CCC3=O)C(=O)C(F)(F)F
CHEMBL1940308,1.4411309,CN1CCC(CC1)NC(=O)c2ccc(Oc3ccc(cc3)C#C[C@]4(O)CN5CCC4CC5)cc2
CHEMBL521407,2.8714457,CN1CCN(CC1)c2ccc3ncc(C(=O)N)c(Nc4ccc(Cl)cc4Cl)c3c2
CHEMBL1945289,0.9711108,COc1ccc(CNCc2cccc(CCNC[C@H](O)c3ccc(O)c4NC(=O)Sc34)c2)cc1
CHEMBL1950850,2.0961459,CN[C@@H](C)C(=O)N[C@@H](C1CCCCC1)C(=O)N[C@H]2CCCN(CCc3ccc(F)cc3)C2
CHEMBL26456,1.443846,COc1cc2c(Nc3ccc(Cl)cc3F)ncnc2cc1OCC4CCNCC4
CHEMBL2326470,0.41257095,Nc1nc2cc3CCN(Cc4cnc[nH]4)CCc3cc2s1
CHEMBL199118,3.513574,CCN(C1CCN(CCC(c2ccccc2)c3ccc(NC(=O)Cc4ccccc4)cc3)CC1)C(=O)Cc5ccc(cc5)S(=O)(=O)C
CHEMBL2316381,3.924511,FC(F)(F)CCS(=O)(=O)Oc1ccc(NC(=O)c2ccc(Cn3ccnn3)c4ccccc24)c(n1)C(=O)NCC5CCOCC5
CHEMBL1428115,1.8004315,CC(CC(=O)NCc1ccccc1)C2CCCO2
CHEMBL1950723,1.7790744,CN[C@@H](C)C(=O)N[C@@H](C1CCCCC1)C(=O)N[C@H]2CCN(CCCc3ccccc3)C2
CHEMBL225364,2.5699043,CNc1cc(nc2c(cc(OC)cc12)N3CCN(C)CC3)C(=O)Nc4ccc(cc4)N5CCOCC5
CHEMBL2062579,2.9783669,CS(=O)(=O)Cc1ccc2ccn(c3cc(NC4CC4)n5ncc(C#N)c5n3)c2c1
CHEMBL294286,3.1223714,CCn1c2ccccc2c3cc(NC(=O)CN(C)C)ccc13
CHEMBL245908,1.0438106,OC(=O)COc1ccc(Cl)cc1C2CCCCC2
CHEMBL64941,3.650159,Oc1ccc2[nH]c(CN3CCC(Cc4ccc(F)cc4)CC3)nc2c1
CHEMBL380648,0.544906,Fc1ccc(CC2=NNC(=O)c3ccccc23)cc1C(=O)N4CCCNCC4
CHEMBL2087858,3.4474065,Cn1cc(cc1c2c3C(=O)N(CC#N)C(=O)N(CC4CC4)c3nn2Cc5ccnc6ccc(Cl)cc56)C#N
CHEMBL1587607,2.713471,Clc1ccccc1NC(=O)c2cc[nH]n2
CHEMBL179858,3.4973998,CN(C)S(=O)(=O)c1ccc(CC(=O)N(C)C2CCN(CCC(c3ccccc3)c4ccccc4)CC2)cc1
CHEMBL2335903,3.2895098,C[C@@H](NC1=CC(=O)CCC1)c2ccc(Nc3ncc4cc(ccc4n3)c5ccncc5)cc2
CHEMBL2042442,2.4953346,O=C1C=C(Nc2ccccc12)c3occc3
CHEMBL2326476,2.4595704,Nc1nc2cc3CCN(Cc4ccccc4)CCc3cc2s1
CHEMBL1784346,2.348958,Cc1onc(C)c1CCC2CCN(CC2)S(=O)(=O)CC3(CCC(F)(F)CC3)N(O)C=O
CHEMBL325093,2.023947,Oc1ccc(CCNCCCNS(=O)(=O)CCOCc2cccc3ccccc23)c4sc(O)nc14
CHEMBL89786,3.4526553,c1ccc(cc1)c2ccc3ccccc3n2
CHEMBL2164673,0.7837994,O=C(NCC#N)[C@@H]1CCCC[C@H]1C(=O)N2CCC=CC2
CHEMBL279250,1.7058405,CNS(=O)(=O)NC1=CC=C(N(CC(=O)NC(C(C)C)C(=O)C(F)(F)F)C1=O)c2ccccc2
CHEMBL341876,0.9947648,O=S(=O)(NCCNc1ncccn1)c2cccc3cnccc23
CHEMBL1783112,1.8985246,COc1ccc2nc(C)cc(c2c1)n3cc(CNC(=O)C)nn3
CHEMBL2169920,2.36544,Oc1ccc(CCNCCN(C2CCCCC2)C(=O)CCNCCc3ccc(Cl)c(Cl)c3)c4OCC(=O)Nc14
CHEMBL1082983,2.4796493,CCCCc1nc2c(N)nc3ccccc3c2n1CC(C)(C)O
CHEMBL397237,3.3289459,C[C@H](CO)Nc1nc(SCc2cccc(F)c2F)nc3nc(N)sc13
CHEMBL1209820,3.6169825,CCCS(=O)(=O)c1ccc(cc1)C(CNS(=O)(=O)c2ccc(cc2)C(F)(F)F)N3CCCCCC3
CHEMBL282625,1.7972282,NC(=N)c1cc2c(\C=C\c3ccc4OCOc4c3)cccc2s1
CHEMBL2158816,2.20436,OC(=O)C(N1CCCC(CN2CCC(CC2)Oc3ccc(Cl)c(Cl)c3)C1)c4ccccc4
CHEMBL260488,0.59239495,CCOC(=O)c1cc(O)c(nn1)c2ccccc2
CHEMBL2144949,2.0911524,c1ccc2c(c1)nnn2c3ccncc3
CHEMBL1957851,2.6879675,Cc1cccc(CN2C=CN3C(=O)C=C(N=C23)N4CCOCC4)c1
CHEMBL2205493,0.8046025,Nc1nc(O)cc(n1)c2ccc(O)cc2
CHEMBL168418,3.1887736,O=C(NCc1ccccc1)c2cccnc2Oc3ccccc3
CHEMBL474830,2.1649406,CC(C)CNc1nc(nc(N2CC(O)C2)c1N)C#N
CHEMBL1715438,1.0021946,CN(C)C(=O)N1CCC(CC1)C(=O)NCc2cccs2
CHEMBL1762542,2.664782,CN(c1ccnc(Nc2cc(cc(c2)C(=O)N3CCOCC3)N4CCOCC4)n1)c5cc(CO)ccc5C
CHEMBL1209657,3.6758008,Fc1ccc(cc1Cl)S(=O)(=O)NCC(N2CCCCCC2)c3ccccc3
CHEMBL360106,3.796484,CCN(C1CCN(CCC(c2ccccc2)c3ccccc3)CC1)C(=O)Cc4ccc(cc4)[N+](=O)[O-]
CHEMBL196516,2.8828766,Clc1ccc(cc1)c2c[nH]nn2
CHEMBL2335907,3.0651984,COc1cc(cc2cnc(Nc3ccc(cc3)[C@@H](C)NC(=O)C)nc12)c4ccncc4
CHEMBL84597,3.7662516,CC(C)N1C(=O)N(C)C(=O)c2cn(Cc3cccc4ccccc34)cc12
CHEMBL1088030,2.6869476,C[C@H](Nc1nc(Nc2ncc(C)s2)cc(n1)N3CCOCC3)c4ncc(F)cn4
CHEMBL258176,1.4577951,CC(C)N1CCN(Cc2cnc(c(C)c2)c3ccc(cc3)C(=O)Nc4ccccc4N)CC1
CHEMBL723,2.7801707,COc1ccccc1OCCNCC(O)COc2cccc3[nH]c4ccccc4c23
CHEMBL2035017,3.2453866,NC1(CCC1)c2ccc(cc2)c3nc4ccccc4cc3c5ccccc5
CHEMBL2177605,1.4204489,OC(=O)c1ccc(cc1)n2ncc(C(=O)NC3C4CC5CC(CC3C5)C4)c2C6CCC6
CHEMBL606052,1.6690199,O=C1Nc2cc(ccc2C1c3ncnc4cc(OCCCN5CCOCC5)ccc34)C#N
CHEMBL91023,3.5868447,CC(C)(C)C(=O)NCc1ccc(NC(=O)N2CCCC(O)(C2)c3ccc(Cl)c(Cl)c3)cc1
CHEMBL513909,3.0541456,CC[C@H]1N(C2CCCC2)c3nc(Nc4ccc(cc4OC)C(=O)NC5CCN(C)CC5)ncc3N(C)C1=O
CHEMBL113690,3.0747008,CCCCn1c(Cc2cc(OC)c(OC)c(OC)c2)nc3c(N)ncnc13
CHEMBL598191,1.3588896,NC(=N)c1cc2c(OCc3ccccc3)cccc2s1
CHEMBL207881,1.9617561,OC(=O)CCc1ccc(NCc2cccc(Oc3ccccc3)c2)cc1
CHEMBL274713,3.686602,CCCSc1nc(N[C@@H]2C[C@H]2c3ccccc3)c4nnn([C@@H]5C[C@H](OCCO)[C@@H](O)[C@H]5O)c4n1
CHEMBL488937,3.009853,Cc1c(N)cccc1CN2C=CC(=CC2=O)OCCc3cccs3
CHEMBL185328,2.912528,Cc1ccc(NC(=O)c2ccnc(c2)N3CCOCC3)cc1Nc4ccnc(Cl)n4
CHEMBL1083942,1.8986894,OC(=O)C[C@H]1[C@@H](Cc2ccccc12)NC(=O)c3cc4cc(Cl)ccc4[nH]3
CHEMBL2171017,3.5358498,COc1ccc(cc1Cl)C(=O)NCCN2CCN(Cc3ccc(Cl)c(Cl)c3)CC2
CHEMBL1945041,1.7244229,O[C@@H](CNCCc1cccc(CNCc2ccccc2Cl)c1)c3ccc(O)c4NC(=O)Sc34
CHEMBL1419,3.608245,CC(C)CC(N(C)C)C1(CCC1)c2ccc(Cl)cc2
CHEMBL2088100,3.4684396,Cc1cc(CNc2nccc(Nc3cc(CCc4ccccc4)[nH]n3)n2)on1
CHEMBL1223951,1.3904698,NC(=O)c1cccc(O[C@@H]2C[C@H]3CC[C@@H](C2)N3Cc4ccccc4)c1
CHEMBL84803,3.5536966,COc1cc(Nc2c(cnc3cc(OC)c(OC)cc23)C#N)cc(OC)c1
CHEMBL497854,3.6074991,Cc1cc(CNc2ncc(Br)c(Nc3cc([nH]n3)C4CC4)n2)on1
CHEMBL404422,0.48263967,CCCCC1(CC)C(=O)NC(=O)NC1=O
CHEMBL377772,2.6353583,COc1cc2ncnc(Nc3cccc(Cl)c3F)c2cc1CN4CCC[C@H]4CC(=O)N
CHEMBL93173,3.6144938,COc1cc2ncnc(NCc3cccc(C)c3)c2cc1OC
CHEMBL2022881,1.3564267,COc1ccc(cc1)c2cc(O)nc(N)n2
CHEMBL194102,2.0891366,OC(=O)c1ccc(NC(=O)c2cc(OCc3ccccc3)cc(OCc4ccccc4)c2)nc1
CHEMBL233658,3.3732855,OCC(CO)CN1C(=O)C(Cc2ccccc12)NC(=O)c3cc4cc(Cl)ccc4[nH]3
CHEMBL402548,1.9706198,CO[C@@H](C(=O)N1Cc2n[nH]c(NC(=O)c3ccc(cc3)N4CCN(C)CC4)c2C1)c5ccccc5
CHEMBL1951909,1.8659703,CCN(C1CCN(CC[C@H](N2CCN(CC2)S(=O)(=O)C)c3cc(F)cc(F)c3)CC1)C(=O)Cc4ccc(cc4)S(=O)(=O)C
CHEMBL148313,2.753066,Cc1ccc(cc1)S(=O)(=O)Nc2ccc(\C=C\C(=O)Nc3ccccc3N)cc2
CHEMBL1289466,3.2387378,Clc1ccc(C2CCN(CC2)C(=O)COCc3ccncc3)c(Cl)c1
CHEMBL1800658,2.4133844,CC(C)N(CCNCCc1ccc(O)c2NC(=O)Sc12)C(=O)CCOCCc3ccccc3
CHEMBL822,3.0734253,CN(C\C=C\C#CC(C)(C)C)Cc1cccc2ccccc12
CHEMBL1620331,2.7934299,CCOc1ccc(cc1)c2cnc3CCCn23
CHEMBL2164679,3.2281182,C[C@@H](NC(=O)[C@@H]1CCCC[C@H]1C(=O)N2CCc3[nH]c4ccc(F)cc4c3C2)C#N
CHEMBL2098183,2.9368954,COc1ccc2nc(C)cc(OCC(=O)NCc3ccccc3)c2c1
CHEMBL274567,1.7578809,CNC1=CN=C(N(CC(=O)NC(C(C)C)C(=O)C(F)(F)F)C1=O)c2ccc(F)cc2
CHEMBL2062585,0.83228934,CC(=O)Nc1ccc2c(c1)c(cn2CCC(=O)O)c3cc(NC4CC4)n5ncc(C#N)c5n3
CHEMBL179993,3.6248078,CCN(C1CCN(CCC(c2ccccc2)c3ccccc3)CC1)C(=O)Cc4ccc(cc4)S(=O)(=O)N(C)C
CHEMBL1213118,3.303544,CN1CCN(CC1)c2nc3ccccc3cc2Cn4nc(c5ccc6nc(N)sc6c5)c7c(N)ncnc47
CHEMBL2321985,2.101836,Oc1cccc2ccc(nc12)C#N
CHEMBL2335866,3.12246,COCCNC(=O)c1ccc(Nc2ncc3cc(ccc3n2)c4ccncc4OC)cc1
CHEMBL1630742,0.5303316,NCCCCCc1c[nH]c2ccc(F)cc12
CHEMBL496942,2.4773026,CN1C(=O)N(Cc2ccc(cc2)C(=O)O)C(=O)c3cc(ccc13)C#CCc4ccccc4
CHEMBL130902,3.5061224,COc1c(cc2ccccc2c1C(=O)N(C)C[C@@H](CCN3CCC(CC3)c4ccc(O)cc4[S+](C)[O-])c5ccc(Cl)c(Cl)c5)C#N
CHEMBL113,-0.12767339,CN1C(=O)N(C)c2ncn(C)c2C1=O
CHEMBL407848,3.1947503,Cn1c(ccc1c2cc(F)c3NC(=O)C(C)(C)c3c2)C#N
CHEMBL317378,2.3971496,CN(C)CC(O)COc1ccc(Nc2cc(ncn2)N(CCC#N)c3cc(Cl)ccc3Cl)cc1
CHEMBL560423,0.29662502,OC1(CNC(=O)c2cc(ccc2Cl)N3N=CC(=O)NC3=O)CCCCCC1
CHEMBL31354,3.571667,COc1ccccc1N2CCN(CCN(C(=O)C3CCCCC3)c4ccccn4)CC2
CHEMBL223402,3.5761523,Fc1ccccc1NC(=O)N[C@H]2N=C(c3ccccc3)c4ccccc4NC2=O
CHEMBL2179273,0.67294514,CCC[C@@H](N1CCC[C@@H](C1)N2C=C(C)C(=O)NC2=O)c3ccc(C(=O)O)c(Oc4cccc(Cl)c4)c3
CHEMBL374656,3.2678816,CN(C)C(=O)[C@H](Cc1ccccc1)NC(=O)c2cc3sccc3[nH]2
CHEMBL309222,-0.031766653,Cc1cccc(Br)c1C(=O)N[C@@H](Cc2ccc(NC(=O)c3c(Cl)cccc3Cl)cc2)C(=O)O
CHEMBL429682,1.4150906,C[C@H](CO)Nc1nc(SCc2cccc(F)c2F)nc3nc(NS(=O)(=O)C)sc13
CHEMBL2178370,1.9008003,Cc1nc(C)c(nc1C(=O)N)c2ccc3c(CC[C@@]34CC[C@@H](CC4)c5nnn[nH]5)c2
CHEMBL496483,4.0732317,Brc1cnc(NCc2ccccc2)nc1Nc3cc([nH]n3)C4CC4
CHEMBL550637,2.2587461,Cc1ccc(cc1NC(=O)CC23CC4CC(CC(C4)C2)C3)C(=O)N5CC6CNCC(C5)O6
CHEMBL650,1.9008247,C[C@H]1C[C@H]2[C@@H]3CC[C@](O)(C(=O)CO)[C@@]3(C)C[C@H](O)[C@@H]2[C@@]4(C)C=CC(=O)C=C14
CHEMBL1087268,2.8563128,C[C@H](Nc1nc(Nc2ncc(C)s2)cc(n1)N3CCN(C)CC3)c4ccc(F)cn4
CHEMBL1269858,3.0714817,CN(c1ccnc(Nc2cc(cc(c2)N3CCOCC3)N4CCOCC4)n1)c5cccc6[nH]ncc56
CHEMBL202626,3.549725,Fc1ccccc1NC(=O)NC2N=C(c3ccccc3)c4ccccc4NC2=O
CHEMBL237891,2.2378657,CN1C(=O)C=C(CCc2ccc3cc[nH]c3c2)N=C1N
CHEMBL1567398,3.7171674,CC1=C(Cc2ccccc2)C(=O)n3nc(NCc4cccc(Cl)c4)nc3N1
CHEMBL1580660,2.5763476,Clc1ccc(Cl)c(c1)S(=O)(=O)Nc2nc(cs2)c3sccc3Cl
CHEMBL480057,2.761033,COc1cc2ncc(C(=O)N)c(Nc3ccccc3C)c2cc1OC
CHEMBL1080786,1.3179123,N[C@@H](Cc1cccs1)C(=O)N[C@]2(C[C@H]2c3ccccc3)C#N
CHEMBL424451,4.1613727,COc1ccc(C)c(NC(=O)CC23CC4CC(CC(C4)C2)C3)c1
CHEMBL2179287,3.083912,CC1=CN(C2CCCN(Cc3cccc(Oc4ccccc4)c3)C2)C(=O)NC1=O
CHEMBL1824363,2.94028,Oc1cccc(NC(=O)c2ccc(OCCCN3CCCC3)cc2OCc4ccccc4)c1
CHEMBL2335906,2.4413574,C[C@@H](NC1=CC(=O)CNC1)c2ccc(Nc3ncc4cc(ccc4n3)c5ccncc5)cc2
CHEMBL1681799,3.3255343,CN1CCOc2cc(COc3ccccc3)cnc12
CHEMBL2207661,3.2064316,O[C@H](CNC(=O)c1c[nH]nc1C2CC2)CN3CCC(CC3)Oc4ccc(Cl)c(Cl)c4
CHEMBL2062774,4.219227,CCOc1noc2cc(OCCC3CCN(CC3)c4ccc(C)nn4)ccc12
CHEMBL1829257,0.4231435,CCC(N(CCCN)C(=O)c1ccc(C)cc1)C2=Nc3ccsc3C(=O)N2Cc4cscn4
CHEMBL1933592,1.6964786,C[C@H]1O[C@H]([C@H](O)[C@@H]1O)n2cnc3c(N)nc(OC4CCC(F)(F)CC4)nc23
CHEMBL1944690,1.8299187,O[C@@H](CNCCc1cccc(CNCCc2ccccc2Cl)c1)c3ccc(O)c4NC(=O)Sc34
CHEMBL419951,3.5145445,CC(C)n1c2ccccc2c3cc(NC(=O)N4CCOCC4)ccc13
CHEMBL524645,3.353589,CC(C)Oc1ccc(cc1C(=O)N2CCN(CC2)c3ccc(cc3)C(F)(F)F)S(=O)(=O)C
CHEMBL1950727,1.759018,CN[C@@H](C)C(=O)N[C@@H](C1CCCCC1)C(=O)N[C@H]2CCCN(Cc3ccccc3)C2
CHEMBL463978,0.6914437,CN1CCN(CC1)C(=O)Cc2csc(NS(=O)(=O)c3cccc(Cl)c3C)n2
CHEMBL103482,0.9840065,CCOC(=O)c1cnc2c(N)cccc2c1O
CHEMBL1762538,3.244069,CN(c1ccnc(Nc2cc(cc(c2)N3CCOCC3)N4CCCOCC4)n1)c5cc(CO)ccc5C
CHEMBL54976,-1.1082022,N[C@@H](Cc1c[nH]c2ccccc12)C(=O)O
CHEMBL73303,2.5644555,NS(=O)(=O)c1ccc(Nc2nccc(n2)c3cnc4ccccn34)cc1
CHEMBL1951079,-0.5596316,COc1cc(OC)c(cc1NC(=O)CCC(=O)O)S(=O)(=O)N2C(C)CCc3ccccc23
CHEMBL1643203,1.606416,Cc1cc(CN2Cc3cccnc3CC2C(=O)Nc4ccc(Cl)cc4Cl)ccc1OCC(=O)O
CHEMBL2069929,1.5873523,C1CN2CCC1C(C2)c3oc(nn3)c4oc(cc4)c5cccnc5
CHEMBL2069324,3.258484,O=C(NC1(CC1)C#N)[C@@H]2CCCC[C@H]2C(=O)N3CCN(CC3)c4nc(cs4)c5ccccc5
CHEMBL2012857,2.5748272,NC1=CC2=NNC(=O)N2c3cc(ccc13)c4ccsc4
CHEMBL363160,3.0973437,CCc1cccc(CC)c1NC(=O)N2Cc3[nH]nc(NC(=O)c4ccc(cc4)N5CCN(C)CC5)c3C2
CHEMBL455429,2.74564,CC(C)n1c(C)ncc1c2nc(Nc3ccc(C(=O)N)c(F)c3)ncc2F
CHEMBL586058,3.2210302,[O-][N+](=O)c1cc(C(=O)NCC=C)c2N=C(Nc3ccc(Cl)c(Cl)c3)NC(=O)c2c1
CHEMBL1720835,2.9782193,c1ccc(cc1)c2cn3ccccc3n2
CHEMBL1823817,1.2702858,COC[C@H](O)CN1C(=O)C=NN(C1=O)c2ccc(Cl)c(c2)C(=O)NCC3(O)CCCCCC3
CHEMBL336546,3.6046422,FC(F)(F)c1cc(NC(=O)c2cnc(Cl)nc2C(F)(F)F)cc(c1)C(F)(F)F
CHEMBL1201391,1.9117241,CCC(C)(C)C(=O)O[C@H]1C[C@@H](C)C=C2C=C[C@H](C)[C@H](CC[C@@H](O)C[C@@H](O)CC(=O)O)[C@@H]12
CHEMBL1223816,1.5334295,NC(=O)c1cccc(O[C@H]2C[C@H]3CC[C@@H](C2)N3CC4CCCCC4)c1
CHEMBL81,3.5296183,Oc1ccc(cc1)c2sc3cc(O)ccc3c2C(=O)c4ccc(OCCN5CCCCC5)cc4
CHEMBL2158822,2.4750876,OC(=O)c1ccccc1N2CCC(CN3CCC(CC3)Oc4ccc(Cl)c(Cl)c4)CC2
CHEMBL182682,3.6573234,COc1ccc(CC(=O)N(C)C2CCN(CCC(c3ccccc3)c4ccccc4)CC2)cc1OC
CHEMBL255244,1.3375152,CCN1CCN(Cc2cnc(c(C)c2)c3ccc(cc3)C(=O)Nc4ccccc4N)CC1
CHEMBL1829430,1.6469095,CCC(N(CCCN)C(=O)c1ccc(C)cc1)C2=Nc3snc(C)c3C(=O)N2Cc4ccccc4
CHEMBL1454596,1.5752453,CCOC(=O)Cc1csc(NS(=O)(=O)c2ccc(Cl)cc2)n1
CHEMBL1113,2.106989,Clc1ccc2Oc3ccccc3N=C(N4CCNCC4)c2c1
CHEMBL528724,0.63829684,Cc1cc2nc(NC(=N)N)nc(C)c2cc1C
CHEMBL2158051,1.7645425,CN[C@@H](C)C(=O)N[C@H]1CN(CC[C@H]2CC[C@H](N2C1=O)C(=O)NC(c3ccccc3)c4ccccc4)C(=O)CC(C)C
CHEMBL551060,1.9599987,Cc1nc(C)c(s1)C(=O)N[C@@H](Cc2cccc(Cl)c2)C(=O)NCC#N
CHEMBL1619466,2.8356636,COc1ccc(cc1)c2nc3CCCn3c2Br
CHEMBL2158771,2.3248115,OC(=O)[C@H](Cc1ccc(cc1)C#N)N2CCC(CN3CCC(CC3)Oc4ccc(Cl)c(Cl)c4)CC2
CHEMBL51697,1.9898499,CN1C[C@@H](c2ccccc2)c3cccc(N)c3C1
CHEMBL67860,3.0319767,Cn1c(ccc1c2ccc3NC(=O)OC(C)(C)c3c2)C#N
CHEMBL38576,3.363269,CN([C@H](CN1CCCC1)c2ccccc2)C(=O)Cc3ccc(Cl)c(Cl)c3
CHEMBL118973,3.5941963,Cn1c2ccccc2c3cc(NC(=O)CCc4ccncc4)ccc13
CHEMBL1645496,2.5057545,OC(c1ccccc1)c2ccc3C(=O)C=C(Nc3c2)c4cccnc4
CHEMBL1164729,0.8769984,CC(C)COc1ccc(cc1C#N)c2nc(C)c(s2)C(=O)O
CHEMBL1945042,1.1661723,O[C@@H](CNCCc1cccc(CNCc2ccccc2F)c1)c3ccc(O)c4NC(=O)Sc34
CHEMBL235753,2.4327128,CN1C(=O)C=C(CCc2cccc(c2)c3cccnc3)N=C1N
CHEMBL257553,2.7799017,NS(=O)(=O)c1cccc(Nc2nccc(Nc3c(Cl)ccc4OCOc34)n2)c1
CHEMBL335749,2.4879992,CC(=O)NC[C@H]1CN(C(=O)O1)c2ccc(N3Cc4ccncc4C3)c(F)c2
CHEMBL1397672,3.7513814,CC1=C(Cc2ccccc2)C(=O)n3nc(NCc4cccc(Br)c4)nc3N1
CHEMBL1785015,3.3726978,CC(C)n1nc(c2ccc(C)cc2)c3c(N)ncnc13
CHEMBL1682826,3.1070752,O=C1CCOc2nc(OCc3ccccc3)ccc12
CHEMBL1783271,3.5608253,COc1ccc(OC)c(c1)c2c(F)ccc3c(N)c(nnc23)C(=O)NC4CC4
CHEMBL2036775,2.731139,CC(C)N1CCO[C@@H](CN2CCN(CC2)C(=O)Nc3ccc(Cl)c(Cl)c3)C1
CHEMBL1950853,1.4627831,CN[C@@H](C)C(=O)N[C@H](C(=O)N[C@H]1CCCN(CCc2cccc(OC)c2)C1)C(C)(C)C
CHEMBL510436,2.683042,CC(C)n1c(C)ncc1c2ccnc(Nc3ccc(C(=O)N(C)C)c(F)c3)n2
CHEMBL2158838,3.0158868,OC(=O)[C@H](Cc1ccc(Cl)cc1)N2CCC(CN3CCC(CC3)Oc4ccc(Cl)c(Cl)c4)CC2
CHEMBL59925,1.1263365,Cc1cc(C)nc(N)c1
CHEMBL2325697,2.8629103,C[C@@H]1COCCN1c2cc(nc(n2)c3cccc4[nH]ccc34)C5(CC5)S(=O)(=O)C
CHEMBL2346969,3.520166,Fc1cccc(CN2CCN(CC2)c3ccc4nnc(n4n3)C(F)(F)F)c1F
CHEMBL124842,2.0559816,CCCCCCCN(CCc1ccc(OC(C)(C)C(=O)O)cc1)C(=O)Nc2ccc(F)cc2F
CHEMBL1963131,2.0100505,COc1ccc(cn1)[C@@]2(O)CC[C@H](CC2)N3CC[C@H](C3)NC(=O)CNC(=O)c4cccc(c4)C(F)(F)F
CHEMBL2325729,2.1480613,NC1(CCN(CC1)c2ncnc3[nH]ccc23)C(=O)N[C@@H](CCN4CCCCC4)c5ccc(Cl)cc5
CHEMBL1857945,3.525143,CN(C)CCNc1cc(nc2cc(nn12)c3ccc(F)cc3)c4ccccc4
CHEMBL1522360,1.3539093,O=S(=O)(Nc1cccnc1)c2ccc3OCCOc3c2
CHEMBL295467,0.555521,CNCCC(Oc1ccccc1OC)c2ccccc2
CHEMBL249584,4.087042,OC[C@H]1C[C@H]([C@H](O)[C@@H]1O)n2nnc3c(N[C@@H]4C[C@H]4c5ccccc5)nc(SCCC(F)(F)F)nc23
CHEMBL352576,2.7276473,CC(=O)NCc1ccc(CN2CCN(CC2)c3ccc(F)cc3F)cc1
CHEMBL1946028,2.6581614,O=C(N1CCC1)c2ccc(cc2)C(=C3CCN(Cc4cscn4)CC3)c5cccc6cccnc56
CHEMBL393717,2.1631422,Clc1ccc(cc1C(=O)NCC23CC4CC(CC(C4)C2)C3)N5CCNCC5
CHEMBL2036572,2.4153786,Fc1ccccc1Nc2oc(nn2)C(=O)Nc3ccc(cn3)N4CCOCC4
CHEMBL1628227,2.7302656,CN(C)CCC=C1c2ccccc2COc3ccccc13
CHEMBL14762,3.5937054,CC[C@H](CO)Nc1nc(NCc2ccccc2)c3ncn(C(C)C)c3n1
CHEMBL268263,1.1646268,NCC(O)(c1ccccc1)c2ccccc2
CHEMBL335550,3.488018,[O-][N+](=O)c1cccc(c1)c2ccc(OCC(CCc3ccncc3)N4C(=O)CCC4=O)cc2
CHEMBL1972466,3.2487009,CC(Nc1ccccc1)C2=CC(=CN3C(=O)C=C(N=C23)N4CCOCC4)C
CHEMBL87266,0.5903262,Cc1cc(N)c2cc(NC(=O)CC(=O)Nc3ccc4nc(C)cc(N)c4c3)ccc2n1
CHEMBL429023,3.6747556,COc1cc2OC[C@H]3Oc4c5C[C@@H](Oc5ccc4C(=O)[C@H]3c2cc1OC)C(=C)C
CHEMBL242541,3.2388911,Nc1ccc2ncnc(Nc3ccc(F)c(Cl)c3)c2c1
CHEMBL402146,2.944446,Fc1ccc(cc1F)C(=O)Nc2ccc(Cl)nc2
CHEMBL74399,3.5195918,CCN(CC)S(=O)(=O)c1ccc(NC(=O)[C@@](C)(O)C(F)(F)F)c(Cl)c1
CHEMBL1779009,1.2275217,COc1cc(F)ccc1c2cncc(c2)C3CCCN3
CHEMBL1596993,0.4245695,COc1ccc(Nc2ccccc2C(=O)O)cc1
CHEMBL2325993,1.8276929,CN(C)CCCC(NC(=O)C1(N)CCN(CC1)c2ncnc3[nH]ccc23)c4ccc(Cl)cc4
CHEMBL403702,3.2087967,C[C@H](CO)Nc1nc(SCc2cccc(F)c2F)nc3ncc(C)nc13
CHEMBL2023483,3.5436049,COc1ccc2c(Oc3ccc(CC(=O)Nc4n[nH]c(C)c4C)c(OC)c3)ccnc2c1
CHEMBL456801,3.4858418,C[C@H](Nc1nc(NC[C@@H](O)CO)c(Cl)c(Nc2cc([nH]n2)C3CC3)n1)c4ccc(F)cc4
CHEMBL2177612,1.2515604,CCCSc1c(cnn1[C@@H]2CC[C@H](CC2)C(=O)O)C(=O)NC3CCCCC3
CHEMBL450643,0.6733514,c1cnc2cccnc2c1
CHEMBL1957377,2.0244086,Oc1c(C#N)c(nc2ccncc12)c3ccc(cc3)c4ccccc4CN5CCOCC5
CHEMBL2325706,1.0552499,CS(=O)(=O)C1(CCNCC1)c2cc(nc(n2)c3cccc4[nH]ccc34)N5CCOCC5
CHEMBL14638,2.3809912,O=C(C1CC1)c2ccc(OCCCc3c[nH]cn3)cc2
CHEMBL744,3.4790297,Nc1nc2ccc(OC(F)(F)F)cc2s1
CHEMBL22183,3.1612172,CN(C)Cc1ccccc1Sc2ccc(C)cc2N
CHEMBL1643199,2.1988554,Cc1cc(CN2CCc3ccccc3C2C(=O)Nc4ccc(Cl)cc4Cl)ccc1OCC(=O)O
CHEMBL2010831,2.7533467,CN(C1CCN(Cc2ccc(cc2)C(F)(F)F)CC1)C(=O)Cc3ccc(cc3)S(=O)(=O)C
CHEMBL1526668,2.839755,O=C(N1CCCCC1)c2csc3CCCCc23
CHEMBL218762,-1.3167031,SC1=Nc2[nH]cnc2C(=O)N1
CHEMBL2170994,2.0597117,Nc1ncnc2c1ncn2[C@@H]3O[C@H](CSCCCNC(=O)Nc4ccc(Cl)cc4)[C@@H](O)[C@H]3O
CHEMBL361795,2.5491292,N#Cc1cccc(c1)c2onc(n2)c3ccccn3
CHEMBL586906,2.1444535,COc1ccc2nccc(C(O)C3CC4(CCN3CC4)C=C)c2c1
CHEMBL563471,2.84037,Cn1cc(cn1)c2cccc(C[C@H](NC(=O)c3cc(nn3C)C(C)(C)C)C(=O)NCC#N)c2
CHEMBL16,2.1962028,OC1=NC(=O)C(N1)(c2ccccc2)c3ccccc3
CHEMBL457393,3.2775846,C[C@H](Nc1ncc(F)c(Nc2cc([nH]n2)C3CC3)n1)c4ccc(F)cn4
CHEMBL105984,2.6705463,CCC[C@@H](CN1CCCC1)N(C)C(=O)Cc2ccc(Cl)c(Cl)c2
CHEMBL1916542,1.1349198,COc1ccc2N=CC(=O)N(CCN3CCC(CC3)NCc4cc5OCCOc5cn4)c2c1
CHEMBL129420,1.0625921,CCN(CC)C(=O)c1ccc(cc1)C(N2CCNCC2)c3cccc4cccnc34
CHEMBL1276946,0.69236684,CC1=C2C(=CC(=O)N1Cc3ccccn3)NN(C2=O)c4ccccc4Cl
CHEMBL1916547,-0.2202568,COc1ccc2N=NC(=O)N(CCN3CCC(CC3)NCc4ccc5OCC(=O)Nc5n4)c2c1
CHEMBL522460,3.0922365,Cc1ccccc1CN2CCC(CC2)N3CCC(CC3)N4C(=O)Nc5ccccc45
CHEMBL1500992,3.2591689,O=C(CSc1ccccc1)N2CCN(CC2)c3ccccc3
CHEMBL2110791,0.42344856,CCN(CC)CCCNCc1cc(Cl)c2cccnc2c1O
CHEMBL1945034,0.037613153,O[C@@H](CNCCc1ccc(CNCCc2ccccn2)cc1)c3ccc(O)c4NC(=O)Sc34
CHEMBL385563,2.7249222,Clc1ccc2OCOc2c1Nc3ncnc4cc(OCCN5CCCC5)cc(OC6CCOCC6)c34
CHEMBL5,-0.7745147,CCN1C=C(C(=O)O)C(=O)c2ccc(C)nc12
CHEMBL1479580,2.9106555,CSc1ncccc1C(=O)NCC2CCCCC2
CHEMBL1088752,3.4654067,Cc1c(F)cc(cc1c2ccc(cn2)C(=O)NCC(C)(C)C)C(=O)NC3CC3
CHEMBL2031224,2.7520933,COc1ccccc1C(=O)Nc2ccc(C)c(c2)N3C=Nc4ccc(cc4C3=O)N5CCN(C)CC5
CHEMBL2062557,2.3579786,COc1ccc(cc1)c2cc(N)n3ncc(C#N)c3n2
CHEMBL72548,2.6103876,CN(C)CCNS(=O)(=O)c1ccc(Nc2nccc(n2)c3cnc4ccccn34)cc1
CHEMBL1621884,1.5089762,COCCCCC(=NOCCN)c1ccc(cc1)C(F)(F)F
CHEMBL474200,2.731029,CNC1=Nc2ncccc2C(=NC1c3cccs3)c4ccccc4
CHEMBL472210,1.5486953,CCN1C2=NC(=O)N(C)C(=O)C2=Cc3ccccc13
CHEMBL480200,2.6473432,CN(C)c1cccc(c1)C(=O)Nc2ccc(C)c(c2)C(=O)Nc3cccnc3
CHEMBL1224285,1.1179237,NC(=O)c1ccc(O[C@H]2C[C@H]3CC[C@@H](C2)N3Cc4ccccc4)cn1
CHEMBL217899,3.7452536,CCc1nn(C2CCCC2)c3c1CCn4c(nnc34)c5cccs5
CHEMBL361431,2.488369,CCCN1CCC(CC1)Oc2nccc(Nc3cc(NC(=O)c4cccc(c4)N5CCOCC5)ccc3C)n2
CHEMBL1809205,3.7155151,COc1cc(ccc1Nc2ncc(Cl)c(n2)c3cnc4cc(C)ccn34)N5CCN(CC5)C(=O)C
CHEMBL2070121,1.2994831,COc1cnc(nc1N2CCOCC2)c3ccccn3
CHEMBL2086674,3.0273588,C[C@@H]1CN(CCN1c2ncc(OCc3ccc(cn3)S(=O)(=O)C)cn2)C(=O)OC(C)(C)C
CHEMBL524266,0.6688117,Nc1nccc(n1)c2cc3C(=O)NC[C@H](CCF)c3[nH]2
CHEMBL2011926,1.5062006,COc1ccc(cc1)c2nc3c(NCC4CCNCC4)c(Br)cnc3[nH]2
CHEMBL2153185,1.9152142,CCCSc1nc(Oc2ccc(CC(=O)O)cc2)ccc1C(=O)NC3CCCCC3
CHEMBL2036746,3.0018842,O=C(Nc1ccc(cc1)N2CCOCC2)c3oc(Nc4ccccc4)nn3
CHEMBL1378202,2.1494017,CNC(=O)c1[nH]cnc1C(=O)Nc2ccc(OC)cc2
CHEMBL1923430,2.7928815,Cc1ccc([nH]1)C(=O)NC2CCN(CC2)c3cc(cc(Cl)n3)C(=O)N
CHEMBL193,3.5100622,COC(=O)C1=C(C)NC(=C(C1c2ccccc2[N+](=O)[O-])C(=O)OC)C
CHEMBL492671,1.1782588,Fc1ccc(CC2=NNC(=O)c3ccccc23)cc1C(=O)N4CCN(CC4)C(=O)C5CCCO5
CHEMBL1824605,2.7985725,O=C(Nc1ccccc1)c2ccc(OCCCN3CCCC3)cc2OCc4ccccc4C#N
CHEMBL292376,3.013497,COc1cccc(c1)[C@@H](C)NCCCc2ccccc2Cl
CHEMBL2031238,2.08822,CN1CCN(CC1)c2ccc3N=CN(C(=O)c3c2)c4cc(NC(=O)c5cocc5)ccc4C
CHEMBL2031225,2.707839,COc1cccc(c1)C(=O)Nc2ccc(C)c(c2)N3C=Nc4ccc(cc4C3=O)N5CCN(C)CC5
CHEMBL1940286,2.9510894,COc1ccc(CNC(=O)c2ccc(Oc3ccc(cc3)C#C[C@]4(O)CN5CCC4CC5)cc2)nc1
CHEMBL2087855,3.557685,Cn1cc(cc1c2c3C(=O)N(CC#CCn4cncn4)C(=O)N(CC5CC5)c3nn2Cc6ccnc7ccc(Cl)cc67)C#N
CHEMBL1778870,1.5316887,CCNCc1cncc(n1)c2ccc(F)cc2OC
CHEMBL1201256,1.2529649,COc1cc(cc(OC)c1OC)C(=O)NCc2ccc(OCCN(C)C)cc2
CHEMBL1783283,3.6171079,CCCNC(=O)c1nnc2c(c(F)ccc2c1N)c3ccc(OC)cc3OC
CHEMBL2177777,3.369321,CC(C)OC(=O)N1CCC(CC1)Oc2ncnc3N(CCc23)c4ccc(cc4F)S(=O)(=O)C
CHEMBL350563,3.6535077,CCO\N=C(\C1CCN(CC1)C2(C)CCN(CC2)C(=O)c3c(Cl)cncc3Cl)/c4ccc(Br)cc4
CHEMBL1807851,1.5081854,C[C@H]1O[C@H]([C@H](O)[C@@H]1O)n2cnc3c(N)nc(OCC4CC45CC5)nc23
CHEMBL1951894,2.9215183,CCN(C1CCN(CCC(N2CCN(CC2)c3cccc(F)c3)c4ccccc4)CC1)C(=O)Cc5ccc(cc5)S(=O)(=O)C
CHEMBL2171045,2.640065,FC(F)(F)c1cccc(c1)S(=O)(=O)NC(=O)N2CCC(CC2)N3CCC(CC3)Oc4ccc(Cl)c(Cl)c4
CHEMBL1773959,-1.1741376,OC(=O)CCC(=O)N1CCC(CC1)c2onc(n2)c3cccs3
CHEMBL276030,2.0949814,Oc1ccc2C(=O)N(C(=O)c2c1)c3ccccc3
CHEMBL1916545,1.1299903,COc1ccc2C=CC(=O)N(CCN3CCC(CC3)NCc4cc5OCCOc5cn4)c2n1
CHEMBL1526762,0.34657478,Cc1cc(C)nc(SCC(=O)N)n1
CHEMBL388336,1.7490427,Cc1oc(CN2NC(=O)C3=C(C2=O)C(=O)c4ccc(Cl)cc4N3)cc1C
CHEMBL1807869,1.2662747,O[C@@H](CNCCCSCCNCCc1cccc(Cl)c1)c2ccc(O)c3NC(=O)Sc23
CHEMBL1027,1.7277853,Cc1ccsc1C(=CCCN2CCC[C@H](C2)C(=O)O)c3sccc3C
CHEMBL406,1.9122708,CC1Cc2ccccc2N1NC(=O)c3ccc(Cl)c(c3)S(=O)(=O)N
CHEMBL1689135,1.7672498,C[C@H]1CN(Cc2cc(Cl)ccc2CC(=O)O)CCN1C(=O)Cc3ccc(Cl)cc3
CHEMBL451286,1.6432745,C[C@@](N)(Cc1ccccc1)c2ccccc2
CHEMBL1643195,2.177576,Cc1cc(CN2Cc3ccccc3C2C(=O)Nc4cc(Cl)ccc4Cl)ccc1OCC(=O)O
CHEMBL1934266,1.1256236,CCC(CC)NC(=O)c1c(C)nn(C(C)C)c1NS(=O)(=O)c2ccc(C)cc2
CHEMBL2059871,3.365075,Cc1ccc(cc1NC(=O)c2ccc(OCc3ccccn3)cc2)c4cc(n[nH]4)C(F)(F)F
CHEMBL54429,2.075985,ONC(=O)Cc1ccc(OCc2ccccc2)cc1
CHEMBL1271081,2.8787475,CS(=O)(=O)c1cccc(Nc2nccc(n2)N(CC#N)c3c(Cl)ccc4OCOc34)c1
CHEMBL514980,3.0148206,CN(CCOc1ccccc1c2cc(C(=O)N)c(NC(=O)N)s2)Cc3ccccc3
CHEMBL78951,-0.09942007,Nc1nc(N)c2nc(CO)cnc2n1
CHEMBL255044,2.382301,CCOC(=O)Nc1ccc(NCc2ccc(F)cc2)nc1N
CHEMBL157063,0.4773289,OC(=O)c1ccccc1NC(=O)Nc2ccccc2
CHEMBL2325989,1.3896514,CC(NC(=O)C1(N)CCN(CC1)c2ncnc3[nH]ccc23)c4ccccn4
CHEMBL602365,-0.21671534,Cc1nc(NC(=N)N)nc2ccccc12
CHEMBL508129,2.7617674,CNC(=O)c1ccc(Nc2nccc(n2)c3cnc(C)n3C(C)C)cc1
CHEMBL1726,3.8274932,COC(=O)C1=C(C)NC(=C(C1c2ccccc2[N+](=O)[O-])C(=O)OCC(C)C)C
CHEMBL833,3.5874548,Clc1ccccc1CN2CCc3sccc3C2
CHEMBL483254,1.0538659,Cc1[nH]c2ccccc2c1CCNCc3ccc(\C=C\C(=O)NO)cc3
CHEMBL233447,3.499911,OCCN1C(=O)C(Cc2ccccc12)NC(=O)c3cc4cc(Cl)sc4[nH]3
CHEMBL1224217,1.2288632,NC(=O)c1ccc(O[C@H]2C[C@H]3CC[C@@H](C2)N3Cc4ccccc4)nc1
CHEMBL1288306,1.2550385,NC(=O)c1cnc(N[C@H]2CCCNC2)c3cc(Br)sc13
CHEMBL1916272,1.2055966,CCC(CC)NC(=O)c1c(C)nn(c1NS(=O)(=O)c2ccc(C)cc2)c3ccccc3
CHEMBL2036745,2.2860084,OC(=O)C[C@@H]1CC[C@H](CC1)c2ccc(NC(=O)c3oc(Nc4ccccc4F)nn3)cc2
CHEMBL1789155,1.4478717,NCC[C@@H](Sc1cc(Cl)ccc1C#N)c2ccccc2
CHEMBL2163589,3.9702702,FC(F)(F)Oc1cccc2c3CN(CCc3[nH]c12)C(=O)[C@@H]4CCCC[C@H]4C(=O)NC5(CC5)C#N
CHEMBL2036754,2.8870473,Clc1ccc(NC(=O)N2CCN(C[C@@H]3CCCN(CC4CC4)C3)CC2)cc1Cl
CHEMBL2031221,2.3280573,CN1CCN(CC1)c2ccc3N=CN(C(=O)c3c2)c4cc(NC(=O)c5cccc(c5)N6CCOCC6)ccc4C
CHEMBL550902,0.7241715,OC(=O)c1cncc(c1)c2ccc(Cl)c(c2)C(=O)NCC34CC5CC(CC(C5)C3)C4
CHEMBL473622,3.1992757,COc1cncc(NC(=O)c2cc(NC(=O)c3cccc(c3)C(C)(C)C#N)ccc2C)c1
CHEMBL149979,3.592203,Nc1nc(nc2c1nc(O)n2Cc3ccccc3)c4ccccc4
CHEMBL433282,3.1472301,[O-][N+](=O)c1ccc2c(c1)C(=O)C(=O)c3ccccc23
CHEMBL1231683,0.88675964,CC(C)Nc1ccc2cnn(c3cncc(n3)n4ccc(CC(=O)O)c4)c2c1
CHEMBL2177906,3.3277416,NC1=NC(c2cccc(c2)c3cncnc3)(c4ccnc(c4)C(F)(F)F)c5cccc(F)c15
CHEMBL2070944,2.8174648,Cc1sc(nc1C(F)(F)F)N2CCN(CC2)C(=O)[C@@H]3CCCC[C@H]3C(=O)NC4(CC4)C#N
CHEMBL207130,2.3577693,COc1cc2ncnc(Nc3cccc(Cl)c3F)c2cc1CN(C)C4(CCN(C)CC4)C(=O)N
CHEMBL93404,2.7315612,COC(=O)c1c(C)[nH]c(C)c1C(=O)c2ccccc2Cl
CHEMBL2011906,3.0346758,CNc1c(Br)cnc2[nH]c(nc12)c3ccc(O)cc3
CHEMBL412083,2.027049,CCNC(=O)c1ccc(CN2CCC(CC2)c3ccc(cc3)C(=O)Nc4ccccc4N)cc1
CHEMBL1762544,3.3355024,COCCOc1cc(Nc2nccc(n2)N(C)c3cc(CO)ccc3C)cc(c1)N4CCOCC4
CHEMBL574621,2.9542656,COc1cc(Nc2cc(Oc3cccnc3)ccn2)cc(OC)c1OC
CHEMBL1963249,3.3145213,C[C@@H]1CN[C@@H](C2CC2)C(=O)N(C)[C@H](C)C(=O)N[C@H](Cc3ccc(F)cc3)C(=O)NCCCc4ccccc4O1
CHEMBL1682959,3.4001365,CC[C@H](NC(=O)c1c([S+](C)[O-])c(nc2c(F)cccc12)c3ccccc3)c4ccccc4
CHEMBL1308362,2.6777215,Cc1ccc2cc(C)c3nnc(SCC(=O)N4CCN(CC4)C(=O)c5occc5)n3c2c1
CHEMBL117368,2.432108,Nc1ccc2cccc(Nc3ncccn3)c2n1
CHEMBL179043,1.0512352,O=C1C=C(N=C2C=CC=CN12)N3CCOCC3
CHEMBL2321998,2.1166406,Clc1ccc(cc1Cl)C2CNCC=CC2
CHEMBL591023,3.4580798,Oc1cc(O)c2C(=O)C(=COc2c1)c3ccc4OCOc4c3
CHEMBL289959,3.2077024,N(c1ccccc1)c2ncnc3ccccc23
CHEMBL1824039,2.276931,FC(F)(F)Oc1ccc2OCC(=O)N(CCN3CCC(CC3)NCc4ccc5OCC(=O)Nc5n4)c2c1
CHEMBL471584,3.1384468,Nc1c(NC2CCCCC2)nc(nc1N3CCOCC3)C#N
CHEMBL86715,1.7307734,OC(CCN1CCCC1)(C2CCCCC2)c3ccccc3
CHEMBL1779012,2.5786655,COc1cc(F)ccc1c2cncc(CNC(=O)c3cnccn3)c2
CHEMBL1487890,2.5240598,COc1cc(cc(OC)c1OC)c2nnc(S)n2c3cccc(c3)C(F)(F)F
CHEMBL453222,2.1941142,COCCOc1ccc(cc1)c2cc(C(=O)N)c(NC(=O)N)s2
CHEMBL218006,3.0111046,C[C@H](NC1=NC(=O)[C@](C)(S1)C(F)(F)F)c2ccccc2F
CHEMBL1703687,3.5981233,Fc1ccc(NC(=S)N2CCC(CC2)C(=O)c3ccc(F)cc3)cc1
CHEMBL1779005,2.192141,COc1cc(F)ccc1c2cccc(CNC3CCCC3)n2
CHEMBL455468,1.8502172,CC(C)n1c(C)ncc1c2ccnc(Nc3ccc(cc3)C(=O)NC4CCN(C)CC4)n2
CHEMBL222519,0.42433453,NS(=O)(=O)c1cccc2c3nc(O)c(O)nc3cc(c12)[N+](=O)[O-]
CHEMBL471951,2.8705244,Nc1c(nc(nc1N2CCOCC2)C#N)N3CCCCC3
CHEMBL559478,1.6729362,Brc1ccc(OC(=O)N2CCN3CCC2CC3)cc1
CHEMBL2018954,1.7879763,COc1ccc(COc2nc(Br)cnc2NS(=O)(=O)c3ccc(C)cc3)cc1OCCN(C)C
CHEMBL212731,2.343886,CCN(C1CCN(CC[C@H](c2ccc(cc2)S(=O)(=O)C)c3cccc(F)c3)CC1)C(=O)Cc4ccc(cc4)S(=O)(=O)C
CHEMBL183843,3.1712828,COc1ccc(cc1OC)C(=O)Nc2cccc(NC(=O)c3cccc(c3)N(C)C)c2
CHEMBL1689116,-0.09827089,OC(=O)COc1ccc(Cl)cc1CN2CCC(CC2)S(=O)(=O)c3ccccc3
CHEMBL384260,2.7681262,COc1cc(OC2CCN(C)CC2)c3c(Nc4cccc5OCOc45)ncnc3c1
CHEMBL212521,2.4806705,CC[C@H](N)C(=O)N[C@@H](Cc1ccc(cc1)c2ccccc2)C#N
CHEMBL1688458,2.5252724,OC(=O)CCc1ccc(OCc2cccc(Oc3ccccc3)c2)cc1
CHEMBL1809057,3.4300382,COc1cc(ccc1Nc2ncc(Cl)c(n2)c3cnc4ccccn34)C(CO)CO
CHEMBL2017291,3.0524807,COc1cc2c3N([C@H](C)c4ccccn4)C(=O)Nc3cnc2cc1c5c(C)onc5C
CHEMBL202721,3.0828896,COc1cc2c(Nc3ccc(NC(=O)c4ccccc4)cc3)ncnc2cc1OCCCN5CCOCC5
CHEMBL520003,2.7626233,CNS(=O)(=O)c1ccc(Nc2nccc(n2)c3cnc4cccnn34)cc1
CHEMBL2001019,1.9255958,OCCn1cc(cn1)c2cnc3nnn(Cc4ccc5ncccc5c4)c3n2
CHEMBL2325730,2.0404985,NC(=O)C(NC(=O)C1(N)CCN(CC1)c2ncnc3[nH]ccc23)c4ccc(Cl)cc4
CHEMBL2144138,0.36647618,NC(=O)C1CCN(CC(=O)Nc2ccc3OCOc3c2)CC1
CHEMBL143181,2.8533351,CC(O)(C(=O)Nc1ccc(cc1)S(=O)(=O)c2ccccc2)C(F)(F)F
CHEMBL1240967,1.5395697,CC(C)(Cc1cccc(CC(=O)NCc2cccc(c2)c3ccc(O)cc3)c1)NC[C@H](O)c4ccc(O)c(NS(=O)(=O)C)c4
CHEMBL1762549,2.9289675,COCCN(c1ccnc(Nc2cc(cc(c2)N3CCOCC3)N4CCOCC4)n1)c5cc(CO)ccc5C
CHEMBL2171278,3.578263,Cc1ccc(NC(=O)[C@@H]2CCCN2S(=O)(=O)c3cccc4cccnc34)c(C)c1
CHEMBL555033,2.953641,OCCCNc1ccc2c(NC(=O)CC3CCCCC3)c(Cl)ccc2n1
CHEMBL1381233,2.8344793,O=C(Nc1ccncc1)c2cccc3ccccc23
CHEMBL2164740,0.7088876,O[C@@H]1CN(CCN2C(=O)C=Cc3ccc(cc23)C#N)CC[C@@H]1NCc4cc5OCCOc5cn4
CHEMBL1257599,3.5585017,CNc1ncnc2c(CNc3cc(NC(=O)c4ccc5OCCOc5c4)ccc3C)cccc12
CHEMBL365458,3.2171683,Oc1cccc2nc(cc(O)c12)c3ccccc3
CHEMBL386996,3.477355,CC(C)Oc1cc(OCCN2CCN(CC2)C(=O)C)cc3ncnc(Nc4c(F)ccc5OCOc45)c13
CHEMBL1519921,1.4059062,NC(=O)Cc1nc(cs1)c2ccccc2
CHEMBL290548,2.0642848,COC(=O)N1CCN(C(CC(=O)NCc2ccc3OCOc3c2)C1)c4ccnc(n4)n5ccnc5
CHEMBL21640,1.8252919,C(C1NCCc2ccccc12)c3ccccc3
CHEMBL87543,2.835586,CC(C)N1CCC(CC1)N(C(=O)Cc2ccccc2)c3ccc(Cl)cc3
CHEMBL183709,3.3753629,CN(C1CCN(CCC(c2ccccc2)c3ccccc3)CC1)C(=O)Cc4ccc(O)cc4
CHEMBL130936,2.3824477,OC(=O)c1cc2cc(ccc2n1Cc3ccc(Cl)c(Cl)c3)[N+](=O)[O-]
CHEMBL715,2.6162555,CN1CCN(CC1)C2=Nc3ccccc3Nc4sc(C)cc24
CHEMBL2158793,1.9484421,Cc1cc(F)ccc1OC2CCN(CC3CCN(CC3)[C@@](C)(Cc4ccc(F)cc4)C(=O)O)CC2
CHEMBL2036752,2.4968507,CCN1CCC[C@H](CN2CCN(CC2)C(=O)Nc3ccc(Cl)c(Cl)c3)C1
CHEMBL1934416,1.0348902,COCC(C)n1nc(C)c(C(=O)N[C@@H](C)C(C)(C)C)c1NS(=O)(=O)c2ccc(C)cc2
CHEMBL106,0.35538554,OC(Cn1cncn1)(Cn2cncn2)c3ccc(F)cc3F
CHEMBL450470,2.8466146,COc1ccc(N(C(C(=O)NC2CCCC2)c3ccccc3F)C(=O)C)c(OC)c1
CHEMBL261454,2.392371,c1ccc(nc1)c2n[nH]cc2c3ccnc4ccccc34
CHEMBL2062162,2.6310546,Clc1ccccc1CNC[C@@H]2CC[C@@H](CNCc3ccccc3Cl)CC2
CHEMBL2179274,0.5914724,CCC[C@H](N1CCC[C@@H](C1)N2C=C(C)C(=O)NC2=O)c3ccc(C(=O)O)c(Oc4cccc(Cl)c4)c3
CHEMBL2331750,2.8407326,CC1=CN([C@H]2CCCN(C2)S(=O)(=O)c3ccc(O)c(Oc4ccc(Cl)c(C)c4)c3)C(=O)NC1=O
CHEMBL317935,2.0611868,C[C@H](NC(=O)\C=C\c1ccccc1)c2cccc(c2)N3CCOCC3
CHEMBL2088120,3.8152115,CC(C)CN1C(=O)N(C)C(=O)c2c1nn(Cc3cccc4ccccc34)c2c5cncn5C
CHEMBL474828,2.6736302,COCCNc1nc(nc(NCC(C)C)c1N)C#N
CHEMBL62083,1.4704255,Nc1nccc2ccccc12
CHEMBL451462,2.5277035,CC(C)n1c(C)ncc1c2nc(Nc3ccc(cc3)C(=O)N4CCN(C)CC4)ncc2F
CHEMBL207235,3.2368343,CO[C@@H]1C[C@@H](N(Cc2cc3c(Nc4cccc(Cl)c4F)ncnc3cc2OC)C1)C(=O)N
CHEMBL1950852,1.361012,CN[C@@H](C)C(=O)N[C@H](C(=O)N[C@H]1CCCN(CCc2ccccc2OC)C1)C(C)(C)C
CHEMBL1199987,3.980011,Nc1ncc(cc1c2oc3ccccc3n2)c4cnn(c4)C5CCOCC5
CHEMBL1951906,1.3667624,CCN(C1CCN(CC[C@H](C2CCN(CC2)S(=O)(=O)C)c3ccccc3)CC1)C(=O)Cc4ccc(cc4)S(=O)(=O)C
CHEMBL1502567,1.6445253,O=C1N2C=CC=CC2=Nc3ccccc13
CHEMBL1762551,3.5619764,CN(c1ccnc(Nc2cc(nc(n2)N3CCOCC3)N4CCOCC4)n1)c5cc(CO)ccc5C
CHEMBL1631470,1.9316591,CCCNC(=O)c1nnc2c(c(F)ccc2c1N)c3ncccn3
CHEMBL1829423,1.7069955,CCC(N(CCCN)C(=O)c1ccc(C)cc1)C2=Nc3ccn(C)c3C(=O)N2Cc4ccccc4
CHEMBL389911,2.0738697,COC(=O)c1cccc(CN2NC(=O)C3=C(C2=O)C(=O)c4ccc(Cl)cc4N3)c1
CHEMBL128134,1.9186311,CCN1CCN(CC1)C(=O)c2cc3ccccc3[nH]2
CHEMBL1807854,1.1695368,C[C@H]1O[C@H]([C@H](O)[C@@H]1O)n2cnc3c(N)nc(Oc4ccccc4)nc23
CHEMBL2036762,3.048318,Cc1ccc(NC(=O)N2CCN(C[C@@H]3CCCN(C3)C4CC4)CC2)cc1Cl
CHEMBL1088029,2.9683409,COc1cc(Nc2ncc(C)s2)nc(N[C@@H](C)c3ncc(F)cn3)n1
CHEMBL1890574,1.4240243,OC(=O)c1[nH]c2ccccc2c1CC(=O)Nc3cccc(c3)C(F)(F)F
CHEMBL1612837,0.044163942,CC(C)(C)c1ccc(cc1)C2=NC(=O)C(CC(=O)O)S2
CHEMBL1689130,1.2970284,C[C@H]1CN(Cc2cc(Cl)ccc2OCC(=O)O)CCN1C(=O)Cc3cccc(Cl)c3
CHEMBL1682821,3.3134131,O=C(Oc1ccc2C(=O)CCOc2c1)c3ccccc3
CHEMBL2023489,3.338776,COc1ccc2c(Oc3ccc(CC(=O)Nc4cn(C)nc4C)c(OC)c3)ccnc2c1
CHEMBL203059,2.9185302,O=C(Nc1cc(ccn1)c2ccnc(Nc3ccccc3)c2)C4CCOCC4
CHEMBL2011932,1.4205863,COc1ccc(cc1)c2nc3c(NCCCNC(=O)C4(CN)CC4)c(Br)cnc3[nH]2
CHEMBL91485,-0.15555382,COc1cccc(OC)c1c2ccc(C[C@H](NC(=O)c3c(Cl)cccc3Cl)C(=O)O)cc2
CHEMBL2207606,-0.5302689,COc1cc(OC)c(cc1NC(=O)\C=C\C(=O)O)S(=O)(=O)N2c3ccccc3Oc4ccccc24
CHEMBL578194,3.3286602,C[C@H](Nc1nc(Nc2cc([nH]n2)C3CC3)cnc1C#N)c4ccc(F)cn4
CHEMBL957,1.086709,COc1ccccc1Oc2c(NS(=O)(=O)c3ccc(cc3)C(C)(C)C)nc(nc2OCCO)c4ncccn4
CHEMBL2035038,1.6705651,NC1(CCC1)c2ccc(cc2)C3=Nc4ccccc4C(=O)N3c5ccccc5
CHEMBL190677,2.2581348,OC(C(=O)c1ccccc1)c2ccccc2
CHEMBL2332936,2.1682854,CC(=O)Nc1ccc(O)cc1OC[C@@H](O)CN2CCC3(CC2)Cc4cc(F)ccc4O3
CHEMBL169473,3.380784,COc1cccc(Nc2ncnc3cc(OC)c(OC)cc23)c1
CHEMBL516601,3.0304787,COc1cc2ncc(C(=O)N)c(Nc3ccc(C)cc3F)c2cc1OC
CHEMBL1778634,-0.70343256,CN(c1ccc(c(Cl)c1)c2cc(F)ccc2OCC(=O)O)S(=O)(=O)C
CHEMBL2062556,2.1784518,Nc1cc(nc2c(cnn12)C#N)c3ccccc3
CHEMBL2177173,2.3913457,CN1CCN(CC1)S(=O)(=O)c2ccc(cc2)c3cnc(N)c(n3)C(=O)Nc4cnccc4CN5CCCC5
CHEMBL1235242,-0.8971226,N[C@@H](Cc1ccc(F)cc1)C(=O)O
CHEMBL517712,-0.42449617,CN1[C@@H]2CC[C@H]1C[C@H](C2)OC(=O)C(CO)c3ccccc3
CHEMBL1550191,2.61168,Brc1ccc(cc1)C2NC(=O)c3ccccc3N2
CHEMBL224267,3.0062034,COc1cc(nc2c(cc(F)cc12)N3CCN(C)CC3)C(=O)Nc4ccc(cc4)N5CCOCC5
CHEMBL642,-0.059556007,CCCC(=O)Nc1ccc(OCC(O)CNC(C)C)c(c1)C(=O)C
CHEMBL180656,3.4496517,CN(C1CCN(CCC(c2ccccc2)c3ccccc3)CC1)C(=O)Cc4ccc(cc4)C#N
CHEMBL2158783,2.8691278,Cc1c(Cl)ccc(OC2CCN(CC3CCN(CC3)[C@@H](Cc4ccc(F)cc4)C(=O)O)CC2)c1Cl
CHEMBL469,-0.91638875,OC(=O)C1CCn2c1ccc2C(=O)c3ccccc3
CHEMBL9751,-0.00012397766,CN1C2CCC1CC(C2)OC(=O)C(CO)c3ccccc3
CHEMBL2086693,3.8515298,C[C@@H]1CN(CCN1c2ncc(OCc3ccncc3C#N)cn2)c4noc(n4)C(F)(F)F
CHEMBL1589,-0.037322998,CC(=O)c1ccc(cc1)S(=O)(=O)NC(=O)NC2CCCCC2
CHEMBL507700,2.0147412,NC(=O)Nc1sc(cc1C(=O)N)c2ccc(CN3CCCCC3)cc2
CHEMBL427851,1.6249311,Cc1oc(CN2CCNCC2)cc1C(=O)NCC34CC5CC(CC(C5)C3)C4
CHEMBL271012,3.2196388,C[C@H](CO)Nc1nc(SCc2ccccc2F)nc3NC(=O)Sc13
CHEMBL1778616,0.22351587,OC(=O)COc1ccc(Br)cc1c2ccccc2
CHEMBL516,2.8027487,CN1CCC(=C2c3ccccc3C=Cc4ccccc24)CC1
CHEMBL494505,1.3500514,CCC(=O)N1CCN(CC1)C(=O)c2cc(CC3=NNC(=O)c4ccccc34)ccc2F
CHEMBL1824379,2.4281225,CCCOc1cc(OCCCN2CCCC2)ccc1C(=O)Nc3cccc(O)c3
CHEMBL1682834,2.5215046,CC(=O)N1CCOc2cc(COc3ccccc3)cnc12
CHEMBL172066,2.7560635,Cc1sc(N)nc1c2ccccc2
CHEMBL1946029,2.322565,CN(C)C(=O)c1ccc(cc1)C(=C2CCN(Cc3cscn3)CC2)c4cccc5cccnc45
CHEMBL1927345,2.1071043,Cc1ccc(\C=C(/C#N)\C(=O)N)cc1
CHEMBL1223459,3.0555336,CC1=CC2=NNC(=O)N2c3cc(ccc13)c4cccnc4
CHEMBL274009,0.098703384,Nc1ccccc1[N+](=O)[O-]
CHEMBL109405,2.7379093,C1CN2CCC1C(=C2)c3oc4ccccc4c3
CHEMBL2012881,2.5012114,OCC1=CC2=NNC(=O)N2c3cc(ccc13)c4ccc[nH]4
CHEMBL1698358,1.9962895,Nc1ccc2c3ccccc3C(=O)c2c1
CHEMBL2018953,2.6217842,Clc1ccc(CNc2nc(nc3ncccc23)N4CCN(CC4)C(=O)[C@H]5CCCCN5)c(Cl)c1
CHEMBL1079773,3.5093253,Nc1ncnc2sc(nc12)c3c(ncn3Cc4ccccc4N5CCOCC5)c6ccccc6
CHEMBL2179284,1.5846237,CC1=CN([C@H]2CCCN(C2)[C@H](CC3CCCCC3)c4ccc(C(=O)O)c(Oc5cccc(Cl)c5)c4)C(=O)NC1=O
CHEMBL258282,2.9711459,CN1CCN(CCOc2n[nH]c3ncnc(Nc4ccc(OCc5ccccn5)c(Cl)c4)c23)CC1
CHEMBL108,1.8042638,NC(=O)N1c2ccccc2C=Cc3ccccc13
CHEMBL371064,1.2487404,CCCN1CCN(CC1)c2ccc(cc2)C(=O)NC3(CCCCC3)C(=O)NCC#N
CHEMBL1178725,1.9038246,CC(C)Oc1cccc(CC(=O)N2CCC[C@@](CC[N+]34CCC(CC3)(CC4)c5ccccc5)(C2)c6ccc(Cl)c(Cl)c6)c1
CHEMBL2011441,1.3355608,COc1nc(Br)cnc1NS(=O)(=O)c2ccc(Cl)s2
CHEMBL98760,3.5389638,CC(C)NC(=O)c1ccc2c(Nc3ccc(Cl)cc3)nc(nc2c1)N4CCOCC4
CHEMBL1369722,2.340987,Oc1ncnc2scc(c3ccccc3)c12
CHEMBL2325995,2.3951674,NC1(CCN(CC1)c2ncnc3[nH]ccc23)C(=O)NC(CCCN4CCOCC4)c5ccc(Cl)cc5
CHEMBL1809192,3.1316433,COc1cc(ccc1Nc2nccc(n2)c3cnc4ccccn34)N5CCN(CC5)C(=O)C
CHEMBL865,2.5996246,Cc1onc(c2ccccc2)c1c3ccc(cc3)S(=O)(=O)N
CHEMBL597424,2.9077268,O=C1NC(=O)C(Cc2cccc(Oc3ccccc3)c2)S1
CHEMBL1351893,3.7059536,CCCc1c(cnn1c2ccccc2)C(=O)Nc3ccc(F)cc3C
CHEMBL233035,2.8110778,OCCNC(=O)CN1C(=O)C(Cc2ccccc12)NC(=O)c3cc4cc(Cl)sc4[nH]3
CHEMBL2059859,3.4727268,Cc1ccc(cc1NC(=O)c2ccc(OCc3ccccn3)cc2)c4nc5ccccc5[nH]4
CHEMBL1945298,1.786304,O[C@@H](CNCCOc1cccc(CNCCc2ccccc2F)c1)c3ccc(O)c4NC(=O)Sc34
CHEMBL217090,2.4622247,Clc1ccc2OCOc2c1Nc3ncnc4cc(OCCCN5CCCC5)cc(OC6CCOCC6)c34
CHEMBL2164676,1.6487169,O=C(NCC#N)[C@@H]1CCCC[C@H]1C(=O)N2CCN(CC2)c3ccccc3
CHEMBL2331740,-0.26381373,CC1=CN([C@H]2CCCN(C2)S(=O)(=O)c3ccc(C(=O)O)c(Oc4ccc(Cl)c(Cl)c4)c3)C(=O)NC1=O
CHEMBL14293,1.7915392,CC(C)C(NC(=O)CN1C(=O)C2=C(C=C1c3ccccc3)C(=O)N(CCN4CCOCC4)C(=O)N2)C(=O)C(F)(F)F
CHEMBL1209587,3.575097,Clc1cccc(c1)S(=O)(=O)NCC(N2CCCCCC2)c3ccccc3
CHEMBL570192,2.4473805,C[C@H](Oc1nc(Nc2cc(C)[nH]n2)c(C)nc1C#N)c3ccc(F)cn3
CHEMBL2152915,3.5813303,CO[C@@H]1CC[C@@]2(CC1)Cc3ccc(cc3C24N=C(C)C(=N4)N)c5cc(Cl)cc(c5)C#N
CHEMBL2035037,2.1827466,Cn1cnc2c(c3ccc(cc3)C4(N)CCC4)c(ccc12)c5ccccc5
CHEMBL2059198,-0.6021669,CC(C)NC(=O)c1cc2c(c(cnc2[nH]1)c3cncc(c3)C(=O)O)n4ccc(n4)C(F)(F)F
CHEMBL1923433,-0.1423428,Cc1[nH]c(C(=O)NC2CCN(CC2)c3ncc(s3)C(=O)O)c(Cl)c1Cl
CHEMBL1809050,2.2329886,COc1cc(OC2CCNCC2)ccc1Nc3ncc(Cl)c(n3)c4cnc5ccccn45
CHEMBL1610669,2.67556,CC(C)CCOc1ccc(N)cc1
CHEMBL2314383,3.6736128,CC(C)c1ccc(Sc2cnc(O)c(c2)C(=O)NCc3ccccc3)cc1
CHEMBL209689,1.1177166,Cc1ccc2c(c1)c(c(C)n2CC(=O)O)c3ccnc4c(C)cccc34
CHEMBL2036584,3.3257308,Fc1ccccc1Nc2oc(nn2)C(=O)Nc3ccc(Oc4cccnc4)nc3
CHEMBL12610,2.1847801,CN(C)CCCOc1nn(Cc2ccccc2)c3ccccc13
CHEMBL1508646,3.8334422,Cc1ccc(cc1)c2nnc(N3CCN(CC3)C(=O)c4occc4)c5ccccc25
CHEMBL185658,2.9857204,CC(=O)Nc1ccc(CNc2[nH]nc3cccc(Oc4ccc(cc4)S(=O)(=O)C)c23)cc1
CHEMBL1778652,1.2423846,CCS(=O)(=O)c1ccc(c(C)c1)c2cc(ccc2CCC(=O)O)C(F)(F)F
CHEMBL407960,4.16799,COc1ccc(OC)c(CNc2n[nH]c3ccnc(Oc4ccccc4)c23)c1
CHEMBL192943,0.79834855,CC(C)Cc1ccc(cc1)[C@H](C)C(=O)NS(=O)(=O)C
CHEMBL2325740,2.7800229,COCCC(NC(=O)C1(N)CCN(CC1)c2ncnc3[nH]ccc23)c4ccc(Cl)cc4
CHEMBL1951075,-1.0644653,COc1cc(OC)c(cc1NC(=O)NCC(=O)O)S(=O)(=O)N2C(C)CCc3ccccc23
CHEMBL1831078,1.9277146,NC(=O)Nc1cc(sc1C(=O)N)c2ccsc2
CHEMBL1778865,1.8289232,COc1cc(F)ccc1c2cncc(CNCC3CC3)n2
CHEMBL2059197,-0.5729294,CCCNC(=O)c1cc2c(c(cnc2[nH]1)c3cncc(c3)C(=O)O)n4ccc(n4)C(F)(F)F
CHEMBL262721,2.8256242,COc1cc(OC2CCN(C)CC2)c3c(Nc4cccc5OCCOc45)ncnc3c1
CHEMBL1209583,3.9698362,FC(F)(F)Oc1ccccc1S(=O)(=O)NCC(N2CCCCCC2)c3ccccc3
CHEMBL1669160,3.2651324,CC(C)COc1cc(ccc1NC(=O)CN2CCOCC2)c3cccc4C(=O)C=C(Oc34)N5CCOCC5
CHEMBL1682829,3.3508477,CN1CCOc2cc(OC(=O)c3ccccc3)cnc12
CHEMBL1632052,3.613529,Nc1sc2CCCCc2c1C(=O)NCc3ccccc3
CHEMBL436511,3.0123122,CN1CCC(CC1)Oc2cccc3ncnc(Nc4ccc(OCc5cnccn5)c(Cl)c4)c23
CHEMBL514805,2.4485095,CC(C)CNc1nc(nc(N2CCN(CC2)C(=O)C)c1N)C#N
CHEMBL1008,3.4902718,CC(C)COCC(CN(Cc1ccccc1)c2ccccc2)N3CCCC3
CHEMBL1223455,3.4737608,CC1=CC2=NNC(=O)N2c3cc(ccc13)c4cccc(CO)c4
CHEMBL1201753,1.8704472,O[C@H](C[C@H](O)\C=C\c1c(nc2ccccc2c1c3ccc(F)cc3)C4CC4)CC(=O)O
CHEMBL52047,2.5035183,Nc1cccc2c3ccccc3C(=O)C(=O)c12
CHEMBL2086681,2.8851826,CC(C)(C)OC(=O)N1CCN(CC1)c2ncc(OCc3ccncc3S(=O)(=O)C)cn2
CHEMBL63560,2.945481,C[C@](O)(CS(=O)(=O)c1ccc(F)cc1)C(=O)Nc2ccc(C#N)c(c2)C(F)(F)F
CHEMBL2030963,0.48789155,CNc1cccc(CCCc2ccc(C[C@H](NC(=O)c3c(Cl)cccc3Cl)C(=O)O)cc2)n1
CHEMBL1607077,2.940503,O=C(NCc1ccncc1)c2ccc(Oc3ccccc3)cc2
CHEMBL1689111,0.57513916,OC(=O)COc1ccc(Cl)cc1CN2CCN(CC2)S(=O)(=O)Cc3ccccc3
CHEMBL2335901,1.0536233,C[C@@H](NC(=O)C1CCNCC1)c2ccc(Nc3ncc4cc(ccc4n3)c5ccncc5)cc2
CHEMBL564535,2.3198996,CN(C)C[C@H](O)Cc1ccc(Cl)c(c1)C(=O)NCC23CC4CC(CC(C4)C2)C3
CHEMBL1232567,1.2000732,Oc1ccnc2ccccc12
CHEMBL422,3.5897233,CN1CCN(CCCN2c3ccccc3Sc4ccc(cc24)C(F)(F)F)CC1
CHEMBL573735,3.3279443,COc1cc(Nc2cc(Oc3ccc(C)nc3)ccn2)cc(OC)c1OC
CHEMBL2180019,1.5846266,CC1=NC(C)(N=C1N)c2cccc(c2)c3cccnc3
CHEMBL1779006,1.7571502,COc1cc(F)ccc1c2cc(CNC3CCCC3)ccn2
CHEMBL1407985,0.5003104,NC(=N)Nc1oc2ccccc2n1
CHEMBL1356763,1.6288188,Cc1nc2nc(NC(=O)c3ccc(F)cc3)nn2c(O)c1Cc4ccccc4
CHEMBL841,2.8138943,CN(C)C(=O)C(CCN1CCC(O)(CC1)c2ccc(Cl)cc2)(c3ccccc3)c4ccccc4
CHEMBL186665,1.5904489,CN(C)CCCOc1nccc(Nc2cc(NC(=O)c3ccnc(c3)N4CCOCC4)ccc2C)n1
CHEMBL64,-0.78956103,NNC(=O)c1ccncc1
CHEMBL1778641,-0.5534878,CCS(=O)(=O)c1ccc(cc1)c2cc(Cl)ccc2OCC(=O)O
CHEMBL2087856,3.8696957,Cn1cc(cc1c2c3C(=O)N(CC#C)C(=O)N(CC4CC4)c3nn2Cc5ccnc6ccc(Cl)cc56)C#N
CHEMBL1650736,2.6419775,COc1cc(Nc2nc(N[C@@H](C)c3ncc(F)cn3)nc(N4CCOCC4)c2F)n[nH]1
CHEMBL441083,3.5698571,Cc1cccc(Nc2ncnc3ccccc23)c1
CHEMBL550167,1.6716025,OCCCNCCCOc1ccc(Cl)c(c1)C(=O)NCC23CC4CC(CC(C4)C2)C3
CHEMBL1835907,3.4579394,CCOC(=O)c1ccc(OCCC2(CCN(CC2)c3ccc(C)nn3)C#N)cc1
CHEMBL1201173,3.1837401,C[C@H]1C[C@H]2[C@@H]3CC[C@H](C(=O)C)[C@@]3(C)C[C@H](O)[C@@H]2[C@@]4(C)CCC(=O)C=C14
CHEMBL1338338,1.6102792,Fc1ccc(cc1)C(=O)C2CCN(CC2)C(=O)N3CCOCC3
CHEMBL1289232,3.0436862,Cc1cc(Cl)ccc1N2CCN(CC2)C(=O)COCc3ccncc3
CHEMBL341087,1.115219,CC1CN(CCN1)C(=O)c2cc3ccccc3[nH]2
CHEMBL428462,2.0362582,Clc1ccc(cc1)C2(CCNCC2)c3ccc(cc3)c4cn[nH]c4
CHEMBL1184268,1.6537716,Cc1cc(C)cc(c1)c2c(O)nc3cc(Cl)c(cc3c2OCCC4CCCCN4)C(=O)Nc5ccncn5
CHEMBL441479,4.226761,Clc1cccc(C(=O)NCC23CC4CC(CC(C4)C2)C3)c1Cl
CHEMBL1609658,3.3183703,CCOc1ccc(cc1)c2cnc3CCCCCn23
CHEMBL2011912,2.354644,CNc1c(Br)cnc2[nH]c(nc12)c3ccnc(N)c3
CHEMBL1809044,3.583787,COc1cc(ccc1Nc2ncc(Cl)c(n2)c3cnc4ccccn34)N5CCN(CC5)C(=O)C
CHEMBL2036760,3.3167171,FC(F)(F)c1ccc(NC(=O)N2CCN(C[C@@H]3CCCN(C3)C4CC4)CC2)cc1Cl
CHEMBL146095,2.6886637,OCC(O)COC(=O)c1ccccc1Nc2ccnc3cc(Cl)ccc23
CHEMBL511444,1.7135313,CN[C@@H](C)C(=O)N[C@H](C(=O)N1CC[C@H]2CC[C@H](NC(=O)c3cccc4ccccc34)[C@@H]12)C(C)(C)C
CHEMBL1779004,2.544703,COc1cc(F)ccc1c2cccc(CNC3CCCC3)c2
CHEMBL1669156,2.533402,COc1cc(ccc1NC(=O)CN2CCOCC2)c3cccc4C(=O)C=C(Oc34)N5CCOCC5
CHEMBL1669158,2.7381916,CCOc1cc(ccc1NC(=O)CN2CCOCC2)c3cccc4C(=O)C=C(Oc34)N5CCOCC5
CHEMBL319077,2.3767555,C1CN2CCC1C(C2)c3ccc(cc3)c4ccccc4
CHEMBL2036569,3.5458627,Cc1cc(NC(=O)c2oc(Nc3ccccc3F)nn2)ccc1N4CCOCC4
CHEMBL700,0.21935236,Nc1ccc(cc1)S(=O)(=O)Nc2ccccn2
CHEMBL524165,0.9541906,Fc1ccc(CC2=NNC(=O)c3ccccc23)cc1C(=O)N4CCN(CC4)C(=O)C5CCOC5
CHEMBL2059379,2.6461387,CCNC(=O)c1cc2c(c(cnc2[nH]1)c3cnc(OC)c(c3)C4=NNC(=O)O4)n5ccc(n5)C(F)(F)F
CHEMBL334492,1.450089,Clc1cc(Cl)c2c3C(=O)NNC(=O)c3[nH]c2c1
CHEMBL562847,2.8592732,CCCCC(NC(=O)CC1CCN(Cc2ccn(c2)c3ccc(cc3)C(F)(F)F)CC1)C4=CNC(=O)C=C4
CHEMBL2036588,3.2270737,Fc1cccc(Nc2oc(nn2)C(=O)Nc3ccc(nc3)N4CCOCC4)c1
CHEMBL101468,2.2191987,CN(C)CC(O)COc1ccc(Nc2nccc(Nc3cc(C)ccc3F)n2)cc1
CHEMBL1222381,2.6648211,O=C(NC1CC1)c2cc(on2)c3cccs3
CHEMBL1399574,2.1887655,CCOc1ccc(NC(=O)CCc2c(C)nc3nc(C)nn3c2C)cc1
CHEMBL2011910,2.6932068,CNc1c(Br)cnc2[nH]c(nc12)c3cccc(N)c3
CHEMBL139250,2.063146,Nc1nc(N)nc(n1)c2ccc(Cl)cc2
CHEMBL2325695,2.63508,COc1cc(c2nc(cc(n2)C3(CC3)S(=O)(=O)C)N4CCOCC4)c5cc[nH]c5c1
CHEMBL1916275,1.7455528,CN(C1CCCCC1)C(=O)c2c(C)nn(c2NS(=O)(=O)c3ccc(C)cc3)c4ccccc4
CHEMBL1508,1.4925649,CN(C)CCC[C@]1(OCc2cc(ccc12)C#N)c3ccc(F)cc3
CHEMBL101779,1.5264895,COc1ccc(Nc2cc(Nc3ccc(OCC(O)CN(C)C)cc3)ncn2)cc1
CHEMBL435582,3.591088,CC(C)S(=O)(=O)NCC(C)c1ccc(cc1)c2ccc(cc2)C#N
CHEMBL1448843,1.9314209,O=C(CSc1ccccc1)N2CCN(CC2)C(=O)c3occc3
CHEMBL174310,0.8673779,NC1=NC2(CCN(CC2)C(=O)c3ccc(cc3)C#N)Nc4c(F)ccc(F)c14
CHEMBL26,-0.92771626,CCN1CCCC1CNC(=O)c2cc(ccc2OC)S(=O)(=O)N
CHEMBL451,2.4298153,CNC1=Nc2ccc(Cl)cc2C(=[N+]([O-])C1)c3ccccc3
CHEMBL218712,3.3598185,CN(C)C(=O)[C@H](Cc1ccccc1)NC(=O)c2cc3ccsc3[nH]2
CHEMBL262956,1.355214,CC(C)C(NC(=O)CN1C(=O)C(=CN=C1c2cc(F)cc(F)c2)N)C(=O)C(F)(F)F
CHEMBL1418512,1.5286705,CC(C)N(C(C)C)c1nnc(N)s1
CHEMBL182074,3.4320638,CS(=O)(=O)c1ccc(CC(=O)N(C2CC2)C3CCN(CCC(c4ccccc4)c5ccccc5)CC3)cc1
CHEMBL1351571,2.6831145,Nc1ccc(OCc2ccccc2)cc1
CHEMBL1089,-0.56193614,NNCCc1ccccc1
CHEMBL1163492,3.834495,CCN(C1CCN(CCC(c2ccccc2)c3ccccc3)CC1)C(=O)NCc4ccc(F)cc4
CHEMBL1927251,2.9354439,Nc1n[nH]c2ncc3CCCCCCc3c12
CHEMBL2335900,1.6223267,C[C@@H](NC(=O)[C@H]1CCCNC1)c2ccc(Nc3ncc4cc(ccc4n3)c5ccncc5)cc2
CHEMBL1917428,1.6759174,Cc1c(Sc2ccc(Cl)cc2)c3c(C#N)c(Cl)ccc3n1CC(=O)O
CHEMBL1274,1.9417228,CC1(C)NC(=O)N(C1=O)c2ccc(c(c2)C(F)(F)F)[N+](=O)[O-]
CHEMBL412119,2.5760467,NS(=O)(=O)c1ccc2NC(C3CC=CC3c2c1)c4cccc5ccccc45
CHEMBL1682938,3.257114,CC[C@H](NC(=O)c1c([S+](C)[O-])c(nc2ccccc12)c3ccccc3)c4ccccc4
CHEMBL1517664,3.131486,Cc1ccnc(NCc2ccccc2O)c1
CHEMBL2086690,3.5351543,CC(C)c1onc(n1)N2CCN([C@H](C)C2)c3ncc(OCc4ccncc4C#N)cn3
CHEMBL1807820,2.9832108,O[C@@H](CNCCCSCCOCCc1cccc2ccccc12)c3ccc(O)c4NC(=O)Sc34
CHEMBL1809064,3.5183337,COc1cc(ccc1Nc2ncc(Cl)c(n2)c3cnc4ccccn34)N5CCN(CCS(=O)(=O)C)CC5
CHEMBL1739708,2.4700243,COc1ccc(cc1)c2nc(N)s[n+]2c3ccccc3
CHEMBL281266,2.4476094,O=C1NC(=O)C(Cc2ccc3ccccc3c2)S1
CHEMBL2059866,2.7170715,Cc1ccc(cc1NC(=O)c2ccc(OCc3ccccn3)cc2)c4cn(C)cn4
CHEMBL1669154,3.192677,O=C(CN1CCOCC1)Nc2ccc(cc2OCC3CC3)c4cccc5C(=O)C=C(Oc45)N6CCOCC6
CHEMBL315708,3.625585,c1ccc(cc1)c2[nH]nc3ccccc23
CHEMBL139557,1.8996704,CC(O)(C(=O)Nc1ccc(cc1)S(=O)(=O)c2cccnc2)C(F)(F)F
CHEMBL1180272,1.7351788,CCCCC(N1NC(=O)c2nc3cc(Cl)ccc3c(O)c2C1=O)c4ccncc4
CHEMBL142703,-0.56909704,OC12CC3CC(C1)CC(C3)(C2)NCC(=O)N4CCC[C@H]4C#N
CHEMBL1443631,3.6809924,CCOc1ccccc1N2CCN(Cc3c[nH]nc3c4ccc(F)cc4)CC2
CHEMBL685,2.8323174,COC(=O)Nc1nc2ccc(cc2[nH]1)C(=O)c3ccccc3
CHEMBL179190,3.053068,Fc1cc(ccc1C2=CCS(=O)(=O)CC2)N3C[C@H](Cn4nncc4F)OC3=O
CHEMBL1807850,2.1510942,C[C@@H]1CC[C@H](CC1)Oc2nc(N)c3ncn([C@@H]4O[C@H](C)[C@@H](O)[C@H]4O)c3n2
CHEMBL205742,2.027637,CC(C)CN1C(=O)N(C)C(=O)c2c1sc(Cc3ccnc4ccccc34)c2C(=O)N5CC[C@@H](O)C5
CHEMBL153064,1.2552736,CC(=O)C1=Cc2ccc(O)cc2OC1=O
CHEMBL75821,2.5156384,C[C@@](O)(C(=O)Nc1ccc(cc1Cl)S(=O)(=O)NCCN2CCOCC2)C(F)(F)F
CHEMBL50149,2.7062685,[O-][N+](=O)c1cccc2C(=O)C(=O)c3ccccc3c12
CHEMBL1934123,3.1952646,CC(=O)N[C@@H]1CC2(CCN(Cc3ccc4[nH]c5ccccc5c4c3)CC2)c6ccccc16
CHEMBL512607,0.55535674,CC(C)(C)C(=O)N[C@H]1CCCCNC1=O
CHEMBL1669157,1.8855203,Oc1cc(ccc1NC(=O)CN2CCOCC2)c3cccc4C(=O)C=C(Oc34)N5CCOCC5
CHEMBL2177613,0.6493896,CCCSc1c(cnn1c2ccc(cc2)C(=O)O)C(=O)NC3CCCCC3
CHEMBL193610,2.56093,Cc1ccc(cc1)c2c[nH]nn2
CHEMBL1089518,0.5734086,CCCCOc1nc(N)c2NC(=O)N(Cc3cccc(CC(=O)O)c3)c2n1
CHEMBL1527495,1.9603108,O=S(=O)(Nc1cccc2[nH]ncc12)c3cccs3
CHEMBL1951181,1.323118,COc1cc(OC)c(cc1NC(=O)C)S(=O)(=O)NCc2ccccc2N3CCC(CO)CC3
CHEMBL452273,0.92698765,COCCNCc1ccc(cc1)c2cc(C(=O)N)c(NC(=O)N)s2
CHEMBL1934415,2.1627524,C[C@H](NC(=O)c1c(C)nn(C2CCCCC2)c1NS(=O)(=O)c3ccc(C)cc3)C(C)(C)C
CHEMBL243001,2.7626839,CC(C)N1CCC[C@H](CN2C(=Nc3ccc(Oc4ccc(F)cc4)cc3C2=O)C)C1
CHEMBL594707,0.8851149,Nc1ccc2cn[nH]c2c1
CHEMBL560241,2.3812473,Cc1cc(n[nH]1)c2ccc(Cl)c(c2)C(=O)NCC3(O)CCCCCC3
CHEMBL2178735,3.3347874,Nc1ccc(cn1)C(=O)Nc2cccc(c2)c3nc(N4CCOCC4)c5oc6ncccc6c5n3
CHEMBL1609717,2.9343083,Fc1ccc(CNC(=O)CCS(=O)(=O)c2ccc(Br)cc2)cc1
CHEMBL238087,0.019967318,CC1(CC(=O)NC(=N1)N)c2ccccc2
CHEMBL319165,3.313245,CN(C)C(=O)[C@H](Cc1ccccc1)NC(=O)c2cc3ccccc3[nH]2
CHEMBL1087898,2.1381438,C[C@H](Nc1cncc(Nc2ncc(C)s2)n1)c3ncc(F)cn3
CHEMBL255170,3.3893354,Cc1ccc(Oc2ccc(Nc3ncnc4[nH]nc(OCCN5CCC(O)CC5)c34)cc2Cl)cn1
CHEMBL2158824,2.042834,OC(=O)c1ccc(cc1)N2CCC(CN3CCC(CC3)Oc4ccc(Cl)c(Cl)c4)CC2
CHEMBL193233,0.11657786,COc1ccc(cc1N2CC(=O)NS2(=O)=O)c3ccccc3
CHEMBL1945290,1.4696414,CCOc1ccccc1CNCc2cccc(CCNC[C@H](O)c3ccc(O)c4NC(=O)Sc34)c2
CHEMBL1072,-0.517359,CCCCNc1cc(cc(c1Oc2ccccc2)S(=O)(=O)N)C(=O)O
CHEMBL1778630,1.3572049,OC(=O)COc1ccc(cc1c2ccccc2c3ccccc3)C(F)(F)F
CHEMBL1290078,2.0086584,Cc1nc(cs1)C(=O)N2CCCC3(CCN(Cc4ccc(Cl)cc4)CC3)C2
CHEMBL2151326,2.1577692,COc1cc(Nc2nc3c(cc2F)ncn3[C@@H](CO)c4ccc(F)cn4)n[nH]1
CHEMBL1289575,3.0960567,CC1(CCN(CC1)C(=O)COCc2ccncc2)c3ccc(Cl)cc3
CHEMBL2325737,2.5731802,NC1(CCN(CC1)c2ncnc3[nH]ccc23)C(=O)NC(CO)c4ccc(Cl)cc4
CHEMBL32066,1.6884938,CNC(=O)c1cccc(c1c2ccc(CC(C)C)cc2)S(=O)(=O)Nc3ncc(C)nc3OC
CHEMBL14130,1.7469318,Oc1ccc(cc1)[N+](=O)[O-]
CHEMBL1916267,1.4254767,CCC(CC)NC(=O)c1cnn(Cc2ccccc2)c1NS(=O)(=O)c3ccc(C)cc3
CHEMBL187368,3.4128575,Oc1cccc2Oc3ccccc3C(=O)c12
CHEMBL216053,2.5530703,COc1cc2c(Nc3cc(CC(=O)Nc4cccc(F)c4F)[nH]n3)ncnc2cc1OCCCN(CCO)CC(C)C
CHEMBL169186,2.4104905,COc1cc2c(Nc3c(Cl)ccc4OCOc34)ncnc2cc1OCCCN5CCCCC5
CHEMBL1940107,2.57909,COc1cc2ncnc(Oc3cnn(CC(=O)Nc4ccc(cn4)N(C)C)c3)c2cc1OC
CHEMBL335759,3.8311725,C(Cn1c2CCCCc2c3c(nc(nc13)N4CCCC4)N5CCCC5)N6CCOCC6
CHEMBL2086657,3.1191125,CC(C)(C)OC(=O)N1CCN(CC1)c2ncc(OCc3ccc(cc3)S(=O)(=O)C)nn2
CHEMBL11084,0.7396525,CC(C)C(NC(=O)CN1C(=O)C(=CN=C1c2cccs2)N)C(=O)C(F)(F)F
CHEMBL1605804,0.512238,Cc1ccnc2nc(nn12)C(=O)Nc3nccs3
CHEMBL402311,0.0754261,OC(=O)[C@H](Cc1ccc(cc1)N2CCN(CC2)c3ccccc3)NC(=O)c4c(Cl)cccc4Cl
CHEMBL472524,2.5132284,CCNC(=O)Nc1nc2cc(ccc2[nH]1)c3cccnc3
CHEMBL1477036,3.1279302,CCCCC(CC)COC(=O)CC(C(=O)OCC(CC)CCCC)S(=O)(=O)O
CHEMBL315157,2.3790672,CN1CCCC1CCOC(C)(c2ccccc2)c3ccc(Cl)cc3
CHEMBL235763,1.3444419,NC1=NC(CC(=O)N1)c2ccc(Cl)c(Cl)c2
CHEMBL1957366,3.3995261,Oc1c(C#N)c(nc2ccncc12)c3ccc(cc3)c4ccccc4OC(F)(F)F
CHEMBL1623092,2.7172475,NCC(O)(c1ccc(Cl)cc1)c2ccc(Cl)cc2
CHEMBL438,-0.5742066,Cc1ccnc(NS(=O)(=O)c2ccc(N)cc2)n1
CHEMBL1807832,0.73222697,O[C@@H](CNCCOCCCNCCc1cccc(Cl)c1)c2ccc(O)c3NC(=O)Sc23
CHEMBL134908,2.3677168,CN1CCC[C@@H]([C@H]1C(=O)Nc2ccc(OCc3cc(C)nc4ccccc34)cc2)C(=O)NO
CHEMBL36643,2.4083066,COC(=O)COc1ccc(cn1)C(=O)Nc2ccc(F)cc2
CHEMBL1180194,1.1561704,CCC(N1NC(=O)c2nc3cc(Cl)ccc3c(O)c2C1=O)c4ccccn4
CHEMBL2036733,3.4194818,Cc1cccc(Nc2oc(nn2)C(=O)Nc3ccc(nc3)N4CCOCC4)c1
CHEMBL1835910,3.3542361,CCOC(=O)c1ccc(OCC2CN(C2)c3ccc(C)nn3)cc1
CHEMBL1779007,2.3921485,COc1cc(F)ccc1c2cncc(CNC3CCCCC3)c2
CHEMBL1824376,1.7988336,Oc1cccc(NC(=O)c2ccc(OCCCN3CCCC3)cc2OCc4ccccn4)c1
CHEMBL1081772,3.5166361,CC1CC(N(C(=O)C)c2ccccc2)c3ccccc3N1S(=O)(=O)c4ccccc4
CHEMBL496929,3.6698468,OCCc1ccc(NC(=O)c2cc3cc(Cl)ccc3[nH]2)cc1
CHEMBL199147,3.2850618,CCN(C1CCN(CCC(c2ccc(F)cc2)c3ccc(F)cc3)CC1)C(=O)Cc4ccc(cc4)S(=O)(=O)C
CHEMBL15932,2.013909,COc1cccc2[nH]ncc12
CHEMBL558748,2.98181,Clc1ccc2ncccc2c1C(=O)NCC3CCCCC3
CHEMBL237889,2.996574,CN1C(=O)C=C(CCc2ccc3ccccc3c2)N=C1N
